<COLLADA xmlns="http://www.collada.org/2005/11/COLLADASchema" version="1.4.1">
  <asset>
    <created>2026-04-12T22:57:02.371537</created>
    <modified>2026-04-12T22:57:02.371545</modified>
    <up_axis>Y_UP</up_axis>
  </asset>
  <library_effects>
    <effect id="4ac2a749f118411aab5bb4681c38e64f" name="4ac2a749f118411aab5bb4681c38e64f">
      <profile_COMMON>
        <technique sid="common">
          <phong>
            <emission>
              <color>0.0 0.0 0.0 1.0</color>
            </emission>
            <ambient>
              <color>0.0 0.0 0.0 1.0</color>
            </ambient>
            <diffuse>
              <color>0.0 0.0 0.0 1.0</color>
            </diffuse>
            <specular>
              <color>0.0 0.0 0.0 1.0</color>
            </specular>
            <shininess>
              <float>0.0</float>
            </shininess>
            <reflective>
              <color>0.0 0.0 0.0 1.0</color>
            </reflective>
            <reflectivity>
              <float>0.0</float>
            </reflectivity>
            <transparent>
              <color>0.0 0.0 0.0 1.0</color>
            </transparent>
            <transparency>
              <float>1.0</float>
            </transparency>
          </phong>
        </technique>
        <extra>
          <technique profile="GOOGLEEARTH">
            <double_sided>0</double_sided>
          </technique>
        </extra>
      </profile_COMMON>
    </effect>
  </library_effects>
  <library_geometries>
    <geometry id="c6fa86163dca478ab890d49d24ac1759" name="22f02e706c034dcd948dd871e95f0725">
      <mesh>
        <source id="verts-array">
          <float_array count="10536" id="verts-array-array">3.479285 213.2382 -1.258039 -1.159763 206.7694 -1.258039 -11.82957 214.1623 -1.258039 -11.82891 214.1632 -1.258039 -11.82957 214.1632 -1.258039 -7.190516 220.6313 -1.258039 -7.157605 220.6083 -1.258039 3.479285 213.2382 4.014308 -1.159763 206.7694 4.014308 -11.82957 214.1623 4.014308 -11.82891 214.1632 4.014308 -11.82957 214.1632 4.014308 -7.190516 220.6313 4.014308 -7.157605 220.6083 4.014308 159.815 219.9397 -2.575686 159.8148 219.9375 -2.575686 159.3512 214.1648 -2.575686 159.3036 214.1648 -2.575686 159.1193 212.0847 -2.575686 149.6093 212.7776 -2.575686 150.3049 220.632 -2.575686 150.305 220.6327 -2.575686 159.815 219.9399 -2.575686 159.815 219.9397 -2.575686 159.815 219.9397 1.766457 159.8148 219.9375 1.766457 159.3512 214.1648 1.766457 159.3036 214.1648 1.766457 159.1193 212.0847 1.766457 149.6093 212.7776 1.766457 150.3049 220.632 1.766457 150.305 220.6327 1.766457 159.815 219.9399 1.766457 159.815 219.9397 1.766457 11.8295 262.6735 -2.073725 20.87559 257.3604 -2.073725 16.46854 249.9684 -2.073725 7.422435 255.2814 -2.073725 11.8295 262.6735 2.379307 20.87559 257.3604 2.379307 16.46854 249.9684 2.379307 7.422435 255.2814 2.379307 184.1699 226.64 -1.697255 184.1713 226.6443 -1.697255 186.9531 236.1105 -1.697255 198.0868 233.1078 -1.697255 195.3036 223.4057 -1.697255 184.1699 226.6394 -1.697255 184.17 226.64 -1.697255 184.1699 226.64 1.302745 184.1713 226.6443 1.302745 186.9531 236.1105 1.302745 198.0868 233.1078 1.302745 195.3036 223.4057 1.302745 184.1699 226.6394 1.302745 184.17 226.64 1.302745 248.4185 292.0145 -4.614902 255.3771 289.7047 -4.614902 252.362 280.4646 -4.614902 245.4034 282.7744 -4.614902 248.4185 292.0145 -1.614902 255.3771 289.7047 -1.614902 252.362 280.4646 -1.614902 245.4034 282.7744 -1.614902 -329.3719 222.9483 -2.983529 -329.372 222.9483 -2.983529 -329.3719 222.9482 -2.983529 -336.0986 221.7934 -2.983529 -337.9538 231.9576 -2.983529 -331.2271 233.1123 -2.983529 -330.5527 229.4172 -2.983529 -330.5314 229.4172 -2.983529 -329.3719 222.9483 1.950109 -329.372 222.9483 1.950109 -329.3719 222.9482 1.950109 -336.0986 221.7934 1.950109 -337.9538 231.9576 1.950109 -331.2271 233.1123 1.950109 -330.5527 229.4172 1.950109 -330.5314 229.4172 1.950109 3.479253 285.5425 -2.512941 11.13362 279.5365 -2.512941 3.943161 270.2965 -2.512941 -3.943158 276.3025 -2.512941 3.479253 285.5425 1.587059 11.13362 279.5365 1.587059 3.943161 270.2965 1.587059 -3.943158 276.3025 1.587059 124.5584 215.7805 -2.042353 122.703 198.4533 -2.042353 115.2805 199.3773 -2.042353 117.1355 216.7009 -2.042353 117.1359 216.7051 -2.042353 124.5584 215.7812 -2.042353 124.5583 215.7805 -2.042353 124.5584 215.7805 4.497343 122.703 198.4533 4.497343 115.2805 199.3773 4.497343 117.1355 216.7009 4.497343 117.1359 216.7051 4.497343 124.5584 215.7812 4.497343 124.5583 215.7805 4.497343 170.4847 228.2569 -2.732549 170.4844 228.2562 -2.732549 170.4847 228.2561 -2.732549 168.5364 221.7881 -2.732549 168.3972 221.326 -2.732549 166.873 221.788 -2.732549 152.3924 226.1768 -2.732549 152.3926 226.1772 -2.732549 152.3924 226.1773 -2.732549 153.3202 229.4117 -2.732549 153.4005 229.4117 -2.732549 154.4799 232.8758 -2.732549 166.4803 229.412 -2.732549 166.5414 229.412 -2.732549 170.4847 228.2569 0.4901824 170.4844 228.2562 0.4901824 170.4847 228.2561 0.4901824 168.5364 221.7881 0.4901824 168.3972 221.326 0.4901824 166.873 221.788 0.4901824 152.3924 226.1768 0.4901824 152.3926 226.1772 0.4901824 152.3924 226.1773 0.4901824 153.3202 229.4117 0.4901824 153.4005 229.4117 0.4901824 154.4799 232.8758 0.4901824 166.4803 229.412 0.4901824 166.5414 229.412 0.4901824 -0.9278041 258.0534 -1.76 15.77269 246.7344 -1.76 10.90172 239.5733 -1.76 -5.798781 250.6614 -1.76 -0.9278041 258.0534 2.331947 15.77269 246.7344 2.331947 10.90172 239.5733 2.331947 -5.798781 250.6614 2.331947 220.8169 273.9956 -3.548235 229.6311 270.9928 -3.548235 222.6732 251.5885 -3.548235 213.8589 254.5913 -3.548235 220.8169 273.9956 0.05176482 229.6311 270.9928 0.05176482 222.6732 251.5885 0.05176482 213.8589 254.5913 0.05176482 219.1941 245.3514 -2.324706 213.6277 227.5642 -2.324706 205.9733 229.874 -2.324706 211.7716 247.6612 -2.324706 219.1941 245.3514 0.9752944 213.6277 227.5642 0.9752944 205.9733 229.874 0.9752944 211.7716 247.6612 0.9752944 13.91711 228.7171 -1.509019 13.91671 228.7166 -1.509019 13.91711 228.7163 -1.509019 9.005197 221.7863 -1.509019 8.350277 220.8621 -1.509019 8.244128 220.9346 -1.509019 -4.870989 229.8713 -1.509019 -0.695855 236.1083 -1.509019 6.958555 230.7953 -1.509019 8.118312 232.6433 -1.509019 12.89243 229.4102 -1.509019 12.9893 229.4102 -1.509019 13.91711 228.7171 3.231794 13.91671 228.7166 3.231794 13.91711 228.7163 3.231794 9.005197 221.7863 3.231794 8.350277 220.8621 3.231794 8.244128 220.9346 3.231794 -4.870989 229.8713 3.231794 -0.695855 236.1083 3.231794 6.958555 230.7953 3.231794 8.118312 232.6433 3.231794 12.89243 229.4102 3.231794 12.9893 229.4102 3.231794 -233.1104 271.4549 -3.203137 -229.1673 268.4518 -3.203137 -229.1674 264.0628 -3.203137 -232.1829 260.8289 -3.203137 -234.0385 260.5979 -3.203137 -239.1414 263.1391 -3.203137 -239.1412 267.5281 -3.203137 -237.0536 269.145 -3.203137 -233.1104 271.4549 0.7968628 -229.1673 268.4518 0.7968628 -229.1674 264.0628 0.7968628 -232.1829 260.8289 0.7968628 -234.0385 260.5979 0.7968628 -239.1414 263.1391 0.7968628 -239.1412 267.5281 0.7968628 -237.0536 269.145 0.7968628 -367.4098 271.4601 -2.481568 -367.4105 257.138 -2.481568 -378.5441 257.1385 -2.481568 -378.5442 255.0595 -2.481568 -391.0696 255.0601 -2.481568 -391.069 267.3032 -2.481568 -375.5283 267.3024 -2.481568 -375.5281 271.4605 -2.481568 -367.4098 271.4601 5.343735 -367.4105 257.138 5.343735 -378.5441 257.1385 5.343735 -378.5442 255.0595 5.343735 -391.0696 255.0601 5.343735 -391.069 267.3032 5.343735 -375.5283 267.3024 5.343735 -375.5281 271.4605 5.343735 96.95591 226.8695 -1.791372 98.34759 229.4108 -1.791372 99.73932 228.4867 -1.791372 99.73895 228.4862 -1.791372 99.73932 228.4859 -1.791372 90.69336 214.1637 -1.791372 90.60927 214.1637 -1.791372 90.46141 213.9318 -1.791372 90.09445 214.1637 -1.791372 89.9975 214.1637 -1.791372 78.4051 221.5523 -1.791372 78.39981 221.5556 -1.791372 78.39982 221.5556 -1.791372 78.39981 221.5556 -1.791372 84.89436 231.7198 -1.791372 88.53789 229.4107 -1.791372 88.60562 229.4107 -1.791372 89.99734 228.4866 -1.791372 90.00223 228.4931 -1.791372 91.38902 230.5648 -1.791372 93.12729 229.4108 -1.791372 93.24465 229.4108 -1.791372 96.95591 226.8695 4.492415 98.34759 229.4108 4.492415 99.73932 228.4867 4.492415 99.73895 228.4862 4.492415 99.73932 228.4859 4.492415 90.69336 214.1637 4.492415 90.60927 214.1637 4.492415 90.46141 213.9318 4.492415 90.09445 214.1637 4.492415 89.9975 214.1637 4.492415 78.4051 221.5523 4.492415 78.39981 221.5556 4.492415 78.39982 221.5556 4.492415 78.39981 221.5556 4.492415 84.89436 231.7198 4.492415 88.53789 229.4107 4.492415 88.60562 229.4107 4.492415 89.99734 228.4866 4.492415 90.00223 228.4931 4.492415 91.38902 230.5648 4.492415 93.12729 229.4108 4.492415 93.24465 229.4108 4.492415 -15.77256 314.6487 -3.328627 -8.814082 308.8737 -3.328627 -13.91698 302.6366 -3.328627 -10.20579 299.4026 -3.328627 -14.61285 294.0896 -3.328627 -7.422404 288.0836 -3.328627 -14.61288 279.3055 -3.328627 -21.80332 285.0806 -3.328627 -17.86016 289.9316 -3.328627 -28.99373 298.9407 -3.328627 -15.77256 314.6487 1.070557 -8.814082 308.8737 1.070557 -13.91698 302.6366 1.070557 -10.20579 299.4026 1.070557 -14.61285 294.0896 1.070557 -7.422404 288.0836 1.070557 -14.61288 279.3055 1.070557 -21.80332 285.0806 1.070557 -17.86016 289.9316 1.070557 -28.99373 298.9407 1.070557 -52.18456 222.9478 -2.512941 -52.18921 222.9414 -2.512941 -57.75603 227.0995 -2.512941 -61.636 221.7865 -2.512941 -63.32294 219.4762 -2.512941 -66.59134 221.7865 -2.512941 -70.51341 224.5586 -2.512941 -70.51325 224.5588 -2.512941 -70.51341 224.5589 -2.512941 -67.03409 229.4105 -2.512941 -66.91933 229.4105 -2.512941 -60.07546 238.6496 -2.512941 -54.2767 234.2605 -2.512941 -47.782 242.8075 -2.512941 -51.26126 245.3485 -2.512941 -47.0861 251.1235 -2.512941 -36.88028 243.7314 -2.512941 -47.42575 229.4104 -2.512941 -47.31818 229.4104 -2.512941 -52.18456 222.9478 3.415561 -52.18921 222.9414 3.415561 -57.75603 227.0995 3.415561 -61.636 221.7865 3.415561 -63.32294 219.4762 3.415561 -66.59134 221.7865 3.415561 -70.51341 224.5586 3.415561 -70.51325 224.5588 3.415561 -70.51341 224.5589 3.415561 -67.03409 229.4105 3.415561 -66.91933 229.4105 3.415561 -60.07546 238.6496 3.415561 -54.2767 234.2605 3.415561 -47.782 242.8075 3.415561 -51.26126 245.3485 3.415561 -47.0861 251.1235 3.415561 -36.88028 243.7314 3.415561 -47.42575 229.4104 3.415561 -47.31818 229.4104 3.415561 72.83214 309.798 -2.638431 85.12556 301.4821 -2.638431 86.98113 304.0231 -2.638431 90.4604 301.7131 -2.638431 85.12564 293.859 -2.638431 81.64637 296.169 -2.638431 76.3116 288.0839 -2.638431 78.86306 286.4669 -2.638431 62.16285 261.5187 -2.638431 55.90014 265.6767 -2.638431 57.98768 268.6797 -2.638431 49.17352 274.4546 -2.638431 72.83214 309.798 2.040891 85.12556 301.4821 2.040891 86.98113 304.0231 2.040891 90.4604 301.7131 2.040891 85.12564 293.859 2.040891 81.64637 296.169 2.040891 76.3116 288.0839 2.040891 78.86306 286.4669 2.040891 62.16285 261.5187 2.040891 55.90014 265.6767 2.040891 57.98768 268.6797 2.040891 49.17352 274.4546 2.040891 -267.6782 61.91878 -1.665882 -260.7196 57.52899 -1.665882 -267.2148 46.90188 -1.665882 -274.1733 51.06064 -1.665882 -267.6782 61.91878 1.343957 -260.7196 57.52899 1.343957 -267.2148 46.90188 1.343957 -274.1733 51.06064 1.343957 -12.75795 -140.9291 -0.7874508 -6.494963 -145.5497 -0.7874508 -14.84565 -156.4081 -0.7874508 -20.87668 -152.0185 -0.7874508 -12.75795 -140.9291 3.574032 -6.494963 -145.5497 3.574032 -14.84565 -156.4081 3.574032 -20.87668 -152.0185 3.574032 -240.5431 -63.06874 -0.3796077 -232.6566 -68.8447 -0.3796077 -237.296 -74.85132 -0.3796077 -244.9505 -69.07536 -0.3796077 -240.5431 -63.06874 3.007911 -232.6566 -68.8447 3.007911 -237.296 -74.85132 3.007911 -244.9505 -69.07536 3.007911 -217.1155 -78.31733 0.1850982 -203.1981 -88.714 0.1850982 -208.3014 -95.64474 0.1850982 -222.4508 -85.47908 0.1850982 -217.1155 -78.31733 3.485098 -203.1981 -88.714 3.485098 -208.3014 -95.64474 3.485098 -222.4508 -85.47908 3.485098 96.49363 95.414 -1.509019 104.3802 92.41073 -1.509019 101.1329 83.86261 -1.509019 93.24635 86.63486 -1.509019 96.49363 95.414 3.240117 104.3802 92.41073 3.240117 101.1329 83.86261 3.240117 93.24635 86.63486 3.240117 -153.094 -64.22608 1.220392 -148.4548 -67.46057 1.220392 -157.9655 -80.398 1.220392 -162.6046 -77.16351 1.220392 -153.094 -64.22608 4.220392 -148.4548 -67.46057 4.220392 -157.9655 -80.398 4.220392 -162.6046 -77.16351 4.220392 -265.5941 -43.43048 -0.567843 -258.4035 -48.28233 -0.567843 -266.2906 -60.06454 -0.567843 -273.4812 -55.44371 -0.567843 -265.5941 -43.43048 3.985517 -258.4035 -48.28233 3.985517 -266.2906 -60.06454 3.985517 -273.4812 -55.44371 3.985517 30.85176 -321.1316 -0.8815684 42.2182 -321.8246 -0.8815684 41.7543 -328.7555 -0.8815684 30.38785 -328.0624 -0.8815684 30.85176 -321.1316 3.920811 42.2182 -321.8246 3.920811 41.7543 -328.7555 3.920811 30.38785 -328.0624 3.920811 60.54167 -59.83779 -0.9756861 67.26856 -64.92037 -0.9756861 57.29436 -78.32012 -0.9756861 50.56746 -73.23754 -0.9756861 60.54167 -59.83779 3.856895 67.26856 -64.92037 3.856895 57.29436 -78.32012 3.856895 50.56746 -73.23754 3.856895 342.613 -230.7919 0.1223531 333.7982 -228.251 0.1223531 333.7982 -228.2102 0.1223531 330.7826 -227.327 0.1223531 333.1019 -218.7788 0.1223531 344.9323 -222.2437 0.1223531 342.613 -230.7919 4.298075 333.7982 -228.251 4.298075 333.7982 -228.2102 4.298075 330.7826 -227.327 4.298075 333.1019 -218.7788 4.298075 344.9323 -222.2437 4.298075 149.8497 -231.491 -1.63451 157.5046 -234.4943 -1.63451 154.0253 -243.5045 -1.63451 146.1384 -240.5012 -1.63451 149.8497 -231.491 2.12006 157.5046 -234.4943 2.12006 154.0253 -243.5045 2.12006 146.1384 -240.5012 2.12006 121.5447 104.6555 -1.822745 134.7662 103.2696 -1.822745 133.8385 94.72146 -1.822745 120.617 96.10742 -1.822745 121.5447 104.6555 1.402006 134.7662 103.2696 1.402006 133.8385 94.72146 1.402006 120.617 96.10742 1.402006 234.2877 -315.8145 -0.567843 243.5665 -319.7417 -0.567843 239.3914 -328.983 -0.567843 230.3445 -325.0558 -0.567843 234.2877 -315.8145 4.43163 243.5665 -319.7417 4.43163 239.3914 -328.983 4.43163 230.3445 -325.0558 4.43163 12.52573 21.94622 -0.1913724 22.03603 15.47743 -0.1913724 16.93296 7.853464 -0.1913724 7.422663 14.55329 -0.1913724 12.52573 21.94622 6.051144 22.03603 15.47743 6.051144 16.93296 7.853464 6.051144 7.422663 14.55329 6.051144 -211.3136 28.64889 -0.567843 -205.5147 24.49022 -0.567843 -214.5614 12.47696 -0.567843 -220.3603 16.63564 -0.567843 -211.3136 28.64889 2.632157 -205.5147 24.49022 2.632157 -214.5614 12.47696 2.632157 -220.3603 16.63564 2.632157 94.86891 180.6637 -1.477647 105.7708 176.7363 -1.477647 102.5235 167.7261 -1.477647 91.38971 171.8845 -1.477647 94.86891 180.6637 3.15154 105.7708 176.7363 3.15154 102.5235 167.7261 3.15154 91.38971 171.8845 3.15154 -228.9442 -36.03871 0.02823544 -223.1454 -40.1974 0.02823544 -229.1766 -48.74529 0.02823544 -234.9755 -44.81763 0.02823544 -228.9442 -36.03871 4.128235 -223.1454 -40.1974 4.128235 -229.1766 -48.74529 4.128235 -234.9755 -44.81763 4.128235 -125.7246 -189.2132 0.2164707 -116.91 -193.1408 0.2164707 -122.4774 -204.6922 0.2164707 -131.06 -200.7645 0.2164707 -125.7246 -189.2132 4.776453 -116.91 -193.1408 4.776453 -122.4774 -204.6922 4.776453 -131.06 -200.7645 4.776453 -45.23214 -34.65574 0.02823544 -36.4177 -41.1246 0.02823544 -41.98478 -48.74852 0.02823544 -51.03118 -42.27966 0.02823544 -45.23214 -34.65574 4.182912 -36.4177 -41.1246 4.182912 -41.98478 -48.74852 4.182912 -51.03118 -42.27966 4.182912 3.247525 -250.8989 -1.038431 8.118814 -252.9781 -1.038431 3.015564 -265.6847 -1.038431 -2.087698 -263.6055 -1.038431 3.247525 -250.8989 4.676375 8.118814 -252.9781 4.676375 3.015564 -265.6847 4.676375 -2.087698 -263.6055 4.676375 -219.4304 89.64075 -0.8501959 -211.544 84.78893 -0.8501959 -216.6473 76.00997 -0.8501959 -224.7656 80.8618 -0.8501959 -219.4304 89.64075 2.82807 -211.544 84.78893 2.82807 -216.6473 76.00997 2.82807 -224.7656 80.8618 2.82807 77.70721 -107.4296 -1.446274 90.23318 -109.7397 -1.446274 89.07343 -115.5155 -1.446274 76.54746 -112.9743 -1.446274 77.70721 -107.4296 2.649556 90.23318 -109.7397 2.649556 89.07343 -115.5155 2.649556 76.54746 -112.9743 2.649556 -307.8229 -352.0835 0.3419609 -298.5442 -352.3149 0.3419609 -298.7765 -361.0939 0.3419609 -308.2872 -360.8625 0.3419609 -307.8229 -352.0835 5.845847 -298.5442 -352.3149 5.845847 -298.7765 -361.0939 5.845847 -308.2872 -360.8625 5.845847 -174.1992 77.39508 -0.3168626 -162.6016 69.30882 -0.3168626 -165.6171 64.68831 -0.3168626 -177.4467 72.77458 -0.3168626 -174.1992 77.39508 2.867383 -162.6016 69.30882 2.867383 -165.6171 64.68831 2.867383 -177.4467 72.77458 2.867383 -144.509 66.53612 -0.1913724 -136.1587 61.91539 -0.1913724 -139.6381 55.21562 -0.1913724 -147.9885 59.83635 -0.1913724 -144.509 66.53612 2.808628 -136.1587 61.91539 2.808628 -139.6381 55.21562 2.808628 -147.9885 59.83635 2.808628 -94.87003 87.32797 -0.1599998 -81.18472 77.85563 -0.1599998 -86.5198 70.46276 -0.1599998 -99.97316 80.16614 -0.1599998 -94.87003 87.32797 4.929585 -81.18472 77.85563 4.929585 -86.5198 70.46276 4.929585 -99.97316 80.16614 4.929585 -45.69576 15.93959 0.02823544 -36.88138 10.16382 0.02823544 -46.62371 -4.159919 0.02823544 -55.4381 1.84689 0.02823544 -45.69576 15.93959 6.009852 -36.88138 10.16382 6.009852 -46.62371 -4.159919 6.009852 -55.4381 1.84689 6.009852 110.8805 -299.8762 -1.979608 120.6232 -303.1105 -1.979608 117.8397 -311.8896 -1.979608 108.097 -308.6553 -1.979608 110.8805 -299.8762 1.917973 120.6232 -303.1105 1.917973 117.8397 -311.8896 1.917973 108.097 -308.6553 1.917973 -25.28321 86.86538 -0.1913724 -15.54107 80.8586 -0.1913724 -20.41217 73.00363 -0.1913724 -30.15432 78.77938 -0.1913724 -25.28321 86.86538 6.274894 -15.54107 80.8586 6.274894 -20.41217 73.00363 6.274894 -30.15432 78.77938 6.274894 -25.28286 197.5283 -1.289412 -14.61304 190.8284 -1.289412 -20.64384 181.5872 -1.289412 -31.08171 188.2871 -1.289412 -25.28286 197.5283 3.344325 -14.61304 190.8284 3.344325 -20.64384 181.5872 3.344325 -31.08171 188.2871 3.344325 -114.1221 108.3519 -0.1913724 -108.5552 103.9622 -0.1913724 -115.2821 95.18323 -0.1913724 -121.0809 99.57286 -0.1913724 -114.1221 108.3519 3.131361 -108.5552 103.9622 3.131361 -115.2821 95.18323 3.131361 -121.0809 99.57286 3.131361 -88.83868 131.2234 -0.1913724 -77.93687 124.2924 -0.1913724 -84.19976 114.5893 -0.1913724 -95.10157 121.7513 -0.1913724 -88.83868 131.2234 6.515945 -77.93687 124.2924 6.515945 -84.19976 114.5893 6.515945 -95.10157 121.7513 6.515945 316.6161 185.059 -5.587451 321.4873 179.2835 -5.587451 310.5859 170.2729 -5.587451 305.7146 176.0485 -5.587451 316.6161 185.059 -1.530593 321.4873 179.2835 -1.530593 310.5859 170.2729 -1.530593 305.7146 176.0485 -1.530593 -332.1687 -91.71298 -0.8501959 -323.1224 -97.02703 -0.8501959 -327.298 -104.1887 -0.8501959 -336.3443 -98.8747 -0.8501959 -332.1687 -91.71298 2.355156 -323.1224 -97.02703 2.355156 -327.298 -104.1887 2.355156 -336.3443 -98.8747 2.355156 -244.0242 -120.1328 -0.003137112 -232.8903 -127.9881 -0.003137112 -236.1379 -132.6086 -0.003137112 -247.2718 -124.7532 -0.003137112 -244.0242 -120.1328 2.996863 -232.8903 -127.9881 2.996863 -236.1379 -132.6086 2.996863 -247.2718 -124.7532 2.996863 -209.455 135.8463 -1.791372 -203.8882 131.9186 -1.791372 -212.0069 120.5984 -1.791372 -217.5738 124.5261 -1.791372 -209.455 135.8463 2.28209 -203.8882 131.9186 2.28209 -212.0069 120.5984 2.28209 -217.5738 124.5261 2.28209 109.022 -101.6535 -2.356078 116.9087 -103.2706 -2.356078 115.0531 -111.8187 -2.356078 107.1664 -110.2016 -2.356078 109.022 -101.6535 0.6439219 116.9087 -103.2706 0.6439219 115.0531 -111.8187 0.6439219 107.1664 -110.2016 0.6439219 -365.803 -91.0184 -1.289412 -355.597 -96.79459 -1.289412 -359.7726 -104.1873 -1.289412 -369.9787 -98.64216 -1.289412 -365.803 -91.0184 1.791198 -355.597 -96.79459 1.791198 -359.7726 -104.1873 1.791198 -369.9787 -98.64216 1.791198 12.29368 85.01712 -0.3796077 17.39672 81.08964 -0.3796077 10.43804 72.31052 -0.3796077 5.566954 76.23801 -0.3796077 12.29368 85.01712 10.11848 17.39672 81.08964 10.11848 10.43804 72.31052 10.11848 5.566954 76.23801 10.11848 -330.3151 -141.6153 -0.1913724 -323.8203 -146.4672 -0.1913724 -329.3877 -153.3978 -0.1913724 -335.6505 -148.5459 -0.1913724 -330.3151 -141.6153 2.808628 -323.8203 -146.4672 2.808628 -329.3877 -153.3978 2.808628 -335.6505 -148.5459 2.808628 -157.5042 -215.3189 0.02823544 -148.9216 -219.0155 0.02823544 -154.2571 -231.722 0.02823544 -163.0717 -227.7943 0.02823544 -157.5042 -215.3189 4.738398 -148.9216 -219.0155 4.738398 -154.2571 -231.722 4.738398 -163.0717 -227.7943 4.738398 -9.046401 -11.55298 -0.3482351 -0.9278365 -16.17356 -0.3482351 -6.958783 -26.56986 -0.3482351 -15.07735 -21.94927 -0.3482351 -9.046401 -11.55298 5.328637 -0.9278365 -16.17356 5.328637 -6.958783 -26.56986 5.328637 -15.07735 -21.94927 5.328637 25.05225 -225.0236 -1.383529 34.09891 -228.72 -1.383529 29.69161 -239.8094 -1.383529 20.64494 -236.344 -1.383529 25.05225 -225.0236 3.296727 34.09891 -228.72 3.296727 29.69161 -239.8094 3.296727 20.64494 -236.344 3.296727 83.27208 101.1896 -1.195294 92.7823 98.41733 -1.195294 89.53504 87.32791 -1.195294 80.02482 90.10015 -1.195294 83.27208 101.1896 3.362834 92.7823 98.41733 3.362834 89.53504 87.32791 3.362834 80.02482 90.10015 3.362834 -59.84575 -55.44825 -0.03450966 -49.40759 -63.76536 -0.03450966 -57.75825 -73.93057 -0.03450966 -68.19641 -65.61345 -0.03450966 -59.84575 -55.44825 5.879618 -49.40759 -63.76536 5.879618 -57.75825 -73.93057 5.879618 -68.19641 -65.61345 5.879618 21.10841 -63.76549 -0.3796077 27.1394 -68.38604 -0.3796077 21.3404 -76.01002 -0.3796077 15.30941 -71.62048 -0.3796077 21.10841 -63.76549 2.762314 27.1394 -68.38604 2.762314 21.3404 -76.01002 2.762314 15.30941 -71.62048 2.762314 273.7075 107.4317 -1.88549 284.3777 99.80811 -1.88549 278.1152 91.49084 -1.88549 267.6769 99.11444 -1.88549 273.7075 107.4317 1.674671 284.3777 99.80811 1.674671 278.1152 91.49084 1.674671 267.6769 99.11444 1.674671 40.12824 118.9785 -0.7874508 51.26211 114.589 -0.7874508 47.55089 105.1168 -0.7874508 36.417 109.5063 -0.7874508 40.12824 118.9785 5.224577 51.26211 114.589 5.224577 47.55089 105.1168 5.224577 36.417 109.5063 5.224577 84.43146 138.1542 -1.163921 95.56534 133.5338 -1.163921 92.08612 124.9857 -1.163921 80.95224 129.3751 -1.163921 84.43146 138.1542 2.436079 95.56534 133.5338 2.436079 92.08612 124.9857 2.436079 80.95224 129.3751 2.436079 125.4945 -304.9586 -1.979608 131.5257 -307.7309 -1.979608 125.2628 -321.1306 -1.979608 119.2316 -318.3584 -1.979608 125.4945 -304.9586 1.343717 131.5257 -307.7309 1.343717 125.2628 -321.1306 1.343717 119.2316 -318.3584 1.343717 -47.78388 -65.15154 -0.1913724 -37.57764 -71.38938 -0.1913724 -44.0726 -82.2477 -0.1913724 -54.51081 -76.00986 -0.1913724 -47.78388 -65.15154 5.521565 -37.57764 -71.38938 5.521565 -44.0726 -82.2477 5.521565 -54.51081 -76.00986 5.521565 -22.73264 -238.8854 -0.7874508 -16.23761 -241.6577 -0.7874508 -20.87695 -253.2091 -0.7874508 -27.37199 -250.6678 -0.7874508 -22.73264 -238.8854 3.615834 -16.23761 -241.6577 3.615834 -20.87695 -253.2091 3.615834 -27.37199 -250.6678 3.615834 170.2639 -286.7065 -0.8815684 178.1508 -289.9407 -0.8815684 173.7437 -300.1061 -0.8815684 165.8567 -296.8719 -0.8815684 170.2639 -286.7065 3.957305 178.1508 -289.9407 3.957305 173.7437 -300.1061 3.957305 165.8567 -296.8719 3.957305 -167.9362 89.17742 -0.4423528 -154.9468 81.32217 -0.4423528 -158.1943 76.2396 -0.4423528 -170.9517 83.86382 -0.4423528 -167.9362 89.17742 2.557647 -154.9468 81.32217 2.557647 -158.1943 76.2396 2.557647 -170.9517 83.86382 2.557647 51.72666 18.01889 -0.3796077 59.38131 13.62939 -0.3796077 54.27829 4.619229 -0.3796077 46.62364 8.7777 -0.3796077 51.72666 18.01889 2.620392 59.38131 13.62939 2.620392 54.27829 4.619229 2.620392 46.62364 8.7777 2.620392 -182.5499 66.53691 -0.1913724 -171.6481 59.83683 -0.1913724 -174.6636 55.21632 -0.1913724 -185.5655 61.91641 -0.1913724 -182.5499 66.53691 2.808628 -171.6481 59.83683 2.808628 -174.6636 55.21632 2.808628 -185.5655 61.91641 2.808628 -88.37432 171.4224 -1.414902 -80.256 165.8777 -1.414902 -88.14256 154.0953 -1.414902 -96.49284 159.6401 -1.414902 -88.37432 171.4224 5.094747 -80.256 165.8777 5.094747 -88.14256 154.0953 5.094747 -96.49284 159.6401 5.094747 -230.1137 -364.3307 -0.09725475 -229.8821 -378.4234 -0.09725475 -235.6813 -378.4232 -0.09725475 -235.9129 -364.3305 -0.09725475 -230.1137 -364.3307 2.902745 -229.8821 -378.4234 2.902745 -235.6813 -378.4232 2.902745 -235.9129 -364.3305 2.902745 -289.0215 -28.41277 -0.6619606 -277.8877 -35.34404 -0.6619606 -281.5993 -41.35066 -0.6619606 -292.7331 -34.41939 -0.6619606 -289.0215 -28.41277 2.338039 -277.8877 -35.34404 2.338039 -281.5993 -41.35066 2.338039 -292.7331 -34.41939 2.338039 215.7314 -358.5553 -0.7874508 221.5307 -359.9414 -0.7874508 218.0515 -372.8791 -0.7874508 212.2522 -371.262 -0.7874508 215.7314 -358.5553 2.762483 221.5307 -359.9414 2.762483 218.0515 -372.8791 2.762483 212.2522 -371.262 2.762483 -333.3314 -160.7906 0.02823544 -324.0531 -166.1046 0.02823544 -327.5328 -172.3423 0.02823544 -337.0431 -167.0282 0.02823544 -333.3314 -160.7906 13.30332 -324.0531 -166.1046 13.30332 -327.5328 -172.3423 13.30332 -337.0431 -167.0282 13.30332 126.8793 126.3723 -1.477647 134.5339 124.7552 -1.477647 132.2145 115.052 -1.477647 124.5599 116.6691 -1.477647 126.8793 126.3723 2.361553 134.5339 124.7552 2.361553 132.2145 115.052 2.361553 124.5599 116.6691 2.361553 201.1107 -100.2655 -1.446274 214.5645 -102.3444 -1.446274 212.9411 -112.5097 -1.446274 199.4872 -110.4308 -1.446274 201.1107 -100.2655 3.411465 214.5645 -102.3444 3.411465 212.9411 -112.5097 3.411465 199.4872 -110.4308 3.411465 340.5074 182.0567 -5.712941 332.6213 174.6634 -5.712941 327.2861 180.4389 -5.712941 335.1722 187.8321 -5.712941 340.5074 182.0567 -1.938364 332.6213 174.6634 -1.938364 327.2861 180.4389 -1.938364 335.1722 187.8321 -1.938364 -198.7863 90.79535 -0.567843 -191.3638 85.01944 -0.567843 -200.4104 73.46822 -0.567843 -207.8329 79.24413 -0.567843 -198.7863 90.79535 2.64459 -191.3638 85.01944 2.64459 -200.4104 73.46822 2.64459 -207.8329 79.24413 2.64459 -11.1341 -60.5311 -0.1913724 -0.4639213 -68.15506 -0.1913724 -5.799022 -75.54798 -0.1913724 -16.46921 -67.69299 -0.1913724 -11.1341 -60.5311 4.490938 -0.4639213 -68.15506 4.490938 -5.799022 -75.54798 4.490938 -16.46921 -67.69299 4.490938 -183.7075 160.1037 -0.9443135 -176.0532 154.3278 -0.9443135 -185.0996 143.0076 -0.9443135 -192.754 149.0145 -0.9443135 -183.7075 160.1037 2.309772 -176.0532 154.3278 2.309772 -185.0996 143.0076 2.309772 -192.754 149.0145 2.309772 -10.438 107.1959 -0.3796077 0.9278228 99.80296 -0.3796077 -5.566944 89.86872 -0.3796077 -16.93277 97.26166 -0.3796077 -10.438 107.1959 6.115409 0.9278228 99.80296 6.115409 -5.566944 89.86872 6.115409 -16.93277 97.26166 6.115409 59.61473 -178.8177 -1.854117 70.28509 -180.8968 -1.854117 68.66142 -189.4449 -1.854117 57.75908 -187.1347 -1.854117 59.61473 -178.8177 2.840902 70.28509 -180.8968 2.840902 68.66142 -189.4449 2.840902 57.75908 -187.1347 2.840902 155.1766 189.6748 -1.854117 163.527 182.9751 -1.854117 157.7284 175.8131 -1.854117 149.3779 182.2817 -1.854117 155.1766 189.6748 2.790605 163.527 182.9751 2.790605 157.7284 175.8131 2.790605 149.3779 182.2817 2.790605 -109.2502 165.4159 -1.069804 -101.3639 159.1781 -1.069804 -106.235 152.9403 -1.069804 -114.1213 158.9472 -1.069804 -109.2502 165.4159 9.480429 -101.3639 159.1781 9.480429 -106.235 152.9403 9.480429 -114.1213 158.9472 9.480429 145.2057 24.48887 -2.418823 158.8912 21.0237 -2.418823 156.8038 12.24456 -2.418823 143.1182 15.70973 -2.418823 145.2057 24.48887 0.5811768 158.8912 21.0237 0.5811768 156.8038 12.24456 0.5811768 143.1182 15.70973 0.5811768 -259.1026 -144.1593 -0.03450966 -250.0562 -150.3974 -0.03450966 -257.4794 -161.4865 -0.03450966 -266.7577 -155.2484 -0.03450966 -259.1026 -144.1593 3.189322 -250.0562 -150.3974 3.189322 -257.4794 -161.4865 3.189322 -266.7577 -155.2484 3.189322 10.20602 125.9092 -0.567843 18.32445 119.9025 -0.567843 12.29363 112.0475 -0.567843 4.175193 118.0542 -0.567843 10.20602 125.9092 5.521597 18.32445 119.9025 5.521597 12.29363 112.0475 5.521597 4.175193 118.0542 5.521597 173.501 184.1304 -1.665882 185.7947 175.3516 -1.665882 178.3724 165.1862 -1.665882 166.0787 174.196 -1.665882 173.501 184.1304 3.29797 185.7947 175.3516 3.29797 178.3724 165.1862 3.29797 166.0787 174.196 3.29797 232.8886 -72.77219 -1.446274 244.4868 -76.23727 -1.446274 242.1674 -84.55438 -1.446274 230.3373 -81.0893 -1.446274 232.8886 -72.77219 2.159894 244.4868 -76.23727 2.159894 242.1674 -84.55438 2.159894 230.3373 -81.0893 2.159894 -222.2176 -41.35257 0.1223531 -209.9239 -50.36303 0.1223531 -214.7953 -57.06274 0.1223531 -227.0889 -47.82124 0.1223531 -222.2176 -41.35257 3.622353 -209.9239 -50.36303 3.622353 -214.7953 -57.06274 3.622353 -227.0889 -47.82124 3.622353 -207.14 -35.34623 0.404706 -199.0216 -40.89113 0.404706 -204.1249 -48.0529 0.404706 -212.2433 -42.50799 0.404706 -207.14 -35.34623 4.304706 -199.0216 -40.89113 4.304706 -204.1249 -48.0529 4.304706 -212.2433 -42.50799 4.304706 -192.7551 102.1156 -0.912941 -183.2451 94.95349 -0.912941 -187.8844 88.71582 -0.912941 -197.3944 95.87795 -0.912941 -192.7551 102.1156 2.087059 -183.2451 94.95349 2.087059 -187.8844 88.71582 2.087059 -197.3944 95.87795 2.087059 284.3757 154.0999 -5.493333 289.4789 149.7106 -5.493333 282.9844 142.0864 -5.493333 277.8813 146.7068 -5.493333 284.3757 154.0999 -1.651556 289.4789 149.7106 -1.651556 282.9844 142.0864 -1.651556 277.8813 146.7068 -1.651556 -135.9263 84.09417 -0.3796077 -129.8955 79.93555 -0.3796077 -137.5503 68.84629 -0.3796077 -143.5811 73.00492 -0.3796077 -135.9263 84.09417 3.089891 -129.8955 79.93555 3.089891 -137.5503 68.84629 3.089891 -143.5811 73.00492 3.089891 -354.4445 -258.9769 0.2164707 -344.0063 -266.1393 0.2164707 -349.1099 -273.763 0.2164707 -359.7801 -266.8316 0.2164707 -354.4445 -258.9769 3.762872 -344.0063 -266.1393 3.762872 -349.1099 -273.763 3.762872 -359.7801 -266.8316 3.762872 -306.4179 -13.39524 -1.101176 -300.3871 -17.78502 -1.101176 -307.8102 -28.18103 -1.101176 -313.841 -23.79124 -1.101176 -306.4179 -13.39524 2.075328 -300.3871 -17.78502 2.075328 -307.8102 -28.18103 2.075328 -313.841 -23.79124 2.075328 -241.0037 44.12868 -0.9756861 -234.0451 39.27687 -0.9756861 -242.164 27.49464 -0.9756861 -249.3545 32.34647 -0.9756861 -241.0037 44.12868 2.024314 -234.0451 39.27687 2.024314 -242.164 27.49464 2.024314 -249.3545 32.34647 2.024314 -171.6461 152.0174 -0.5364704 -164.9195 147.1656 -0.5364704 -174.6619 133.3041 -0.5364704 -181.6204 138.1559 -0.5364704 -171.6461 152.0174 2.46353 -164.9195 147.1656 2.46353 -174.6619 133.3041 2.46353 -181.6204 138.1559 2.46353 11.36634 -254.8264 -1.163921 16.4696 -256.9056 -1.163921 11.1344 -270.0743 -1.163921 6.031131 -267.764 -1.163921 11.36634 -254.8264 4.275617 16.4696 -256.9056 4.275617 11.1344 -270.0743 4.275617 6.031131 -267.764 4.275617 116.6742 67.6908 -1.948235 130.3597 65.84279 -1.948235 128.9681 55.21543 -1.948235 115.2826 56.83242 -1.948235 116.6742 67.6908 1.329007 130.3597 65.84279 1.329007 128.9681 55.21543 1.329007 115.2826 56.83242 1.329007 -234.7452 -103.499 0.1223531 -220.132 -114.8198 0.1223531 -226.1632 -122.6746 0.1223531 -240.7765 -111.3538 0.1223531 -234.7452 -103.499 3.122353 -220.132 -114.8198 3.122353 -226.1632 -122.6746 3.122353 -240.7765 -111.3538 3.122353 85.82401 63.53189 -1.383529 96.72601 60.99069 -1.383529 94.87045 53.13569 -1.383529 83.96844 55.67688 -1.383529 85.82401 63.53189 3.358788 96.72601 60.99069 3.358788 94.87045 53.13569 3.358788 83.96844 55.67688 3.358788 -329.6155 -52.90024 -1.509019 -316.3941 -62.14194 -1.509019 -321.7295 -69.53465 -1.509019 -334.9509 -60.29294 -1.509019 -329.6155 -52.90024 2.613171 -316.3941 -62.14194 2.613171 -321.7295 -69.53465 2.613171 -334.9509 -60.29294 2.613171 -245.1843 -129.1429 -0.003137112 -236.3699 -135.3809 -0.003137112 -240.5455 -141.6186 -0.003137112 -249.5918 -135.3805 -0.003137112 -245.1843 -129.1429 4.028806 -236.3699 -135.3809 4.028806 -240.5455 -141.6186 4.028806 -249.5918 -135.3805 4.028806 264.2119 -328.2891 -0.3796077 273.0269 -331.9853 -0.3796077 267.692 -344.692 -0.3796077 258.8771 -340.7648 -0.3796077 264.2119 -328.2891 4.402664 273.0269 -331.9853 4.402664 267.692 -344.692 4.402664 258.8771 -340.7648 4.402664 -99.51191 -130.3012 -0.06588221 -91.85721 -135.846 -0.06588221 -99.04818 -145.7801 -0.06588221 -106.7029 -140.2353 -0.06588221 -99.51191 -130.3012 3.334118 -91.85721 -135.846 3.334118 -99.04818 -145.7801 3.334118 -106.7029 -140.2353 3.334118 -20.87681 -200.5346 -0.7874508 -10.90234 -205.3862 -0.7874508 -17.39738 -219.4789 -0.7874508 -27.60383 -214.6273 -0.7874508 -20.87681 -200.5346 2.823111 -10.90234 -205.3862 2.823111 -17.39738 -219.4789 2.823111 -27.60383 -214.6273 2.823111 135.4609 168.4197 -1.571764 143.5794 163.7993 -1.571764 139.1724 156.4063 -1.571764 131.0539 161.0267 -1.571764 135.4609 168.4197 1.434292 143.5794 163.7993 1.434292 139.1724 156.4063 1.434292 131.0539 161.0267 1.434292 133.6056 150.6305 -1.383529 143.3478 146.7031 -1.383529 140.5644 140.0033 -1.383529 131.0542 143.9306 -1.383529 133.6056 150.6305 2.316471 143.3478 146.7031 2.316471 140.5644 140.0033 2.316471 131.0542 143.9306 2.316471 268.1515 -212.7746 -0.1913724 277.6621 -215.3155 -0.1913724 274.4151 -228.4843 -0.1913724 264.6724 -225.9433 -0.1913724 268.1515 -212.7746 3.421351 277.6621 -215.3155 3.421351 274.4151 -228.4843 3.421351 264.6724 -225.9433 3.421351 -314.0704 40.66583 -1.63451 -307.1119 35.12086 -1.63451 -316.3906 23.56979 -1.63451 -323.3492 29.11476 -1.63451 -314.0704 40.66583 2.402847 -307.1119 35.12086 2.402847 -316.3906 23.56979 2.402847 -323.3492 29.11476 2.402847 222.6797 21.94937 -3.077647 232.19 19.40832 -3.077647 229.8707 10.86019 -3.077647 220.3603 13.40123 -3.077647 222.6797 21.94937 2.278484 232.19 19.40832 2.278484 229.8707 10.86019 2.278484 220.3603 13.40123 2.278484 -336.118 -231.4853 0.2164707 -325.9118 -238.6476 0.2164707 -333.1032 -249.0436 0.2164707 -343.5413 -241.8812 0.2164707 -336.118 -231.4853 3.643142 -325.9118 -238.6476 3.643142 -333.1032 -249.0436 3.643142 -343.5413 -241.8812 3.643142 305.0281 -64.45268 -0.1913724 313.1468 -66.99367 -0.1913724 309.6679 -78.77629 -0.1913724 301.5492 -76.23528 -0.1913724 305.0281 -64.45268 3.227268 313.1468 -66.99367 3.227268 309.6679 -78.77629 3.227268 301.5492 -76.23528 3.227268 -324.7475 -130.5261 -0.1913724 -315.2373 -137.2264 -0.1913724 -318.9489 -142.5399 -0.1913724 -328.4591 -135.8397 -0.1913724 -324.7475 -130.5261 2.930404 -315.2373 -137.2264 2.930404 -318.9489 -142.5399 2.930404 -328.4591 -135.8397 2.930404 -283.9159 41.12674 -1.195294 -276.4934 36.73693 -1.195294 -281.8288 27.49596 -1.195294 -289.2513 31.65475 -1.195294 -283.9159 41.12674 3.341006 -276.4934 36.73693 3.341006 -281.8288 27.49596 3.341006 -289.2513 31.65475 3.341006 -1.855662 30.72531 -0.1913724 9.046359 24.94959 -0.1913724 4.871121 17.55666 -0.1913724 -6.030907 23.33239 -0.1913724 -1.855662 30.72531 4.523576 9.046359 24.94959 4.523576 4.871121 17.55666 4.523576 -6.030907 23.33239 4.523576 -298.3003 -39.03976 -0.9756861 -290.6458 -44.58474 -0.9756861 -296.2132 -52.20848 -0.9756861 -303.8676 -46.6635 -0.9756861 -298.3003 -39.03976 2.316323 -290.6458 -44.58474 2.316323 -296.2132 -52.20848 2.316323 -303.8676 -46.6635 2.316323 -249.1244 -25.41077 -0.03450966 -234.9752 -35.57647 -0.03450966 -238.6867 -40.659 -0.03450966 -252.8359 -30.26225 -0.03450966 -249.1244 -25.41077 3.302614 -234.9752 -35.57647 3.302614 -238.6867 -40.659 3.302614 -252.8359 -30.26225 3.302614 -202.729 112.5122 -1.195294 -194.8426 106.5052 -1.195294 -201.1056 98.18833 -1.195294 -208.992 104.1953 -1.195294 -202.729 112.5122 2.457641 -194.8426 106.5052 2.457641 -201.1056 98.18833 2.457641 -208.992 104.1953 2.457641 -30.85051 -1.618679 -0.1286273 -18.32475 -8.780614 -0.1286273 -22.03611 -15.24941 -0.1286273 -34.79383 -8.087472 -0.1286273 -30.85051 -1.618679 2.871373 -18.32475 -8.780614 2.871373 -22.03611 -15.24941 2.871373 -34.79383 -8.087472 2.871373 48.71186 -87.79237 -1.038431 61.70176 -96.8024 -1.038431 56.59866 -103.9643 -1.038431 43.60875 -94.95429 -1.038431 48.71186 -87.79237 3.193705 61.70176 -96.8024 3.193705 56.59866 -103.9643 3.193705 43.60875 -94.95429 3.193705 346.7793 -25.17603 -0.1599998 343.0686 -39.73102 -0.1599998 337.0376 -38.3451 -0.1599998 340.5163 -23.79013 -0.1599998 346.7793 -25.17603 6.514788 343.0686 -39.73102 6.514788 337.0376 -38.3451 6.514788 340.5163 -23.79013 6.514788 177.4453 135.8455 -2.01098 185.3319 129.3769 -2.01098 180.461 123.37 -2.01098 172.5744 130.0696 -2.01098 177.4453 135.8455 1.498864 185.3319 129.3769 1.498864 180.461 123.37 1.498864 172.5744 130.0696 1.498864 59.38289 -194.9897 -2.418823 74.22863 -196.6068 -2.418823 73.5328 -203.5376 -2.418823 58.68705 -201.9206 -2.418823 59.38289 -194.9897 1.77943 74.22863 -196.6068 1.77943 73.5328 -203.5376 1.77943 58.68705 -201.9206 1.77943 -133.3823 -356.0159 -0.1913724 -133.3824 -364.1019 -0.1913724 -153.3318 -364.3325 -0.1913724 -153.3316 -356.2465 -0.1913724 -133.3823 -356.0159 5.159458 -133.3824 -364.1019 5.159458 -153.3318 -364.3325 5.159458 -153.3316 -356.2465 5.159458 60.54124 -4.852911 -0.7874508 70.97944 -10.39752 -0.7874508 62.39709 -27.03167 -0.7874508 51.72692 -21.71808 -0.7874508 60.54124 -4.852911 4.933959 70.97944 -10.39752 4.933959 62.39709 -27.03167 4.933959 51.72692 -21.71808 4.933959 -230.5669 1.61905 -0.1286273 -215.2578 -7.391512 -0.1286273 -219.6652 -14.55329 -0.1286273 -234.7423 -5.311694 -0.1286273 -230.5669 1.61905 2.871373 -215.2578 -7.391512 2.871373 -219.6652 -14.55329 2.871373 -234.7423 -5.311694 2.871373 -289.9456 72.5469 -1.791372 -274.6368 64.46033 -1.791372 -278.5803 57.06755 -1.791372 -293.8892 65.15412 -1.791372 -289.9456 72.5469 2.023689 -274.6368 64.46033 2.023689 -278.5803 57.06755 2.023689 -293.8892 65.15412 2.023689 -367.8958 -199.3708 0.2164707 -360.0092 -205.609 0.2164707 -372.5361 -221.5494 0.2164707 -380.4226 -215.5423 0.2164707 -367.8958 -199.3708 3.785459 -360.0092 -205.609 3.785459 -372.5361 -221.5494 3.785459 -380.4226 -215.5423 3.785459 -352.5819 -105.1118 -0.3796077 -344.2315 -111.5809 -0.3796077 -356.5262 -127.5214 -0.3796077 -364.8766 -121.0522 -0.3796077 -352.5819 -105.1118 3.34151 -344.2315 -111.5809 3.34151 -356.5262 -127.5214 3.34151 -364.8766 -121.0522 3.34151 300.6222 -100.2623 -0.2541175 315.4679 -104.1892 -0.2541175 313.1487 -112.9684 -0.2541175 298.303 -108.8105 -0.2541175 300.6222 -100.2623 5.268769 315.4679 -104.1892 5.268769 313.1487 -112.9684 5.268769 298.303 -108.8105 5.268769 -218.9783 -334.9903 -0.1913724 -218.5148 -350.4693 -0.1913724 -224.546 -350.4691 -0.1913724 -225.0095 -334.9901 -0.1913724 -218.9783 -334.9903 2.808628 -218.5148 -350.4693 2.808628 -224.546 -350.4691 2.808628 -225.0095 -334.9901 2.808628 286.4735 -125.9071 -0.1599998 295.9841 -128.217 -0.1599998 291.8094 -145.3133 -0.1599998 282.5308 -143.0033 -0.1599998 286.4735 -125.9071 4.266142 295.9841 -128.217 4.266142 291.8094 -145.3133 4.266142 282.5308 -143.0033 4.266142 12.06218 -213.7032 -1.163921 17.86131 -216.2445 -1.163921 11.13434 -231.0304 -1.163921 5.335204 -228.2581 -1.163921 12.06218 -213.7032 1.836079 17.86131 -216.2445 1.836079 11.13434 -231.0304 1.836079 5.335204 -228.2581 1.836079 -292.0309 135.8489 -2.669804 -281.1293 128.6866 -2.669804 -291.3359 112.746 -2.669804 -302.2375 119.9083 -2.669804 -292.0309 135.8489 1.47984 -281.1293 128.6866 1.47984 -291.3359 112.746 1.47984 -302.2375 119.9083 1.47984 139.1785 -186.2096 -2.481568 144.0499 -197.7609 -2.481568 128.9724 -203.999 -2.481568 124.1009 -192.6786 -2.481568 139.1785 -186.2096 2.608239 144.0499 -197.7609 2.608239 128.9724 -203.999 2.608239 124.1009 -192.6786 2.608239 273.2539 -191.2887 -0.003137112 284.1564 -194.5227 -0.003137112 278.8219 -212.7742 -0.003137112 267.9194 -209.5402 -0.003137112 273.2539 -191.2887 3.659065 284.1564 -194.5227 3.659065 278.8219 -212.7742 3.659065 267.9194 -209.5402 3.659065 111.8048 -54.0615 -1.791372 135.0009 -58.91275 -1.791372 133.3773 -66.3057 -1.791372 110.1812 -61.45445 -1.791372 111.8048 -54.0615 2.308628 135.0009 -58.91275 2.308628 133.3773 -66.3057 2.308628 110.1812 -61.45445 2.308628 -345.3835 65.61827 -2.826667 -338.425 61.45945 -2.826667 -347.704 46.44297 -2.826667 -354.6625 50.60181 -2.826667 -345.3835 65.61827 0.5667822 -338.425 61.45945 0.5667822 -347.704 46.44297 0.5667822 -354.6625 50.60181 0.5667822 -110.1845 -293.1764 -0.1913724 -95.33857 -293.4076 -0.1913724 -95.33868 -302.4177 -0.1913724 -110.1846 -302.4175 -0.1913724 -110.1845 -293.1764 4.047062 -95.33857 -293.4076 4.047062 -95.33868 -302.4177 4.047062 -110.1846 -302.4175 4.047062 111.1057 173.0399 -1.571764 119.2242 170.4987 -1.571764 114.8173 155.7128 -1.571764 106.6988 158.023 -1.571764 111.1057 173.0399 2.292039 119.2242 170.4987 2.292039 114.8173 155.7128 2.292039 106.6988 158.023 2.292039 71.90831 -123.6017 -1.571764 88.60963 -126.3738 -1.571764 87.21795 -134.4599 -1.571764 70.51661 -131.9187 -1.571764 71.90831 -123.6017 4.698144 88.60963 -126.3738 4.698144 87.21795 -134.4599 4.698144 70.51661 -131.9187 4.698144 -201.8125 -330.8323 -0.1913724 -201.581 -346.5422 -0.1913724 -210.6277 -346.542 -0.1913724 -210.8593 -330.832 -0.1913724 -201.8125 -330.8323 3.662585 -201.581 -346.5422 3.662585 -210.6277 -346.542 3.662585 -210.8593 -330.832 3.662585 -31.54713 -187.1349 -0.567843 -23.19643 -190.1383 -0.567843 -31.54723 -213.7032 -0.567843 -39.89796 -210.9308 -0.567843 -31.54713 -187.1349 4.946174 -23.19643 -190.1383 4.946174 -31.54723 -213.7032 4.946174 -39.89796 -210.9308 4.946174 220.3682 -266.8368 -0.3796077 232.8945 -269.3777 -0.3796077 222.4574 -320.8975 -0.3796077 209.9311 -318.3565 -0.3796077 220.3682 -266.8368 5.58665 232.8945 -269.3777 5.58665 222.4574 -320.8975 5.58665 209.9311 -318.3565 5.58665 -228.9503 -245.1198 -0.1913724 -203.6665 -263.8339 -0.1913724 -209.6979 -271.9197 -0.1913724 -235.2137 -253.4367 -0.1913724 -228.9503 -245.1198 4.608628 -203.6665 -263.8339 4.608628 -209.6979 -271.9197 4.608628 -235.2137 -253.4367 4.608628 91.62405 -32.57608 -1.320784 108.5571 -36.0413 -1.320784 106.4696 -45.74454 -1.320784 89.53652 -42.27932 -1.320784 91.62405 -32.57608 2.810014 108.5571 -36.0413 2.810014 106.4696 -45.74454 2.810014 89.53652 -42.27932 2.810014 -75.85083 -36.27271 0.2164707 -68.19621 -42.27953 0.2164707 -79.79436 -57.2963 0.2164707 -87.68094 -51.28946 0.2164707 -75.85083 -36.27271 4.96053 -68.19621 -42.27953 4.96053 -79.79436 -57.2963 4.96053 -87.68094 -51.28946 4.96053 111.1077 38.11902 -1.854117 133.8396 33.4988 -1.854117 131.7521 23.56452 -1.854117 109.0202 28.18475 -1.854117 111.1077 38.11902 1.396623 133.8396 33.4988 1.396623 131.7521 23.56452 1.396623 109.0202 28.18475 1.396623 -331.4663 61.69018 -2.167843 -316.3895 53.14149 -2.167843 -320.797 45.51771 -2.167843 -335.8738 54.06641 -2.167843 -331.4663 61.69018 1.418753 -316.3895 53.14149 1.418753 -320.797 45.51771 1.418753 -335.8738 54.06641 1.418753 -3.015587 -324.5971 -0.5992155 11.83038 -326.2143 -0.5992155 11.36645 -331.99 -0.5992155 -3.711495 -330.6038 -0.5992155 -3.015587 -324.5971 4.98726 11.83038 -326.2143 4.98726 11.36645 -331.99 4.98726 -3.711495 -330.6038 4.98726 193.9223 -198.2219 -0.567843 206.6805 -201.687 -0.567843 202.0416 -216.935 -0.567843 189.5154 -213.4699 -0.567843 193.9223 -198.2219 4.902655 206.6805 -201.687 4.902655 202.0416 -216.935 4.902655 189.5154 -213.4699 4.902655 -372.2946 -20.55429 -2.387451 -356.7538 -31.41337 -2.387451 -362.3212 -39.49912 -2.387451 -378.094 -28.64002 -2.387451 -372.2946 -20.55429 1.476888 -356.7538 -31.41337 1.476888 -362.3212 -39.49912 1.476888 -378.094 -28.64002 1.476888 -134.0778 -336.1474 -0.1913724 -134.078 -344.6954 -0.1913724 -149.156 -344.6952 -0.1913724 -149.1558 -336.1471 -0.1913724 -134.0778 -336.1474 4.680977 -134.078 -344.6954 4.680977 -149.156 -344.6952 4.680977 -149.1558 -336.1471 4.680977 177.4479 19.17587 -3.140392 179.9998 3.23493 -3.140392 165.3865 0.92432 -3.140392 162.6027 16.86526 -3.140392 177.4479 19.17587 0.09600793 179.9998 3.23493 0.09600793 165.3865 0.92432 0.09600793 162.6027 16.86526 0.09600793 -66.34133 -137.0014 -0.5364704 -43.84104 -153.1736 -0.5364704 -52.42375 -164.725 -0.5364704 -74.6921 -148.3217 -0.5364704 -66.34133 -137.0014 3.86353 -43.84104 -153.1736 3.86353 -52.42375 -164.725 3.86353 -74.6921 -148.3217 3.86353 192.5272 -62.14595 -2.826667 208.9965 -66.30405 -2.826667 206.6771 -75.08321 -2.826667 190.2078 -70.92511 -2.826667 192.5272 -62.14595 1.922114 208.9965 -66.30405 1.922114 206.6771 -75.08321 1.922114 190.2078 -70.92511 1.922114 -15.07796 -337.3036 -0.3796077 8.814813 -342.1553 -0.3796077 7.191038 -349.5482 -0.3796077 -16.46979 -344.4655 -0.3796077 -15.07796 -337.3036 4.982911 8.814813 -342.1553 4.982911 7.191038 -349.5482 4.982911 -16.46979 -344.4655 4.982911 333.7984 -233.8924 0.02823544 333.7984 -233.7957 0.02823544 339.3657 -235.1816 0.02823544 337.5103 -243.0367 0.02823544 333.3349 -242.1127 0.02823544 332.871 -243.961 0.02823544 326.8398 -242.575 0.02823544 329.391 -232.8717 0.02823544 333.7984 -233.8924 12.78172 333.7984 -233.7957 12.78172 339.3657 -235.1816 12.78172 337.5103 -243.0367 12.78172 333.3349 -242.1127 12.78172 332.871 -243.961 12.78172 326.8398 -242.575 12.78172 329.391 -232.8717 12.78172 -251.6699 164.4951 -2.13647 -244.9433 160.3364 -2.13647 -253.758 146.4749 -2.13647 -266.9791 154.7924 -2.13647 -261.6439 163.1093 -2.13647 -255.1494 158.9505 -2.13647 -251.6699 164.4951 1.805224 -244.9433 160.3364 1.805224 -253.758 146.4749 1.805224 -266.9791 154.7924 1.805224 -261.6439 163.1093 1.805224 -255.1494 158.9505 1.805224 -142.4194 178.3541 -0.4109802 -129.894 169.1127 -0.4109802 -141.0281 154.5581 -0.4109802 -151.6978 162.4133 -0.4109802 -147.5225 167.9579 -0.4109802 -149.3781 169.3441 -0.4109802 -142.4194 178.3541 4.044322 -129.894 169.1127 4.044322 -141.0281 154.5581 4.044322 -151.6978 162.4133 4.044322 -147.5225 167.9579 4.044322 -149.3781 169.3441 4.044322 -37.11397 -123.1398 -0.567843 -29.22727 -127.7605 -0.567843 -37.80995 -142.3152 -0.567843 -43.37703 -138.8498 -0.567843 -40.82542 -134.9223 -0.567843 -43.377 -133.3051 -0.567843 -37.11397 -123.1398 2.432157 -29.22727 -127.7605 2.432157 -37.80995 -142.3152 2.432157 -43.37703 -138.8498 2.432157 -40.82542 -134.9223 2.432157 -43.377 -133.3051 2.432157 -187.1918 -47.1292 0.8125491 -177.6815 -54.06029 0.8125491 -184.4086 -63.07026 0.8125491 -189.5116 -59.14265 0.8125491 -187.4239 -56.13932 0.8125491 -191.5991 -53.13585 0.8125491 -187.1918 -47.1292 3.812549 -177.6815 -54.06029 3.812549 -184.4086 -63.07026 3.812549 -189.5116 -59.14265 3.812549 -187.4239 -56.13932 3.812549 -191.5991 -53.13585 3.812549 56.36744 -207.9273 -1.88549 65.64605 -209.0824 -1.88549 64.71824 -215.5512 -1.88549 60.77483 -215.0892 -1.88549 60.31093 -219.0167 -1.88549 54.97573 -218.3236 -1.88549 56.36744 -207.9273 2.345428 65.64605 -209.0824 2.345428 64.71824 -215.5512 2.345428 60.77483 -215.0892 2.345428 60.31093 -219.0167 2.345428 54.97573 -218.3236 2.345428 -25.74769 -84.7891 -0.1913724 -19.71671 -88.02352 -0.1913724 -18.5569 -85.94426 -0.1913724 -12.98983 -88.94765 -0.1913724 -18.78889 -99.57497 -0.1913724 -30.38694 -93.33715 -0.1913724 -25.74769 -84.7891 6.219933 -19.71671 -88.02352 6.219933 -18.5569 -85.94426 6.219933 -12.98983 -88.94765 6.219933 -18.78889 -99.57497 6.219933 -30.38694 -93.33715 6.219933 354.6729 -179.503 0.2164707 351.8898 -190.8235 0.2164707 345.6267 -189.4376 0.2164707 347.0183 -183.6618 0.2164707 342.147 -182.5069 0.2164707 343.7705 -176.7311 0.2164707 354.6729 -179.503 3.216471 351.8898 -190.8235 3.216471 345.6267 -189.4376 3.216471 347.0183 -183.6618 3.216471 342.147 -182.5069 3.216471 343.7705 -176.7311 3.216471 -49.40947 -362.2546 -0.3796077 -49.64152 -374.0371 -0.3796077 -59.84818 -373.806 -0.3796077 -59.84813 -366.8751 -0.3796077 -56.60055 -366.8751 -0.3796077 -56.60052 -362.2546 -0.3796077 -49.40947 -362.2546 4.566352 -49.64152 -374.0371 4.566352 -59.84818 -373.806 4.566352 -59.84813 -366.8751 4.566352 -56.60055 -366.8751 4.566352 -56.60052 -362.2546 4.566352 -293.8981 -173.2677 0.02823544 -281.3724 -182.9714 0.02823544 -288.0997 -191.5192 0.02823544 -292.7388 -188.0536 0.02823544 -291.115 -185.9744 0.02823544 -299.0016 -179.9673 0.02823544 -293.8981 -173.2677 4.016675 -281.3724 -182.9714 4.016675 -288.0997 -191.5192 4.016675 -292.7388 -188.0536 4.016675 -291.115 -185.9744 4.016675 -299.0016 -179.9673 4.016675 -189.5187 -350.239 -0.1913724 -189.2872 -369.8764 -0.1913724 -204.1332 -369.8761 -0.1913724 -204.3649 -357.4005 -0.1913724 -195.782 -357.1697 -0.1913724 -195.7818 -350.2388 -0.1913724 -189.5187 -350.239 3.617731 -189.2872 -369.8764 3.617731 -204.1332 -369.8761 3.617731 -204.3649 -357.4005 3.617731 -195.782 -357.1697 3.617731 -195.7818 -350.2388 3.617731 -44.76948 -256.2124 -0.567843 -39.8982 -258.2917 -0.567843 -42.21789 -264.0674 -0.567843 -40.36217 -264.7605 -0.567843 -43.37777 -271.6914 -0.567843 -50.10478 -268.6879 -0.567843 -44.76948 -256.2124 3.121207 -39.8982 -258.2917 3.121207 -42.21789 -264.0674 3.121207 -40.36217 -264.7605 3.121207 -43.37777 -271.6914 3.121207 -50.10478 -268.6879 3.121207 -4.639319 -247.2024 -0.9756861 -0.463932 -249.2817 -0.9756861 -3.943426 -256.4436 -0.9756861 -2.087696 -257.3677 -0.9756861 -4.639328 -262.2193 -0.9756861 -10.67045 -258.9849 -0.9756861 -4.639319 -247.2024 5.592037 -0.463932 -249.2817 5.592037 -3.943426 -256.4436 5.592037 -2.087696 -257.3677 5.592037 -4.639328 -262.2193 5.592037 -10.67045 -258.9849 5.592037 -68.66016 -45.2829 -0.03450966 -64.25294 -48.74837 -0.03450966 -65.64472 -50.36556 -0.03450966 -61.2375 -53.83103 -0.03450966 -69.82013 -64.92035 -0.03450966 -78.63457 -58.22043 -0.03450966 -68.66016 -45.2829 5.757573 -64.25294 -48.74837 5.757573 -65.64472 -50.36556 5.757573 -61.2375 -53.83103 5.757573 -69.82013 -64.92035 5.757573 -78.63457 -58.22043 5.757573 197.6247 163.5694 -1.571764 204.5834 158.487 -1.571764 198.0889 149.7077 -1.571764 198.3209 149.4767 -1.571764 194.3778 144.1629 -1.571764 187.1871 149.4764 -1.571764 197.6247 163.5694 4.155097 204.5834 158.487 4.155097 198.0889 149.7077 4.155097 198.3209 149.4767 4.155097 194.3778 144.1629 4.155097 187.1871 149.4764 4.155097 286.7132 -337.2984 -0.1913724 294.3683 -340.3015 -0.1913724 289.9613 -351.6221 -0.1913724 277.2028 -346.5399 -0.1913724 280.682 -337.5297 -0.1913724 285.7854 -339.6087 -0.1913724 286.7132 -337.2984 4.541684 294.3683 -340.3015 4.541684 289.9613 -351.6221 4.541684 277.2028 -346.5399 4.541684 280.682 -337.5297 4.541684 285.7854 -339.6087 4.541684 -71.21219 -97.95747 -0.3796077 -62.86163 -104.1953 -0.3796077 -66.57305 -108.8159 -0.3796077 -69.12462 -106.9676 -0.3796077 -73.29998 -112.5123 -0.3796077 -79.09899 -108.3537 -0.3796077 -71.21219 -97.95747 4.305861 -62.86163 -104.1953 4.305861 -66.57305 -108.8159 4.305861 -69.12462 -106.9676 4.305861 -73.29998 -112.5123 4.305861 -79.09899 -108.3537 4.305861 -213.6439 -365.2552 -0.1913724 -213.8762 -377.4998 -0.1913724 -217.1237 -377.4997 -0.1913724 -217.1238 -379.3479 -0.1913724 -222.4591 -379.3477 -0.1913724 -222.4587 -365.255 -0.1913724 -213.6439 -365.2552 2.808628 -213.8762 -377.4998 2.808628 -217.1237 -377.4997 2.808628 -217.1238 -379.3479 2.808628 -222.4591 -379.3477 2.808628 -222.4587 -365.255 2.808628 -52.42148 176.0427 -1.571764 -42.67948 168.4187 -1.571764 -50.33401 158.9465 -1.571764 -57.29259 164.2602 -1.571764 -53.81325 168.6498 -1.571764 -56.59668 170.9601 -1.571764 -52.42148 176.0427 3.173683 -42.67948 168.4187 3.173683 -50.33401 158.9465 3.173683 -57.29259 164.2602 3.173683 -53.81325 168.6498 3.173683 -56.59668 170.9601 3.173683 109.72 -255.5187 -2.356078 117.6069 -258.522 -2.356078 114.1275 -267.9942 -2.356078 111.112 -266.8391 -2.356078 107.6326 -275.6182 -2.356078 102.7613 -273.7701 -2.356078 109.72 -255.5187 3.420411 117.6069 -258.522 3.420411 114.1275 -267.9942 3.420411 111.112 -266.8391 3.420411 107.6326 -275.6182 3.420411 102.7613 -273.7701 3.420411 250.2827 22.64328 -1.571764 262.3446 19.40927 -1.571764 258.1699 3.699169 -1.571764 250.2832 5.778174 -1.571764 252.3706 13.17117 -1.571764 247.9633 14.32617 -1.571764 250.2827 22.64328 2.255682 262.3446 19.40927 2.255682 258.1699 3.699169 2.255682 250.2832 5.778174 2.255682 252.3706 13.17117 2.255682 247.9633 14.32617 2.255682 -383.4421 -296.1712 0.4360785 -370.2204 -305.413 0.4360785 -375.788 -313.2677 0.4360785 -382.2829 -308.6468 0.4360785 -379.4991 -304.7194 0.4360785 -386.2259 -300.0985 0.4360785 -383.4421 -296.1712 4.087692 -370.2204 -305.413 4.087692 -375.788 -313.2677 4.087692 -382.2829 -308.6468 4.087692 -379.4991 -304.7194 4.087692 -386.2259 -300.0985 4.087692 -141.0286 124.7554 -0.3796077 -126.4156 114.5898 -0.3796077 -130.8229 108.1211 -0.3796077 -138.2454 113.2039 -0.3796077 -140.565 109.5074 -0.3796077 -147.9875 114.5902 -0.3796077 -141.0286 124.7554 3.74453 -126.4156 114.5898 3.74453 -130.8229 108.1211 3.74453 -138.2454 113.2039 3.74453 -140.565 109.5074 3.74453 -147.9875 114.5902 3.74453 -63.0936 -105.5815 -0.3796077 -54.97498 -111.5883 -0.3796077 -60.77409 -119.4432 -0.3796077 -66.80507 -115.0536 -0.3796077 -67.96489 -116.6708 -0.3796077 -70.2845 -115.0536 -0.3796077 -63.0936 -105.5815 5.211325 -54.97498 -111.5883 5.211325 -60.77409 -119.4432 5.211325 -66.80507 -115.0536 5.211325 -67.96489 -116.6708 5.211325 -70.2845 -115.0536 5.211325 12.75798 -156.8701 -1.007059 19.021 -161.0286 -1.007059 14.61371 -167.4975 -1.007059 12.758 -166.3423 -1.007059 7.422841 -174.1973 -1.007059 3.015528 -171.1939 -1.007059 12.75798 -156.8701 2.958778 19.021 -161.0286 2.958778 14.61371 -167.4975 2.958778 12.758 -166.3423 2.958778 7.422841 -174.1973 2.958778 3.015528 -171.1939 2.958778 -153.792 -176.7371 0.4360785 -146.3693 -179.9717 0.4360785 -152.1686 -193.3712 0.4360785 -156.5759 -191.5229 0.4360785 -155.416 -188.7506 0.4360785 -158.4315 -187.3644 0.4360785 -153.792 -176.7371 5.041964 -146.3693 -179.9717 5.041964 -152.1686 -193.3712 5.041964 -156.5759 -191.5229 5.041964 -155.416 -188.7506 5.041964 -158.4315 -187.3644 5.041964 212.942 -145.5468 -0.28549 219.437 -146.7018 -0.28549 215.7261 -167.2635 -0.28549 202.7361 -164.9535 -0.28549 205.2874 -151.0917 -0.28549 211.7824 -152.2467 -0.28549 212.942 -145.5468 5.128136 219.437 -146.7018 5.128136 215.7261 -167.2635 5.128136 202.7361 -164.9535 5.128136 205.2874 -151.0917 5.128136 211.7824 -152.2467 5.128136 -166.3114 140.4658 -0.4109802 -154.018 130.9934 -0.4109802 -159.3531 124.2936 -0.4109802 -167.4714 130.5316 -0.4109802 -165.8476 132.8419 -0.4109802 -169.7908 135.8453 -0.4109802 -166.3114 140.4658 3.614008 -154.018 130.9934 3.614008 -159.3531 124.2936 3.614008 -167.4714 130.5316 3.614008 -165.8476 132.8419 3.614008 -169.7908 135.8453 3.614008 67.96295 107.6582 -0.9756861 79.09684 104.886 -0.9756861 76.77738 95.18276 -0.9756861 67.03522 97.49296 -0.9756861 67.96301 101.4205 -0.9756861 66.57127 101.8825 -0.9756861 67.96295 107.6582 2.024314 79.09684 104.886 2.024314 76.77738 95.18276 2.024314 67.03522 97.49296 2.024314 67.96301 101.4205 2.024314 66.57127 101.8825 2.024314 27.37235 -353.9377 -0.4109802 39.43475 -355.0928 -0.4109802 38.50692 -364.565 -0.4109802 35.72329 -364.3339 -0.4109802 35.25937 -368.9545 -0.4109802 26.21256 -368.2615 -0.4109802 27.37235 -353.9377 4.637898 39.43475 -355.0928 4.637898 38.50692 -364.565 4.637898 35.72329 -364.3339 4.637898 35.25937 -368.9545 4.637898 26.21256 -368.2615 4.637898 -221.9803 147.167 -1.979608 -214.7898 142.5463 -1.979608 -219.1971 135.8465 -1.979608 -221.2847 137.2328 -1.979608 -223.1404 134.4605 -1.979608 -228.2433 137.9261 -1.979608 -221.9803 147.167 1.399152 -214.7898 142.5463 1.399152 -219.1971 135.8465 1.399152 -221.2847 137.2328 1.399152 -223.1404 134.4605 1.399152 -228.2433 137.9261 1.399152 -224.7706 -94.9512 0.05960798 -215.0284 -100.7272 0.05960798 -221.2917 -111.1233 0.05960798 -234.2813 -103.268 0.05960798 -231.0337 -98.18542 0.05960798 -227.7863 -100.0337 0.05960798 -224.7706 -94.9512 3.791504 -215.0284 -100.7272 3.791504 -221.2917 -111.1233 3.791504 -234.2813 -103.268 3.791504 -231.0337 -98.18542 3.791504 -227.7863 -100.0337 3.791504 -186.4935 51.75116 -0.1913724 -161.9064 33.96138 -0.1913724 -173.2727 18.25166 -0.1913724 -197.8598 36.04147 -0.1913724 -186.4935 51.75116 4.608628 -161.9064 33.96138 4.608628 -173.2727 18.25166 4.608628 -197.8598 36.04147 4.608628 185.5643 110.2015 -3.014902 199.2499 101.8847 -3.014902 192.2915 90.33313 -3.014902 188.1162 92.87435 -3.014902 192.0593 98.88119 -3.014902 182.3171 104.8877 -3.014902 185.5643 110.2015 1.355907 199.2499 101.8847 1.355907 192.2915 90.33313 1.355907 188.1162 92.87435 1.355907 192.0593 98.88119 1.355907 182.3171 104.8877 1.355907 322.6573 -68.84152 -0.09725475 327.7605 -70.22748 -0.09725475 324.0497 -83.16525 -0.09725475 315.9309 -80.8553 -0.09725475 319.178 -70.22784 -0.09725475 321.9615 -71.15184 -0.09725475 322.6573 -68.84152 4.6798 327.7605 -70.22748 4.6798 324.0497 -83.16525 4.6798 315.9309 -80.8553 4.6798 319.178 -70.22784 4.6798 321.9615 -71.15184 4.6798 -287.1708 -164.0268 -0.03450966 -281.1399 -168.6476 -0.03450966 -278.5882 -165.4133 -0.03450966 -271.6295 -170.7272 -0.03450966 -279.0527 -180.1991 -0.03450966 -292.0423 -170.0334 -0.03450966 -287.1708 -164.0268 3.864707 -281.1399 -168.6476 3.864707 -278.5882 -165.4133 3.864707 -271.6295 -170.7272 3.864707 -279.0527 -180.1991 3.864707 -292.0423 -170.0334 3.864707 -118.7641 -86.17442 0.4360785 -110.8775 -92.64334 0.4360785 -118.5324 -101.8844 0.4360785 -123.1716 -98.18785 0.4360785 -119.4601 -93.56733 0.4360785 -122.7075 -91.02596 0.4360785 -118.7641 -86.17442 6.432835 -110.8775 -92.64334 6.432835 -118.5324 -101.8844 6.432835 -123.1716 -98.18785 6.432835 -119.4601 -93.56733 6.432835 -122.7075 -91.02596 6.432835 -348.1774 -169.107 0.02823544 -340.7548 -174.4209 0.02823544 -344.9304 -180.1965 0.02823544 -342.1469 -182.2759 0.02823544 -344.4667 -185.2791 0.02823544 -354.6728 -178.1168 0.02823544 -348.1774 -169.107 4.168046 -340.7548 -174.4209 4.168046 -344.9304 -180.1965 4.168046 -342.1469 -182.2759 4.168046 -344.4667 -185.2791 4.168046 -354.6728 -178.1168 4.168046 105.5415 -20.33137 -1.383529 119.691 -21.02426 -1.383529 119.4591 -26.56895 -1.383529 115.5158 -26.33798 -1.383529 115.2839 -31.18959 -1.383529 104.8457 -30.72768 -1.383529 105.5415 -20.33137 3.743501 119.691 -21.02426 3.743501 119.4591 -26.56895 3.743501 115.5158 -26.33798 3.743501 115.2839 -31.18959 3.743501 104.8457 -30.72768 3.743501 269.7662 51.06049 -2.167843 277.8849 45.28505 -2.167843 275.3335 41.81952 -2.167843 278.5809 39.50935 -2.167843 274.4059 33.50245 -2.167843 262.8078 41.58807 -2.167843 269.7662 51.06049 1.607212 277.8849 45.28505 1.607212 275.3335 41.81952 1.607212 278.5809 39.50935 1.607212 274.4059 33.50245 1.607212 262.8078 41.58807 1.607212 -88.37384 214.1628 -2.889412 -78.63191 206.7698 -2.889412 -92.31732 189.2117 -2.889412 -99.73975 194.7565 -2.889412 -89.53367 207.694 -2.889412 -92.08513 209.5423 -2.889412 -88.37384 214.1628 2.512127 -78.63191 206.7698 2.512127 -92.31732 189.2117 2.512127 -99.73975 194.7565 2.512127 -89.53367 207.694 2.512127 -92.08513 209.5423 2.512127 241.0163 -365.7165 -0.567843 251.9189 -368.9506 -0.567843 249.1356 -378.1918 -0.567843 242.8723 -376.3438 -0.567843 243.5682 -373.8024 -0.567843 238.9287 -372.4164 -0.567843 241.0163 -365.7165 3.202316 251.9189 -368.9506 3.202316 249.1356 -378.1918 3.202316 242.8723 -376.3438 3.202316 243.5682 -373.8024 3.202316 238.9287 -372.4164 3.202316 163.0727 -276.3104 -1.352157 167.4801 -278.3895 -1.352157 160.2894 -294.7927 -1.352157 151.4746 -290.8654 -1.352157 157.7374 -277.0036 -1.352157 161.9129 -278.8517 -1.352157 163.0727 -276.3104 3.020372 167.4801 -278.3895 3.020372 160.2894 -294.7927 3.020372 151.4746 -290.8654 3.020372 157.7374 -277.0036 3.020372 161.9129 -278.8517 3.020372 235.9036 -54.52081 -1.791372 250.0533 -58.6789 -1.791372 247.0381 -68.84426 -1.791372 236.5998 -65.84121 -1.791372 238.4553 -59.14132 -1.791372 234.9759 -58.2173 -1.791372 235.9036 -54.52081 1.365683 250.0533 -58.6789 1.365683 247.0381 -68.84426 1.365683 236.5998 -65.84121 1.365683 238.4553 -59.14132 1.365683 234.9759 -58.2173 1.365683 311.9952 -273.3025 -0.1913724 325.6814 -277.4604 -0.1913724 324.0579 -282.3121 -0.1913724 324.9858 -282.7741 -0.1913724 323.5941 -286.7017 -0.1913724 309.212 -282.3127 -0.1913724 311.9952 -273.3025 3.743105 325.6814 -277.4604 3.743105 324.0579 -282.3121 3.743105 324.9858 -282.7741 3.743105 323.5941 -286.7017 3.743105 309.212 -282.3127 3.743105 -313.6161 -200.0663 0.02823544 -307.8171 -203.994 0.02823544 -306.6572 -202.1458 0.02823544 -300.1624 -206.5356 0.02823544 -306.4258 -215.5455 0.02823544 -318.7196 -207.228 0.02823544 -313.6161 -200.0663 4.562276 -307.8171 -203.994 4.562276 -306.6572 -202.1458 4.562276 -300.1624 -206.5356 4.562276 -306.4258 -215.5455 4.562276 -318.7196 -207.228 4.562276 34.56263 -180.8971 -1.414902 42.91337 -186.4417 -1.414902 35.02664 -198.4553 -1.414902 28.53162 -194.0657 -1.414902 30.85125 -190.8313 -1.414902 28.76357 -189.4452 -1.414902 34.56263 -180.8971 3.650852 42.91337 -186.4417 3.650852 35.02664 -198.4553 3.650852 28.53162 -194.0657 3.650852 30.85125 -190.8313 3.650852 28.76357 -189.4452 3.650852 245.8772 -31.87968 -2.01098 256.7794 -34.8827 -2.01098 254.692 -43.19981 -2.01098 251.4445 -42.50683 -2.01098 250.7487 -44.81714 -2.01098 243.094 -42.73812 -2.01098 245.8772 -31.87968 1.826627 256.7794 -34.8827 1.826627 254.692 -43.19981 1.826627 251.4445 -42.50683 1.826627 250.7487 -44.81714 1.826627 243.094 -42.73812 1.826627 287.6253 92.64633 -1.571764 292.4965 90.33622 -1.571764 290.409 86.63968 -1.571764 294.3523 84.7916 -1.571764 289.7135 76.47438 -1.571764 281.3629 80.86363 -1.571764 287.6253 92.64633 2.000844 292.4965 90.33622 2.000844 290.409 86.63968 2.000844 294.3523 84.7916 2.000844 289.7135 76.47438 2.000844 281.3629 80.86363 2.000844 -134.071 62.37742 -0.1599998 -108.788 46.89809 -0.1599998 -115.9788 35.34674 -0.1599998 -141.2619 50.8261 -0.1599998 -134.071 62.37742 3.90401 -108.788 46.89809 3.90401 -115.9788 35.34674 3.90401 -141.2619 50.8261 3.90401 44.07242 -50.13469 -0.7247057 47.7838 -52.90701 -0.7247057 49.17555 -51.2898 -0.7247057 57.75813 -57.52752 -0.7247057 51.2633 -66.53769 -0.7247057 38.73738 -57.52764 -0.7247057 44.07242 -50.13469 3.967217 47.7838 -52.90701 3.967217 49.17555 -51.2898 3.967217 57.75813 -57.52752 3.967217 51.2633 -66.53769 3.967217 38.73738 -57.52764 3.967217 177.6788 68.61606 -3.297255 185.5654 63.99567 -3.297255 181.6223 57.06471 -3.297255 188.1172 53.3684 -3.297255 183.9421 46.43743 -3.297255 169.5606 54.52312 -3.297255 177.6788 68.61606 0.5876465 185.5654 63.99567 0.5876465 181.6223 57.06471 0.5876465 188.1172 53.3684 0.5876465 183.9421 46.43743 0.5876465 169.5606 54.52312 0.5876465 20.18107 -258.5228 -1.163921 24.58843 -260.6021 -1.163921 21.10896 -267.995 -1.163921 22.96469 -268.9191 -1.163921 20.87701 -273.5397 -1.163921 14.6139 -270.7674 -1.163921 20.18107 -258.5228 3.10265 24.58843 -260.6021 3.10265 21.10896 -267.995 3.10265 22.96469 -268.9191 3.10265 20.87701 -273.5397 3.10265 14.6139 -270.7674 3.10265 -186.2674 -196.1428 0.02823544 -166.5508 -210.6981 0.02823544 -187.8922 -239.5762 0.02823544 -207.6089 -225.2519 0.02823544 -186.2674 -196.1428 4.828235 -166.5508 -210.6981 4.828235 -187.8922 -239.5762 4.828235 -207.6089 -225.2519 4.828235 0.2319648 -207.9275 -0.912941 4.639297 -209.7758 -0.912941 -2.551619 -226.1788 -0.912941 -12.99005 -221.5582 -0.912941 -6.958944 -208.1585 -0.912941 -0.9278595 -210.6999 -0.912941 0.2319648 -207.9275 3.212504 4.639297 -209.7758 3.212504 -2.551619 -226.1788 3.212504 -12.99005 -221.5582 3.212504 -6.958944 -208.1585 3.212504 -0.9278595 -210.6999 3.212504 254.9345 -368.0264 -0.3796077 265.3733 -371.9535 -0.3796077 258.8787 -388.8188 -0.3796077 252.6154 -386.5087 -0.3796077 253.7752 -383.7363 -0.3796077 249.5997 -382.3503 -0.3796077 254.9345 -368.0264 4.146363 265.3733 -371.9535 4.146363 258.8787 -388.8188 4.146363 252.6154 -386.5087 4.146363 253.7752 -383.7363 4.146363 249.5997 -382.3503 4.146363 303.8649 24.26238 -1.603137 319.6385 12.2495 -1.603137 311.0565 0.9287388 -1.603137 300.85 8.783324 -1.603137 303.8653 12.71093 -1.603137 298.2982 16.86924 -1.603137 303.8649 24.26238 4.931701 319.6385 12.2495 4.931701 311.0565 0.9287388 4.931701 300.85 8.783324 4.931701 303.8653 12.71093 4.931701 298.2982 16.86924 4.931701 168.1745 -207.4637 -1.163921 181.3965 -207.9254 -1.163921 180.9328 -219.9389 -1.163921 175.5976 -219.708 -1.163921 175.3659 -231.2595 -1.163921 167.4791 -231.0286 -1.163921 168.1745 -207.4637 4.045694 181.3965 -207.9254 4.045694 180.9328 -219.9389 4.045694 175.5976 -219.708 4.045694 175.3659 -231.2595 4.045694 167.4791 -231.0286 4.045694 -154.9511 -138.6173 0.7811766 -138.25 -150.8622 0.7811766 -141.7295 -155.4827 0.7811766 -144.977 -153.1723 0.7811766 -146.8327 -155.4826 0.7811766 -160.2864 -145.7791 0.7811766 -154.9511 -138.6173 3.781177 -138.25 -150.8622 3.781177 -141.7295 -155.4827 3.781177 -144.977 -153.1723 3.781177 -146.8327 -155.4826 3.781177 -160.2864 -145.7791 3.781177 192.0689 -290.1714 -0.4109802 200.8837 -293.8677 -0.4109802 196.0127 -304.4951 -0.4109802 198.5643 -305.6502 -0.4109802 195.7809 -311.8881 -0.4109802 184.6463 -306.8057 -0.4109802 192.0689 -290.1714 3.511712 200.8837 -293.8677 3.511712 196.0127 -304.4951 3.511712 198.5643 -305.6502 3.511712 195.7809 -311.8881 3.511712 184.6463 -306.8057 3.511712 -270.2316 6.240893 -0.1913724 -258.8659 -1.152415 -0.1913724 -269.3046 -16.86203 -0.1913724 -277.423 -11.54808 -0.1913724 -275.5672 -9.00683 -0.1913724 -278.8145 -6.927455 -0.1913724 -270.2316 6.240893 3.902766 -258.8659 -1.152415 3.902766 -269.3046 -16.86203 3.902766 -277.423 -11.54808 3.902766 -275.5672 -9.00683 3.902766 -278.8145 -6.927455 3.902766 153.3249 -12.70663 -2.669804 164.2271 -15.70979 -2.669804 159.8201 -31.18881 -2.669804 150.7737 -28.64767 -2.669804 152.3973 -23.33398 -2.669804 150.5416 -22.87196 -2.669804 153.3249 -12.70663 1.613466 164.2271 -15.70979 1.613466 159.8201 -31.18881 1.613466 150.7737 -28.64767 1.613466 152.3973 -23.33398 1.613466 150.5416 -22.87196 1.613466 -367.4353 -272.607 0.2792158 -359.0847 -278.1521 0.2792158 -366.5082 -289.2411 0.2792158 -363.2607 -291.5516 0.2792158 -368.8283 -299.8683 0.2792158 -380.6583 -292.0128 0.2792158 -367.4353 -272.607 4.30869 -359.0847 -278.1521 4.30869 -366.5082 -289.2411 4.30869 -363.2607 -291.5516 4.30869 -368.8283 -299.8683 4.30869 -380.6583 -292.0128 4.30869 73.06551 157.5605 -1.163921 83.73544 153.4021 -1.163921 79.56037 142.3127 -1.163921 74.2254 144.3919 -1.163921 68.65863 129.837 -1.163921 63.32365 131.9162 -1.163921 73.06551 157.5605 5.858628 83.73544 153.4021 5.858628 79.56037 142.3127 5.858628 74.2254 144.3919 5.858628 68.65863 129.837 5.858628 63.32365 131.9162 5.858628 79.10132 -339.1515 -1.603137 94.64322 -339.6134 -1.603137 94.41139 -350.9338 -1.603137 82.11703 -350.4719 -1.603137 82.11706 -353.2442 -1.603137 78.63752 -353.2443 -1.603137 79.10132 -339.1515 4.280792 94.64322 -339.6134 4.280792 94.41139 -350.9338 4.280792 82.11703 -350.4719 4.280792 82.11706 -353.2442 4.280792 78.63752 -353.2443 4.280792 242.3968 1.157348 -1.665882 256.3144 -1.845586 -1.665882 252.1397 -20.79009 -1.665882 242.8613 -18.71112 -1.665882 244.2528 -11.78021 -1.665882 239.6136 -10.85624 -1.665882 242.3968 1.157348 2.182205 256.3144 -1.845586 2.182205 252.1397 -20.79009 2.182205 242.8613 -18.71112 2.182205 244.2528 -11.78021 2.182205 239.6136 -10.85624 2.182205 104.1476 135.1511 -1.258039 110.8744 132.6099 -1.258039 109.4827 129.3754 -1.258039 112.4981 128.2203 -1.258039 107.6272 115.2826 -1.258039 98.11702 118.979 -1.258039 104.1476 135.1511 2.495482 110.8744 132.6099 2.495482 109.4827 129.3754 2.495482 112.4981 128.2203 2.495482 107.6272 115.2826 2.495482 98.11702 118.979 2.495482 -97.8909 -349.3165 -0.1913724 -97.89109 -364.3334 -0.1913724 -100.2108 -364.3334 -0.1913724 -100.2108 -368.4919 -0.1913724 -108.3298 -368.4918 -0.1913724 -108.3295 -349.3164 -0.1913724 -97.8909 -349.3165 4.568122 -97.89109 -364.3334 4.568122 -100.2108 -364.3334 4.568122 -100.2108 -368.4919 4.568122 -108.3298 -368.4918 4.568122 -108.3295 -349.3164 4.568122 -13.22224 -357.1721 -0.1913724 -7.423015 -358.3273 -0.1913724 -8.350897 -362.4858 -0.1913724 1.623786 -364.5651 -0.1913724 0.2319696 -371.2649 -0.1913724 -15.30999 -368.2615 -0.1913724 -13.22224 -357.1721 5.828964 -7.423015 -358.3273 5.828964 -8.350897 -362.4858 5.828964 1.623786 -364.5651 5.828964 0.2319696 -371.2649 5.828964 -15.30999 -368.2615 5.828964 254.005 -317.2 -0.5050979 261.1961 -320.2032 -0.5050979 254.4695 -336.3754 -0.5050979 244.0308 -331.9862 -0.5050979 246.5823 -325.7483 -0.5050979 249.8299 -327.1344 -0.5050979 254.005 -317.2 4.208233 261.1961 -320.2032 4.208233 254.4695 -336.3754 4.208233 244.0308 -331.9862 4.208233 246.5823 -325.7483 4.208233 249.8299 -327.1344 4.208233 -26.21177 -131.919 -0.7247057 -17.62916 -136.7706 -0.7247057 -22.73237 -145.5497 -0.7247057 -26.21181 -143.7015 -0.7247057 -29.69127 -149.7082 -0.7247057 -34.79445 -146.9358 -0.7247057 -26.21177 -131.919 3.849754 -17.62916 -136.7706 3.849754 -22.73237 -145.5497 3.849754 -26.21181 -143.7015 3.849754 -29.69127 -149.7082 3.849754 -34.79445 -146.9358 3.849754 270.9309 -92.40842 -0.4423528 290.8797 -95.87314 -0.4423528 289.0244 -106.2695 -0.4423528 274.6427 -103.7287 -0.4423528 275.1065 -100.0322 -0.4423528 269.5394 -99.10831 -0.4423528 270.9309 -92.40842 3.327436 290.8797 -95.87314 3.327436 289.0244 -106.2695 3.327436 274.6427 -103.7287 3.327436 275.1065 -100.0322 3.327436 269.5394 -99.10831 3.327436 -302.2461 -102.5725 -0.567843 -283.9216 -117.1281 -0.567843 -292.7366 -127.9861 -0.567843 -303.8704 -118.9755 -0.567843 -300.3908 -114.5861 -0.567843 -307.3495 -108.8101 -0.567843 -302.2461 -102.5725 4.50995 -283.9216 -117.1281 4.50995 -292.7366 -127.9861 4.50995 -303.8704 -118.9755 4.50995 -300.3908 -114.5861 4.50995 -307.3495 -108.8101 4.50995 336.1188 -249.7365 -0.03450966 334.7273 -257.3606 -0.03450966 316.8658 -254.3579 -0.03450966 317.7934 -249.0442 -0.03450966 322.4328 -249.9682 -0.03450966 322.8966 -247.4268 -0.03450966 333.7991 -249.3313 -0.03450966 333.7991 -249.2746 -0.03450966 336.1188 -249.7365 5.962181 334.7273 -257.3606 5.962181 316.8658 -254.3579 5.962181 317.7934 -249.0442 5.962181 322.4328 -249.9682 5.962181 322.8966 -247.4268 5.962181 333.7991 -249.3313 5.962181 333.7991 -249.2746 5.962181 -33.86696 -231.2614 -0.567843 -24.12442 -235.6509 -0.567843 -30.61951 -249.5127 -0.567843 -35.49079 -247.2023 -0.567843 -36.8826 -249.9747 -0.567843 -41.52191 -247.8954 -0.567843 -33.86696 -231.2614 2.432157 -24.12442 -235.6509 2.432157 -30.61951 -249.5127 2.432157 -35.49079 -247.2023 2.432157 -36.8826 -249.9747 2.432157 -41.52191 -247.8954 2.432157 84.43382 -81.09223 -1.571764 99.51133 -84.32645 -1.571764 98.11964 -90.33322 -1.571764 95.3361 -89.8712 -1.571764 94.64025 -93.33664 -1.571764 82.34627 -90.79546 -1.571764 84.43382 -81.09223 2.780002 99.51133 -84.32645 2.780002 98.11964 -90.33322 2.780002 95.3361 -89.8712 2.780002 94.64025 -93.33664 2.780002 82.34627 -90.79546 2.780002 122.0089 88.02143 -1.948235 132.6789 85.94234 -1.948235 130.8234 76.93218 -1.948235 129.1997 77.16319 -1.948235 127.8081 70.46332 -1.948235 118.9937 72.31142 -1.948235 122.0089 88.02143 1.14811 132.6789 85.94234 1.14811 130.8234 76.93218 1.14811 129.1997 77.16319 1.14811 127.8081 70.46332 1.14811 118.9937 72.31142 1.14811 294.8212 -47.58796 -0.1913724 303.8677 -49.20481 -0.1913724 301.3167 -64.22179 -0.1913724 294.5899 -63.0669 -0.1913724 295.0536 -59.37042 -0.1913724 292.966 -58.90844 -0.1913724 294.8212 -47.58796 2.919238 303.8677 -49.20481 2.919238 301.3167 -64.22179 2.919238 294.5899 -63.0669 2.919238 295.0536 -59.37042 2.919238 292.966 -58.90844 2.919238 41.98507 -103.0403 -1.101176 59.15031 -113.6675 -1.101176 53.81524 -122.2156 -1.101176 41.28924 -114.3607 -1.101176 39.66552 -116.9021 -1.101176 35.25823 -114.1297 -1.101176 41.98507 -103.0403 4.035718 59.15031 -113.6675 4.035718 53.81524 -122.2156 4.035718 41.28924 -114.3607 4.035718 39.66552 -116.9021 4.035718 35.25823 -114.1297 4.035718 85.82785 -288.5561 -1.822745 96.4984 -292.9455 -1.822745 89.77153 -308.8866 -1.822745 86.75593 -307.7315 -1.822745 84.43631 -312.8142 -1.822745 77.01331 -309.5798 -1.822745 85.82785 -288.5561 3.119733 96.4984 -292.9455 3.119733 89.77153 -308.8866 3.119733 86.75593 -307.7315 3.119733 84.43631 -312.8142 3.119733 77.01331 -309.5798 3.119733 254.4543 132.8442 -4.928627 266.9801 126.6069 -4.928627 257.7025 107.4311 -4.928627 249.12 111.5894 -4.928627 253.063 119.9066 -4.928627 249.1197 121.7547 -4.928627 254.4543 132.8442 -0.2430201 266.9801 126.6069 -0.2430201 257.7025 107.4311 -0.2430201 249.12 111.5894 -0.2430201 253.063 119.9066 -0.2430201 249.1197 121.7547 -0.2430201 -23.42831 -164.263 -0.7874508 -16.00549 -167.4975 -0.7874508 -21.10872 -179.973 -0.7874508 -20.18087 -180.204 -0.7874508 -23.66035 -188.059 -0.7874508 -32.01105 -184.5935 -0.7874508 -23.42831 -164.263 6.070308 -16.00549 -167.4975 6.070308 -21.10872 -179.973 6.070308 -20.18087 -180.204 6.070308 -23.66035 -188.059 6.070308 -32.01105 -184.5935 6.070308 58.22367 -276.7739 -1.571764 70.286 -282.0875 -1.571764 63.32711 -298.0285 -1.571764 56.60004 -295.0252 -1.571764 57.75985 -292.2528 -1.571764 52.42459 -289.9426 -1.571764 58.22367 -276.7739 3.416815 70.286 -282.0875 3.416815 63.32711 -298.0285 3.416815 56.60004 -295.0252 3.416815 57.75985 -292.2528 3.416815 52.42459 -289.9426 3.416815 223.6039 148.7843 -3.642353 229.4029 144.3949 -3.642353 231.4904 147.1673 -3.642353 241.4647 139.3126 -3.642353 233.5785 129.1471 -3.642353 226.6197 134.6916 -3.642353 218.0372 141.3912 -3.642353 223.6039 148.7843 1.303758 229.4029 144.3949 1.303758 231.4904 147.1673 1.303758 241.4647 139.3126 1.303758 233.5785 129.1471 1.303758 226.6197 134.6916 1.303758 218.0372 141.3912 1.303758 349.1011 -74.61611 0.02823544 345.3904 -89.1711 0.02823544 334.952 -86.63023 0.02823544 337.967 -74.38557 0.02823544 340.9825 -75.30956 0.02823544 341.9102 -71.84408 0.02823544 349.333 -73.69199 0.02823544 349.1011 -74.60252 0.02823544 349.1011 -74.61611 4.901549 345.3904 -89.1711 4.901549 334.952 -86.63023 4.901549 337.967 -74.38557 4.901549 340.9825 -75.30956 4.901549 341.9102 -71.84408 4.901549 349.333 -73.69199 4.901549 349.1011 -74.60252 4.901549 -249.1346 -348.3891 0.02823544 -248.9033 -368.9507 0.02823544 -257.9501 -368.9504 0.02823544 -257.9499 -362.2505 0.02823544 -267.2287 -362.4813 0.02823544 -267.4602 -348.6195 0.02823544 -249.1346 -348.3891 3.941183 -248.9033 -368.9507 3.941183 -257.9501 -368.9504 3.941183 -257.9499 -362.2505 3.941183 -267.2287 -362.4813 3.941183 -267.4602 -348.6195 3.941183 -138.2529 -315.1237 -0.1913724 -138.253 -318.3581 -0.1913724 -134.3095 -318.1271 -0.1913724 -134.0777 -325.52 -0.1913724 -153.795 -325.9817 -0.1913724 -154.0267 -315.5854 -0.1913724 -138.2529 -315.1237 5.149791 -138.253 -318.3581 5.149791 -134.3095 -318.1271 5.149791 -134.0777 -325.52 5.149791 -153.795 -325.9817 5.149791 -154.0267 -315.5854 5.149791 -354.4322 14.33025 -2.167843 -332.3967 0.005497371 -2.167843 -336.5723 -6.232105 -2.167843 -355.3604 6.013255 -2.167843 -357.2162 3.240992 -2.167843 -360.4635 5.3204 -2.167843 -354.4322 14.33025 1.287117 -332.3967 0.005497371 1.287117 -336.5723 -6.232105 1.287117 -355.3604 6.013255 1.287117 -357.2162 3.240992 1.287117 -360.4635 5.3204 1.287117 251.2168 -174.4243 0.02823544 267.2224 -177.6582 0.02823544 265.1351 -187.8235 0.02823544 268.3826 -188.2855 0.02823544 267.223 -193.5992 0.02823544 248.2018 -189.9034 0.02823544 251.2168 -174.4243 5.317045 267.2224 -177.6582 5.317045 265.1351 -187.8235 5.317045 268.3826 -188.2855 5.317045 267.223 -193.5992 5.317045 248.2018 -189.9034 5.317045 -35.2575 47.5905 0.02823544 -23.65966 40.89062 0.02823544 -20.41224 46.4353 0.02823544 -13.91744 42.73883 0.02823544 -18.09269 35.80797 0.02823544 -22.03596 38.11827 0.02823544 -26.44318 30.95638 0.02823544 -40.3606 39.04245 0.02823544 -35.2575 47.5905 7.381888 -23.65966 40.89062 7.381888 -20.41224 46.4353 7.381888 -13.91744 42.73883 7.381888 -18.09269 35.80797 7.381888 -22.03596 38.11827 7.381888 -26.44318 30.95638 7.381888 -40.3606 39.04245 7.381888 -166.5481 -85.24943 1.44 -159.3574 -90.33222 1.44 -169.796 -104.6558 1.44 -176.9867 -99.34197 1.44 -173.5072 -94.72147 1.44 -174.435 -93.79733 1.44 -171.4194 -89.63888 1.44 -170.2596 -90.56302 1.44 -166.5481 -85.24943 4.44 -159.3574 -90.33222 4.44 -169.796 -104.6558 4.44 -176.9867 -99.34197 4.44 -173.5072 -94.72147 4.44 -174.435 -93.79733 4.44 -171.4194 -89.63888 4.44 -170.2596 -90.56302 4.44 -304.8079 -368.0246 0.4360785 -304.8082 -374.2624 0.4360785 -308.9836 -374.2622 0.4360785 -308.9838 -378.1897 0.4360785 -321.0462 -377.9582 0.4360785 -321.046 -371.9514 0.4360785 -309.6795 -372.1829 0.4360785 -309.6793 -368.0244 0.4360785 -304.8079 -368.0246 5.140095 -304.8082 -374.2624 5.140095 -308.9836 -374.2622 5.140095 -308.9838 -378.1897 5.140095 -321.0462 -377.9582 5.140095 -321.046 -371.9514 5.140095 -309.6795 -372.1829 5.140095 -309.6793 -368.0244 5.140095 -201.1096 -55.90796 0.6556864 -186.4963 -65.3805 0.6556864 -195.5431 -79.01099 0.6556864 -205.2853 -72.77296 0.6556864 -202.2697 -68.38349 0.6556864 -198.5584 -70.69387 0.6556864 -196.4707 -67.69055 0.6556864 -205.285 -62.14563 0.6556864 -201.1096 -55.90796 3.655686 -186.4963 -65.3805 3.655686 -195.5431 -79.01099 3.655686 -205.2853 -72.77296 3.655686 -202.2697 -68.38349 3.655686 -198.5584 -70.69387 3.655686 -196.4707 -67.69055 3.655686 -205.285 -62.14563 3.655686 79.79627 -245.5848 -2.293333 88.37905 -249.5122 -2.293333 87.68318 -251.3605 -2.293333 91.62662 -253.2086 -2.293333 88.61113 -259.4465 -2.293333 85.13162 -257.8293 -2.293333 83.04397 -262.4499 -2.293333 73.99724 -258.2915 -2.293333 79.79627 -245.5848 2.593551 88.37905 -249.5122 2.593551 87.68318 -251.3605 2.593551 91.62662 -253.2086 2.593551 88.61113 -259.4465 2.593551 85.13162 -257.8293 2.593551 83.04397 -262.4499 2.593551 73.99724 -258.2915 2.593551 -136.1645 -272.8454 -0.1913724 -136.1645 -277.004 -0.1913724 -132.4531 -277.004 -0.1913724 -132.4532 -285.3211 -0.1913724 -145.6753 -285.3208 -0.1913724 -145.6752 -277.2348 -0.1913724 -140.8039 -277.2349 -0.1913724 -140.8038 -272.8454 -0.1913724 -136.1645 -272.8454 2.808628 -136.1645 -277.004 2.808628 -132.4531 -277.004 2.808628 -132.4532 -285.3211 2.808628 -145.6753 -285.3208 2.808628 -145.6752 -277.2348 2.808628 -140.8039 -277.2349 2.808628 -140.8038 -272.8454 2.808628 16.46913 -29.11116 -0.3796077 23.19596 -33.03864 -0.3796077 20.1805 -38.12128 -0.3796077 20.64442 -38.35231 -0.3796077 16.70112 -44.82113 -0.3796077 3.015477 -36.73513 -0.3796077 6.958786 -30.03529 -0.3796077 13.68562 -33.96277 -0.3796077 16.46913 -29.11116 4.023618 23.19596 -33.03864 4.023618 20.1805 -38.12128 4.023618 20.64442 -38.35231 4.023618 16.70112 -44.82113 4.023618 3.015477 -36.73513 4.023618 6.958786 -30.03529 4.023618 13.68562 -33.96277 4.023618 175.5958 -140.0031 -1.352157 187.426 -143.0062 -1.352157 185.5705 -150.3991 -1.352157 191.8335 -152.0162 -1.352157 189.5141 -161.2574 -1.352157 181.1634 -159.1783 -1.352157 182.0911 -155.4819 -1.352157 172.3486 -152.9408 -1.352157 175.5958 -140.0031 4.620623 187.426 -143.0062 4.620623 185.5705 -150.3991 4.620623 191.8335 -152.0162 4.620623 189.5141 -161.2574 4.620623 181.1634 -159.1783 4.620623 182.0911 -155.4819 4.620623 172.3486 -152.9408 4.620623 160.2862 -135.8449 -3.203137 163.5339 -144.6239 -3.203137 155.6472 -147.3964 -3.203137 158.4309 -155.2513 -3.203137 145.673 -159.6411 -3.203137 141.4974 -147.8587 -3.203137 147.5284 -145.5483 -3.203137 145.9046 -140.9278 -3.203137 160.2862 -135.8449 2.018011 163.5339 -144.6239 2.018011 155.6472 -147.3964 2.018011 158.4309 -155.2513 2.018011 145.673 -159.6411 2.018011 141.4974 -147.8587 2.018011 147.5284 -145.5483 2.018011 145.9046 -140.9278 2.018011 -139.8743 -182.7441 0.2478433 -129.8999 -187.3649 0.2478433 -132.6836 -193.1406 0.2478433 -134.7713 -192.2164 0.2478433 -138.2509 -199.3782 0.2478433 -142.4262 -197.5299 0.2478433 -140.5704 -193.3714 0.2478433 -144.0498 -191.7542 0.2478433 -139.8743 -182.7441 4.758994 -129.8999 -187.3649 4.758994 -132.6836 -193.1406 4.758994 -134.7713 -192.2164 4.758994 -138.2509 -199.3782 4.758994 -142.4262 -197.5299 4.758994 -140.5704 -193.3714 4.758994 -144.0498 -191.7542 4.758994 -254.9219 18.71594 -0.3796077 -251.4427 16.17451 -0.3796077 -250.2828 17.79168 -0.3796077 -243.0923 12.47779 -0.3796077 -248.4275 5.547086 -0.3796077 -255.3861 10.62995 -0.3796077 -253.9943 12.2471 -0.3796077 -257.7056 14.78854 -0.3796077 -254.9219 18.71594 2.620392 -251.4427 16.17451 2.620392 -250.2828 17.79168 2.620392 -243.0923 12.47779 2.620392 -248.4275 5.547086 2.620392 -255.3861 10.62995 2.620392 -253.9943 12.2471 2.620392 -257.7056 14.78854 2.620392 -242.3921 152.0192 -2.167843 -235.6656 147.3985 -2.167843 -233.114 151.0948 -2.167843 -227.5472 147.1672 -2.167843 -231.7225 140.9295 -2.167843 -233.5781 142.3158 -2.167843 -237.2896 136.7712 -2.167843 -247.9593 143.9334 -2.167843 -242.3921 152.0192 1.890942 -235.6656 147.3985 1.890942 -233.114 151.0948 1.890942 -227.5472 147.1672 1.890942 -231.7225 140.9295 1.890942 -233.5781 142.3158 1.890942 -237.2896 136.7712 1.890942 -247.9593 143.9334 1.890942 134.0775 -317.434 -1.948235 143.1243 -321.5924 -1.948235 142.1965 -323.6717 -1.948235 146.6039 -325.5198 -1.948235 145.4442 -328.2922 -1.948235 149.6196 -330.1403 -1.948235 146.8361 -336.1471 -1.948235 129.2064 -328.2925 -1.948235 134.0775 -317.434 2.501461 143.1243 -321.5924 2.501461 142.1965 -323.6717 2.501461 146.6039 -325.5198 2.501461 145.4442 -328.2922 2.501461 149.6196 -330.1403 2.501461 146.8361 -336.1471 2.501461 129.2064 -328.2925 2.501461 -224.7658 73.46888 -0.567843 -216.8795 68.15499 -0.567843 -217.5754 66.99986 -0.567843 -207.6014 60.06873 -0.567843 -211.3129 54.52413 -0.567843 -217.1117 58.45178 -0.567843 -218.9674 55.67949 -0.567843 -231.2609 63.99688 -0.567843 -224.7658 73.46888 3.682283 -216.8795 68.15499 3.682283 -217.5754 66.99986 3.682283 -207.6014 60.06873 3.682283 -211.3129 54.52413 3.682283 -217.1117 58.45178 3.682283 -218.9674 55.67949 3.682283 -231.2609 63.99688 3.682283 -240.77 100.7308 -1.571764 -232.4197 96.10994 -1.571764 -235.8992 90.33432 -1.571764 -232.8839 88.486 -1.571764 -237.9872 79.70705 -1.571764 -246.5694 84.78995 -1.571764 -241.2341 94.03094 -1.571764 -243.7856 95.41719 -1.571764 -240.77 100.7308 1.428236 -232.4197 96.10994 1.428236 -235.8992 90.33432 1.428236 -232.8839 88.486 1.428236 -237.9872 79.70705 1.428236 -246.5694 84.78995 1.428236 -241.2341 94.03094 1.428236 -243.7856 95.41719 1.428236 -299.6897 22.18296 -1.132549 -287.8601 15.25165 -1.132549 -291.8037 8.782983 -1.132549 -294.819 10.63133 -1.132549 -298.2986 4.855735 -1.132549 -302.9377 7.62826 -1.132549 -305.2574 3.700858 -1.132549 -309.2006 6.011302 -1.132549 -299.6897 22.18296 2.558865 -287.8601 15.25165 2.558865 -291.8037 8.782983 2.558865 -294.819 10.63133 2.558865 -298.2986 4.855735 2.558865 -302.9377 7.62826 2.558865 -305.2574 3.700858 2.558865 -309.2006 6.011302 2.558865 -310.3568 97.96086 -2.481568 -304.3261 93.34005 -2.481568 -302.9343 95.18822 -2.481568 -296.2078 90.10533 -2.481568 -302.7029 81.55751 -2.481568 -312.2128 88.71978 -2.481568 -310.3571 91.26102 -2.481568 -313.6044 93.57144 -2.481568 -310.3568 97.96086 1.043696 -304.3261 93.34005 1.043696 -302.9343 95.18822 1.043696 -296.2078 90.10533 1.043696 -302.7029 81.55751 1.043696 -312.2128 88.71978 1.043696 -310.3571 91.26102 1.043696 -313.6044 93.57144 1.043696 -169.3335 -169.3439 0.5301962 -157.7354 -173.7337 0.5301962 -160.5191 -181.8196 0.5301962 -164.9264 -180.2023 0.5301962 -167.0142 -185.747 0.5301962 -177.4525 -181.8193 0.5301962 -175.5966 -176.2746 0.5301962 -172.3492 -177.4298 0.5301962 -169.3335 -169.3439 4.301962 -157.7354 -173.7337 4.301962 -160.5191 -181.8196 4.301962 -164.9264 -180.2023 4.301962 -167.0142 -185.747 4.301962 -177.4525 -181.8193 4.301962 -175.5966 -176.2746 4.301962 -172.3492 -177.4298 4.301962 65.41358 -149.477 -1.728627 81.65102 -151.7871 -1.728627 80.49129 -160.3352 -1.728627 76.08398 -159.6421 -1.728627 75.38814 -164.7248 -1.728627 65.87763 -163.3387 -1.728627 66.80543 -156.8699 -1.728627 64.25383 -156.6389 -1.728627 65.41358 -149.477 4.261237 81.65102 -151.7871 4.261237 80.49129 -160.3352 4.261237 76.08398 -159.6421 4.261237 75.38814 -164.7248 4.261237 65.87763 -163.3387 4.261237 66.80543 -156.8699 4.261237 64.25383 -156.6389 4.261237 -368.1299 -246.2697 0.2164707 -360.2433 -252.0458 0.2164707 -363.955 -257.1282 0.2164707 -357.6921 -261.5181 0.2164707 -360.4759 -265.2144 0.2164707 -377.6408 -252.738 0.2164707 -373.4652 -246.9625 0.2164707 -370.4497 -249.2729 0.2164707 -368.1299 -246.2697 3.216471 -360.2433 -252.0458 3.216471 -363.955 -257.1282 3.216471 -357.6921 -261.5181 3.216471 -360.4759 -265.2144 3.216471 -377.6408 -252.738 3.216471 -373.4652 -246.9625 3.216471 -370.4497 -249.2729 3.216471 87.68091 -48.51712 -1.414902 109.0213 -52.44434 -1.414902 107.8616 -58.68214 -1.414902 99.04706 -57.06505 -1.414902 98.58318 -60.06843 -1.414902 92.78416 -58.91336 -1.414902 92.32026 -60.99262 -1.414902 85.59339 -59.60653 -1.414902 87.68091 -48.51712 2.630604 109.0213 -52.44434 2.630604 107.8616 -58.68214 2.630604 99.04706 -57.06505 2.630604 98.58318 -60.06843 2.630604 92.78416 -58.91336 2.630604 92.32026 -60.99262 2.630604 85.59339 -59.60653 2.630604 244.2502 71.15917 -2.983529 251.905 65.61472 -2.983529 250.2814 63.5354 -2.983529 263.2713 54.06364 -2.983529 260.024 49.67399 -2.983529 257.4724 51.52213 -2.983529 255.3849 48.74972 -2.983529 237.5238 61.91781 -2.983529 244.2502 71.15917 0.7312305 251.905 65.61472 0.7312305 250.2814 63.5354 0.7312305 263.2713 54.06364 0.7312305 260.024 49.67399 0.7312305 257.4724 51.52213 0.7312305 255.3849 48.74972 0.7312305 237.5238 61.91781 0.7312305 153.3232 74.85333 -2.669804 161.9056 73.2363 -2.669804 159.3544 59.60554 -2.669804 165.1533 58.45052 -2.669804 163.7618 50.5955 -2.669804 154.2515 52.21251 -2.669804 154.9473 55.67796 -2.669804 150.0762 56.60198 -2.669804 153.3232 74.85333 3.543283 161.9056 73.2363 3.543283 159.3544 59.60554 3.543283 165.1533 58.45052 3.543283 163.7618 50.5955 3.543283 154.2515 52.21251 3.543283 154.9473 55.67796 3.543283 150.0762 56.60198 3.543283 128.7412 -255.2874 -1.979608 134.3085 -257.5976 -1.979608 131.525 -264.2975 -1.979608 143.3554 -269.3799 -1.979608 139.6441 -278.159 -1.979608 131.9891 -274.9248 -1.979608 130.3654 -278.3902 -1.979608 120.6227 -274.2319 -1.979608 128.7412 -255.2874 3.089351 134.3085 -257.5976 3.089351 131.525 -264.2975 3.089351 143.3554 -269.3799 3.089351 139.6441 -278.159 3.089351 131.9891 -274.9248 3.089351 130.3654 -278.3902 3.089351 120.6227 -274.2319 3.089351 -305.2647 -183.8946 0.02823544 -301.0895 -186.6671 0.02823544 -299.4656 -184.3569 0.02823544 -292.2749 -188.9777 0.02823544 -295.0587 -193.3672 0.02823544 -291.5793 -195.6776 0.02823544 -294.1311 -199.836 0.02823544 -309.4403 -190.1322 0.02823544 -305.2647 -183.8946 3.922169 -301.0895 -186.6671 3.922169 -299.4656 -184.3569 3.922169 -292.2749 -188.9777 3.922169 -295.0587 -193.3672 3.922169 -291.5793 -195.6776 3.922169 -294.1311 -199.836 3.922169 -309.4403 -190.1322 3.922169 306.646 86.40927 -1.571764 314.0687 81.78898 -1.571764 309.198 73.93381 -1.571764 319.8682 67.46542 -1.571764 317.0849 63.07576 -1.571764 306.1827 69.54414 -1.571764 303.6313 65.38552 -1.571764 296.4405 70.00582 -1.571764 306.646 86.40927 2.185134 314.0687 81.78898 2.185134 309.198 73.93381 2.185134 319.8682 67.46542 2.185134 317.0849 63.07576 2.185134 306.1827 69.54414 2.185134 303.6313 65.38552 2.185134 296.4405 70.00582 2.185134 57.52744 -231.2612 -1.791372 60.31103 -232.4163 -1.791372 58.45534 -236.1128 -1.791372 70.28563 -241.6574 -1.791372 64.02267 -255.2882 -1.791372 45.69729 -246.9713 -1.791372 51.96028 -233.3405 -1.791372 55.90371 -234.9577 -1.791372 57.52744 -231.2612 3.751259 60.31103 -232.4163 3.751259 58.45534 -236.1128 3.751259 70.28563 -241.6574 3.751259 64.02267 -255.2882 3.751259 45.69729 -246.9713 3.751259 51.96028 -233.3405 3.751259 55.90371 -234.9577 3.751259 -172.817 -352.7807 -0.1913724 -172.5855 -374.2664 -0.1913724 -180.7044 -374.2662 -0.1913724 -180.7043 -370.8008 -0.1913724 -184.6478 -370.8007 -0.1913724 -184.6476 -361.3285 -0.1913724 -180.9361 -361.3286 -0.1913724 -181.1678 -353.0115 -0.1913724 -172.817 -352.7807 6.657204 -172.5855 -374.2664 6.657204 -180.7044 -374.2662 6.657204 -180.7043 -370.8008 6.657204 -184.6478 -370.8007 6.657204 -184.6476 -361.3285 6.657204 -180.9361 -361.3286 6.657204 -181.1678 -353.0115 6.657204 108.3244 22.17799 -1.571764 118.2986 20.3299 -1.571764 117.6028 16.86445 -1.571764 122.01 16.17143 -1.571764 121.0822 11.78187 -1.571764 124.0977 11.31986 -1.571764 123.1699 6.006181 -1.571764 105.773 9.471361 -1.571764 108.3244 22.17799 1.532645 118.2986 20.3299 1.532645 117.6028 16.86445 1.532645 122.01 16.17143 1.532645 121.0822 11.78187 1.532645 124.0977 11.31986 1.532645 123.1699 6.006181 1.532645 105.773 9.471361 1.532645 340.0516 -5.076811 -0.5050979 333.789 -12.93206 -0.5050979 333.789 -12.92461 -0.5050979 332.8613 -14.08725 -0.5050979 326.3662 -8.773854 -0.5050979 322.887 -13.16355 -0.5050979 315.2321 -6.926078 -0.5050979 327.5253 8.091305 -0.5050979 333.7884 2.98793 -0.5050979 333.7884 3.008932 -0.5050979 335.1802 1.853847 -0.5050979 333.7885 0.005556401 -0.5050979 340.0516 -5.076811 8.08438 333.789 -12.93206 8.08438 333.789 -12.92461 8.08438 332.8613 -14.08725 8.08438 326.3662 -8.773854 8.08438 322.887 -13.16355 8.08438 315.2321 -6.926078 8.08438 327.5253 8.091305 8.08438 333.7884 2.98793 8.08438 333.7884 3.008932 8.08438 335.1802 1.853847 8.08438 333.7885 0.005556401 8.08438 -89.7715 -306.5763 -0.1913724 -89.77175 -328.293 -0.1913724 -99.97835 -328.0619 -0.1913724 -99.97829 -322.9792 -0.1913724 -98.81845 -323.2103 -0.1913724 -98.58637 -314.4312 -0.1913724 -104.6175 -314.4311 -0.1913724 -104.6174 -306.5761 -0.1913724 -89.7715 -306.5763 3.594902 -89.77175 -328.293 3.594902 -99.97835 -328.0619 3.594902 -99.97829 -322.9792 3.594902 -98.81845 -323.2103 3.594902 -98.58637 -314.4312 3.594902 -104.6175 -314.4311 3.594902 -104.6174 -306.5761 3.594902 341.9162 -209.9993 0.2164707 342.612 -206.9959 0.2164707 334.4931 -204.917 0.2164707 335.6527 -200.7585 0.2164707 339.1323 -201.6824 0.2164707 340.9877 -195.2135 0.2164707 350.2664 -197.7544 0.2164707 346.7875 -211.1543 0.2164707 341.9162 -209.9993 3.216471 342.612 -206.9959 3.216471 334.4931 -204.917 3.216471 335.6527 -200.7585 3.216471 339.1323 -201.6824 3.216471 340.9877 -195.2135 3.216471 350.2664 -197.7544 3.216471 346.7875 -211.1543 3.216471 -98.81459 -15.94191 0.4360785 -91.62391 -20.56258 0.4360785 -96.03122 -27.49339 0.4360785 -89.07249 -32.11405 0.4360785 -86.75285 -28.41761 0.4360785 -82.5776 -30.95898 0.4360785 -92.78401 -46.66883 0.4360785 -111.1087 -34.88612 0.4360785 -98.81459 -15.94191 6.609633 -91.62391 -20.56258 6.609633 -96.03122 -27.49339 6.609633 -89.07249 -32.11405 6.609633 -86.75285 -28.41761 6.609633 -82.5776 -30.95898 6.609633 -92.78401 -46.66883 6.609633 -111.1087 -34.88612 6.609633 42.44989 -268.919 -1.383529 57.52776 -275.3877 -1.383529 54.7442 -281.6255 -1.383529 51.03272 -280.0084 -1.383529 44.7697 -294.7942 -1.383529 36.88279 -291.3288 -1.383529 43.37779 -276.3119 -1.383529 39.89828 -274.6948 -1.383529 42.44989 -268.919 4.008354 57.52776 -275.3877 4.008354 54.7442 -281.6255 4.008354 51.03272 -280.0084 4.008354 44.7697 -294.7942 4.008354 36.88279 -291.3288 4.008354 43.37779 -276.3119 4.008354 39.89828 -274.6948 4.008354 -23.19675 -299.6459 -0.7874508 1.159838 -304.9596 -0.7874508 0.4639355 -307.963 -0.7874508 13.91807 -310.9664 -0.7874508 12.29431 -318.3593 -0.7874508 -5.335263 -314.4318 -0.7874508 -4.639357 -310.9664 -0.7874508 -24.82054 -306.5768 -0.7874508 -23.19675 -299.6459 4.267564 1.159838 -304.9596 4.267564 0.4639355 -307.963 4.267564 13.91807 -310.9664 4.267564 12.29431 -318.3593 4.267564 -5.335263 -314.4318 4.267564 -4.639357 -310.9664 4.267564 -24.82054 -306.5768 4.267564 258.6378 -119.4392 -0.1913724 270.6999 -120.825 -0.1913724 270.2362 -125.6766 -0.1913724 272.3238 -125.9076 -0.1913724 271.8601 -130.9902 -0.1913724 268.3806 -130.5283 -0.1913724 267.9168 -134.2248 -0.1913724 260.494 -133.3009 -0.1913724 260.9578 -128.6803 -0.1913724 257.4783 -128.2183 -0.1913724 258.6378 -119.4392 5.031842 270.6999 -120.825 5.031842 270.2362 -125.6766 5.031842 272.3238 -125.9076 5.031842 271.8601 -130.9902 5.031842 268.3806 -130.5283 5.031842 267.9168 -134.2248 5.031842 260.494 -133.3009 5.031842 260.9578 -128.6803 5.031842 257.4783 -128.2183 5.031842 -105.7741 -68.15435 0.09098053 -94.40808 -76.00948 0.09098053 -97.19166 -79.93693 0.09098053 -93.24836 -82.70933 0.09098053 -95.10408 -85.48165 0.09098053 -105.3103 -78.31963 0.09098053 -107.166 -80.86092 0.09098053 -99.51135 -86.17468 0.09098053 -103.2228 -91.4883 0.09098053 -115.7486 -82.478 0.09098053 -105.7741 -68.15435 5.438315 -94.40808 -76.00948 5.438315 -97.19166 -79.93693 5.438315 -93.24836 -82.70933 5.438315 -95.10408 -85.48165 5.438315 -105.3103 -78.31963 5.438315 -107.166 -80.86092 5.438315 -99.51135 -86.17468 5.438315 -103.2228 -91.4883 5.438315 -115.7486 -82.478 5.438315 282.7597 -57.29161 -0.4737253 294.1258 -60.06354 -0.4737253 292.9662 -65.37725 -0.4737253 287.863 -64.2223 -0.4737253 286.0076 -72.07735 -0.4737253 277.425 -69.99839 -0.4737253 278.5847 -65.83983 -0.4737253 277.1929 -65.60885 -0.4737253 278.3525 -60.52618 -0.4737253 281.832 -61.45017 -0.4737253 282.7597 -57.29161 3.833995 294.1258 -60.06354 3.833995 292.9662 -65.37725 3.833995 287.863 -64.2223 3.833995 286.0076 -72.07735 3.833995 277.425 -69.99839 3.833995 278.5847 -65.83983 3.833995 277.1929 -65.60885 3.833995 278.3525 -60.52618 3.833995 281.832 -61.45017 3.833995 308.7471 -257.5927 -0.1913724 316.1701 -259.6716 -0.1913724 315.9382 -260.8268 -0.1913724 331.7121 -265.2157 -0.1913724 330.0886 -271.4535 -0.1913724 323.5934 -269.6056 -0.1913724 322.8976 -271.6848 -0.1913724 316.6344 -269.8369 -0.1913724 317.0983 -268.2196 -0.1913724 306.4277 -265.4477 -0.1913724 308.7471 -257.5927 4.586405 316.1701 -259.6716 4.586405 315.9382 -260.8268 4.586405 331.7121 -265.2157 4.586405 330.0886 -271.4535 4.586405 323.5934 -269.6056 4.586405 322.8976 -271.6848 4.586405 316.6344 -269.8369 4.586405 317.0983 -268.2196 4.586405 306.4277 -265.4477 4.586405 311.9896 -130.7577 -0.1599998 316.8608 -131.6816 -0.1599998 313.8459 -147.1607 -0.1599998 305.7272 -145.5438 -0.1599998 305.0314 -149.2403 -0.1599998 301.32 -148.5473 -0.1599998 303.4072 -137.4579 -0.1599998 300.1597 -136.7649 -0.1599998 301.3193 -130.7581 -0.1599998 311.5257 -132.837 -0.1599998 311.9896 -130.7577 4.658275 316.8608 -131.6816 4.658275 313.8459 -147.1607 4.658275 305.7272 -145.5438 4.658275 305.0314 -149.2403 4.658275 301.32 -148.5473 4.658275 303.4072 -137.4579 4.658275 300.1597 -136.7649 4.658275 301.3193 -130.7581 4.658275 311.5257 -132.837 4.658275 349.0948 66.31152 -1.63451 349.0948 66.28973 -1.63451 356.7497 60.53614 -1.63451 349.0955 50.25233 -1.63451 349.0955 50.1395 -1.63451 346.7761 47.13602 -1.63451 341.6729 50.83226 -1.63451 338.1937 46.21153 -1.63451 333.7864 49.44575 -1.63451 333.7864 49.5035 -1.63451 328.9151 53.142 -1.63451 333.786 59.83408 -1.63451 333.786 59.84205 -1.63451 335.6415 62.38344 -1.63451 344.6881 55.91503 -1.63451 346.7756 58.91849 -1.63451 340.0486 64.00084 -1.63451 344.4555 69.77675 -1.63451 349.0948 66.31152 3.090163 349.0948 66.28973 3.090163 356.7497 60.53614 3.090163 349.0955 50.25233 3.090163 349.0955 50.1395 3.090163 346.7761 47.13602 3.090163 341.6729 50.83226 3.090163 338.1937 46.21153 3.090163 333.7864 49.44575 3.090163 333.7864 49.5035 3.090163 328.9151 53.142 3.090163 333.786 59.83408 3.090163 333.786 59.84205 3.090163 335.6415 62.38344 3.090163 344.6881 55.91503 3.090163 346.7756 58.91849 3.090163 340.0486 64.00084 3.090163 344.4555 69.77675 3.090163 -136.3935 -103.5013 0.6870589 -112.7336 -119.2116 0.6870589 -117.8369 -126.8355 0.6870589 -122.0122 -124.0631 0.6870589 -123.6359 -126.3734 0.6870589 -118.0689 -130.0699 0.6870589 -122.4763 -136.3076 0.6870589 -146.1362 -120.5973 0.6870589 -142.4247 -115.0526 0.6870589 -143.5845 -114.1285 0.6870589 -136.3935 -103.5013 4.254248 -112.7336 -119.2116 4.254248 -117.8369 -126.8355 4.254248 -122.0122 -124.0631 4.254248 -123.6359 -126.3734 4.254248 -118.0689 -130.0699 4.254248 -122.4763 -136.3076 4.254248 -146.1362 -120.5973 4.254248 -142.4247 -115.0526 4.254248 -143.5845 -114.1285 4.254248 -75.61711 146.2401 -0.4423528 -60.3082 136.3058 -0.4423528 -61.69995 134.2265 -0.4423528 -57.29283 131.2231 -0.4423528 -60.30827 126.8336 -0.4423528 -63.09172 128.6818 -0.4423528 -66.33913 123.8303 -0.4423528 -80.95219 133.5336 -0.4423528 -79.09653 136.0749 -0.4423528 -75.38528 133.5335 -0.4423528 -72.83374 137.23 -0.4423528 -78.86452 141.1575 -0.4423528 -75.61711 146.2401 4.591246 -60.3082 136.3058 4.591246 -61.69995 134.2265 4.591246 -57.29283 131.2231 4.591246 -60.30827 126.8336 4.591246 -63.09172 128.6818 4.591246 -66.33913 123.8303 4.591246 -80.95219 133.5336 4.591246 -79.09653 136.0749 4.591246 -75.38528 133.5335 4.591246 -72.83374 137.23 4.591246 -78.86452 141.1575 4.591246 -188.5824 -0.2303018 -0.1913724 -182.3196 -3.926912 -0.1913724 -182.0876 -3.46486 -0.1913724 -172.1135 -9.471836 -0.1913724 -177.4488 -18.48185 -0.1913724 -179.3044 -17.32666 -0.1913724 -181.3921 -21.02307 -0.1913724 -185.5674 -18.71269 -0.1913724 -186.4952 -20.32987 -0.1913724 -191.8302 -17.09533 -0.1913724 -189.0466 -12.47482 -0.1913724 -191.1342 -11.0886 -0.1913724 -189.0465 -7.623216 -0.1913724 -192.0619 -5.774911 -0.1913724 -188.5824 -0.2303018 3.525667 -182.3196 -3.926912 3.525667 -182.0876 -3.46486 3.525667 -172.1135 -9.471836 3.525667 -177.4488 -18.48185 3.525667 -179.3044 -17.32666 3.525667 -181.3921 -21.02307 3.525667 -185.5674 -18.71269 3.525667 -186.4952 -20.32987 3.525667 -191.8302 -17.09533 3.525667 -189.0466 -12.47482 3.525667 -191.1342 -11.0886 3.525667 -189.0465 -7.623216 3.525667 -192.0619 -5.774911 3.525667 10.90217 -79.47547 -0.567843 25.7477 -89.64071 -0.567843 25.28378 -90.10277 -0.567843 41.52113 -101.1921 -0.567843 32.9386 -113.6677 -0.567843 22.50029 -106.5058 -0.567843 19.94872 -110.2023 -0.567843 12.7579 -105.3507 -0.567843 4.40728 -117.3642 -0.567843 -3.479429 -111.8195 -0.567843 1.159809 -104.8887 -0.567843 -2.78354 -102.3473 -0.567843 -0.4639231 -98.8819 -0.567843 -2.551577 -97.2647 -0.567843 2.319613 -90.33383 -0.567843 7.422765 -93.79926 -0.567843 9.510415 -90.79589 -0.567843 5.103147 -87.79252 -0.567843 10.90217 -79.47547 5.068657 25.7477 -89.64071 5.068657 25.28378 -90.10277 5.068657 41.52113 -101.1921 5.068657 32.9386 -113.6677 5.068657 22.50029 -106.5058 5.068657 19.94872 -110.2023 5.068657 12.7579 -105.3507 5.068657 4.40728 -117.3642 5.068657 -3.479429 -111.8195 5.068657 1.159809 -104.8887 5.068657 -2.78354 -102.3473 5.068657 -0.4639231 -98.8819 5.068657 -2.551577 -97.2647 5.068657 2.319613 -90.33383 5.068657 7.422765 -93.79926 5.068657 9.510415 -90.79589 5.068657 5.103147 -87.79252 5.068657 -55.20732 -164.7249 -0.4737253 -46.85665 -168.4215 -0.4737253 -53.11976 -181.8211 -0.4737253 -53.11977 -183.2073 -0.4737253 -49.17639 -185.0555 -0.4737253 -47.08869 -180.897 -0.4737253 -41.05764 -183.6694 -0.4737253 -42.44944 -187.1348 -0.4737253 -42.68141 -187.8279 -0.4737253 -45.69699 -194.5277 -0.4737253 -50.56822 -192.2174 -0.4737253 -51.96003 -195.2208 -0.4737253 -46.85683 -197.5311 -0.4737253 -48.4806 -200.7655 -0.4737253 -51.49613 -199.6103 -0.4737253 -53.58384 -204.2309 -0.4737253 -56.59937 -202.8447 -0.4737253 -54.9756 -199.3793 -0.4737253 -54.97557 -195.6828 -0.4737253 -58.22306 -194.0656 -0.4737253 -60.31077 -198.4551 -0.4737253 -64.25415 -196.6068 -0.4737253 -64.02215 -191.5242 -0.4737253 -67.26963 -189.907 -0.4737253 -68.89342 -193.6034 -0.4737253 -71.21306 -193.3724 -0.4737253 -79.7957 -189.4448 -0.4737253 -69.58907 -167.0351 -0.4737253 -58.45486 -172.1178 -0.4737253 -55.20732 -164.7249 3.499041 -46.85665 -168.4215 3.499041 -53.11976 -181.8211 3.499041 -53.11977 -183.2073 3.499041 -49.17639 -185.0555 3.499041 -47.08869 -180.897 3.499041 -41.05764 -183.6694 3.499041 -42.44944 -187.1348 3.499041 -42.68141 -187.8279 3.499041 -45.69699 -194.5277 3.499041 -50.56822 -192.2174 3.499041 -51.96003 -195.2208 3.499041 -46.85683 -197.5311 3.499041 -48.4806 -200.7655 3.499041 -51.49613 -199.6103 3.499041 -53.58384 -204.2309 3.499041 -56.59937 -202.8447 3.499041 -54.9756 -199.3793 3.499041 -54.97557 -195.6828 3.499041 -58.22306 -194.0656 3.499041 -60.31077 -198.4551 3.499041 -64.25415 -196.6068 3.499041 -64.02215 -191.5242 3.499041 -67.26963 -189.907 3.499041 -68.89342 -193.6034 3.499041 -71.21306 -193.3724 3.499041 -79.7957 -189.4448 3.499041 -69.58907 -167.0351 3.499041 -58.45486 -172.1178 3.499041 351.8884 -159.1726 0.1223531 360.2392 -161.4825 0.1223531 357.4561 -171.6479 0.1223531 349.1053 -169.3379 0.1223531 351.8884 -159.1726 3.122353 360.2392 -161.4825 3.122353 357.4561 -171.6479 3.122353 349.1053 -169.3379 3.122353 357.4547 -140.921 0.02823544 366.2694 -143.4619 0.02823544 362.3266 -156.6308 0.02823544 356.2955 -154.7828 0.02823544 357.4551 -150.6242 0.02823544 354.6715 -149.9313 0.02823544 357.4547 -140.921 3.028235 366.2694 -143.4619 3.028235 362.3266 -156.6308 3.028235 356.2955 -154.7828 3.028235 357.4551 -150.6242 3.028235 354.6715 -149.9313 3.028235 361.1648 -113.4284 0.02823544 365.5722 -114.3523 0.02823544 364.8764 -116.8937 0.02823544 374.6189 -119.2035 0.02823544 372.7635 -126.3655 0.02823544 358.8456 -122.9007 0.02823544 361.1648 -113.4284 5.787964 365.5722 -114.3523 5.787964 364.8764 -116.8937 5.787964 374.6189 -119.2035 5.787964 372.7635 -126.3655 5.787964 358.8456 -122.9007 5.787964 374.6146 -29.10224 -0.1913724 379.7178 -29.79509 -0.1913724 378.5584 -38.57424 -0.1913724 381.8058 -39.03614 -0.1913724 380.8784 -46.89117 -0.1913724 366.4968 -45.04362 -0.1913724 367.6562 -36.26447 -0.1913724 373.6872 -37.1883 -0.1913724 374.6146 -29.10224 4.536955 379.7178 -29.79509 4.536955 378.5584 -38.57424 4.536955 381.8058 -39.03614 4.536955 380.8784 -46.89117 4.536955 366.4968 -45.04362 4.536955 367.6562 -36.26447 4.536955 373.6872 -37.1883 4.536955 373.6899 -94.02141 0.02823544 380.8808 -95.86929 0.02823544 378.3297 -106.0347 0.02823544 374.3863 -105.1108 0.02823544 375.082 -102.5694 0.02823544 364.6436 -99.79755 0.02823544 366.0351 -94.2528 0.02823544 373.226 -96.10069 0.02823544 373.6899 -94.02141 3.976331 380.8808 -95.86929 3.976331 378.3297 -106.0347 3.976331 374.3863 -105.1108 3.976331 375.082 -102.5694 3.976331 364.6436 -99.79755 3.976331 366.0351 -94.2528 3.976331 373.226 -96.10069 3.976331</float_array>
          <technique_common>
            <accessor count="3512" source="#verts-array-array" stride="3">
              <param type="float" name="X" />
              <param type="float" name="Y" />
              <param type="float" name="Z" />
            </accessor>
          </technique_common>
        </source>
        <source id="normals-array">
          <float_array count="10536" id="normals-array-array">0.8051273 0.1393352 -0.576503 0.1391297 -0.80394 -0.5782071 -0.8051275 -0.1393346 -0.5765029 -0.2310738 -0.1186386 -0.9656758 -0.7420931 -0.3809812 -0.551499 -0.1379728 0.8042465 -0.5780581 0.4033663 0.5803788 -0.7074292 0.8051273 0.1393352 0.576503 0.1391297 -0.80394 0.5782071 -0.8051275 -0.1393346 0.5765029 -0.2310738 -0.1186386 0.9656758 -0.7420931 -0.3809812 0.551499 -0.1379728 0.8042465 0.5780581 0.4033663 0.5803788 0.7074292 0.622384 0.5293786 -0.5765384 0.7036776 -0.05941633 -0.7080308 0.551676 -0.5977446 -0.5816829 0.3025203 -0.3304912 -0.8940118 0.5286545 -0.6214803 -0.5781753 -0.6223646 -0.5294061 -0.576534 -0.7029577 0.056328 -0.7089976 -0.5342555 0.6175007 -0.5772902 0.6199557 0.5317615 -0.5769616 0.3222834 0.2764101 -0.9053899 0.622384 0.5293786 0.5765384 0.7036776 -0.05941633 0.7080308 0.551676 -0.5977446 0.5816829 0.3025203 -0.3304912 0.8940118 0.5286545 -0.6214803 0.5781753 -0.6223646 -0.5294061 0.576534 -0.7029577 0.056328 0.7089976 -0.5342555 0.6175007 0.5772902 0.6199557 0.5317615 0.5769616 0.3222834 0.2764101 0.9053899 -0.2027881 0.7906605 -0.5776963 0.7911333 0.2029097 -0.5770059 0.2027884 -0.7906604 -0.5776962 -0.7911334 -0.2029093 -0.5770058 -0.2027881 0.7906605 0.5776963 0.7911333 0.2029097 0.5770059 0.2027884 -0.7906604 0.5776962 -0.7911334 -0.2029093 0.5770058 -0.7245547 -0.3795931 -0.5752647 -0.6705743 0.2106486 -0.7113067 -0.3987368 0.7115507 -0.5785366 0.7115042 0.4017335 -0.5765171 0.3946459 -0.7149278 -0.5771766 -0.7161926 -0.3923338 -0.5771849 -0.3732914 -0.2044818 -0.9048982 -0.7245547 -0.3795931 0.5752647 -0.6705743 0.2106486 0.7113067 -0.3987368 0.7115507 0.5785366 0.7115042 0.4017335 0.5765171 0.3946459 -0.7149278 0.5771766 -0.7161926 -0.3923338 0.5771849 -0.3732914 -0.2044818 0.9048982 -0.3680069 0.7290718 -0.5770835 0.7287341 0.3678368 -0.5776181 0.3680072 -0.7290716 -0.5770834 -0.7287343 -0.3678365 -0.577618 -0.3680069 0.7290718 0.5770835 0.7287341 0.3678368 0.5776181 0.3680072 -0.7290716 0.5770834 -0.7287343 -0.3678365 0.577618 0.6686548 -0.4690563 -0.5769635 0.3473127 -0.2428134 -0.9057679 0.6695012 -0.4680511 -0.5767983 -0.4676044 -0.6688579 -0.5779059 -0.6694996 0.468053 -0.5767986 0.4676041 0.668858 -0.577906 0.3009974 0.3608936 -0.8826984 0.5194093 0.6207601 -0.587257 0.6686548 -0.4690563 0.5769635 0.3473127 -0.2428134 0.9057679 0.6695012 -0.4680511 0.5767983 -0.4676044 -0.6688579 0.5779059 -0.6694996 0.468053 0.5767986 0.4676041 0.668858 0.577906 0.3009974 0.3608936 0.8826984 0.5194093 0.6207601 0.587257 -0.09313105 0.810738 -0.5779537 0.8102699 0.09942342 -0.5775618 0.1052418 -0.8092929 -0.5779006 -0.8114129 -0.0991511 -0.5760019 -0.09313105 0.810738 0.5779537 0.8102699 0.09942342 0.5775618 0.1052418 -0.8092929 0.5779006 -0.8114129 -0.0991511 0.5760019 0.6394154 0.5067188 -0.5782595 0.5075152 -0.6404148 -0.5764523 -0.6394138 -0.5067214 -0.578259 -0.7018935 0.06960474 -0.7088729 -0.5128742 0.6368626 -0.5756441 0.6494314 0.4960122 -0.5763773 0.3351888 0.2559989 -0.9067045 0.6394154 0.5067188 0.5782595 0.5075152 -0.6404148 0.5764523 -0.6394138 -0.5067214 0.578259 -0.7018935 0.06960474 0.7088729 -0.5128742 0.6368626 0.5756441 0.6494314 0.4960122 0.5763773 0.3351888 0.2559989 0.9067045 0.7180954 0.3891845 -0.5769527 0.3719651 0.2025417 -0.9058801 0.7174632 0.3906554 -0.5767451 0.6770591 -0.2039257 -0.7071105 0.3857181 -0.7197194 -0.5772569 -0.2051056 -0.6767027 -0.7071104 -0.7217403 -0.3823992 -0.5769418 -0.3750818 -0.1987213 -0.9054411 -0.7166082 -0.3901597 -0.5781419 -0.4843498 0.6427959 -0.5934802 -0.2949476 0.4008326 -0.8673748 -0.3866694 0.7182368 -0.5784657 0.09418114 0.6659461 -0.7400309 0.1045636 0.7289838 -0.6764976 0.7180954 0.3891845 0.5769527 0.3719651 0.2025417 0.9058801 0.7174632 0.3906554 0.5767451 0.6770591 -0.2039257 0.7071105 0.3857181 -0.7197194 0.5772569 -0.2051056 -0.6767027 0.7071104 -0.7217403 -0.3823992 0.5769418 -0.3750818 -0.1987213 0.9054411 -0.7166082 -0.3901597 0.5781419 -0.4843498 0.6427959 0.5934802 -0.2949476 0.4008326 0.8673748 -0.3866694 0.7182368 0.5784657 0.09418114 0.6659461 0.7400309 0.1045636 0.7289838 0.6764976 -0.1593077 0.8012949 -0.5766694 0.8020306 0.1533452 -0.5772626 0.1570762 -0.8008185 -0.5779419 -0.7999281 -0.1630058 -0.5775328 -0.1593077 0.8012949 0.5766694 0.8020306 0.1533452 0.5772626 0.1570762 -0.8008185 0.5779419 -0.7999281 -0.1630058 0.5775328 -0.3542109 0.7350009 -0.578194 0.7360697 0.3547264 -0.5765159 0.3542112 -0.7350008 -0.5781939 -0.7360699 -0.354726 -0.5765158 -0.3542109 0.7350009 0.578194 0.7360697 0.3547264 0.5765159 0.3542112 -0.7350008 0.5781939 -0.7360699 -0.354726 0.5765158 0.7231807 0.3791743 -0.5772664 0.3820817 -0.7211501 -0.5778894 -0.7244564 -0.3783609 -0.5761996 -0.3746311 0.7249127 -0.5780597 0.7231807 0.3791743 0.5772664 0.3820817 -0.7211501 0.5778894 -0.7244564 -0.3783609 0.5761996 -0.3746311 0.7249127 0.5780597 0.8056096 0.1269807 -0.5786788 0.414333 0.07517929 -0.907015 0.8041566 0.1458874 -0.5762369 0.5768996 -0.4088739 -0.7071131 0.1442119 -0.802987 -0.5782861 -0.3983387 -0.5841336 -0.7071876 -0.8012879 -0.1552503 -0.5777846 -0.1519655 0.8028638 -0.5764687 -0.08313894 0.4063929 -0.9099081 -0.1685062 0.8002237 -0.5755413 0.1837175 0.5989273 -0.7794446 0.2416131 0.7271604 -0.6425425 0.8056096 0.1269807 0.5786788 0.414333 0.07517929 0.907015 0.8041566 0.1458874 0.5762369 0.5768996 -0.4088739 0.7071131 0.1442119 -0.802987 0.5782861 -0.3983387 -0.5841336 0.7071876 -0.8012879 -0.1552503 0.5777846 -0.1519655 0.8028638 0.5764687 -0.08313894 0.4063929 0.9099081 -0.1685062 0.8002237 0.5755413 0.1837175 0.5989273 0.7794446 0.2416131 0.7271604 0.6425425 0.0483375 0.7980285 -0.600678 0.7034123 0.3484476 -0.6195122 0.7201534 -0.2836724 -0.6331738 0.3502596 -0.6859929 -0.6377555 -0.1282555 -0.7511775 -0.6475206 -0.6765822 -0.4188892 -0.605614 -0.7043627 0.3453866 -0.6201462 -0.4038421 0.5973634 -0.6928698 0.0483375 0.7980285 0.600678 0.7034123 0.3484476 0.6195122 0.7201534 -0.2836724 0.6331738 0.3502596 -0.6859929 0.6377555 -0.1282555 -0.7511775 0.6475206 -0.6765822 -0.4188892 0.605614 -0.7043627 0.3453866 0.6201462 -0.4038421 0.5973634 0.6928698 0.5773774 0.5773231 -0.5773503 0.5773231 -0.5773775 -0.5773502 0.301497 -0.3015259 -0.904534 0.5773222 -0.5773784 -0.5773502 -0.5773788 -0.5773218 -0.5773502 -0.5773218 0.5773787 -0.5773503 -0.3014966 0.3015257 -0.9045341 -0.5773228 0.5773777 -0.5773503 0.5773774 0.5773231 0.5773503 0.5773231 -0.5773775 0.5773502 0.301497 -0.3015259 0.904534 0.5773222 -0.5773784 0.5773502 -0.5773788 -0.5773218 0.5773502 -0.5773218 0.5773787 0.5773503 -0.3014966 0.3015257 0.9045341 -0.5773228 0.5773777 0.5773503 -0.09332281 0.3903249 -0.9159352 -0.1962553 0.7957068 -0.5730049 0.7981167 0.1689239 -0.5783377 0.4216661 0.08925898 -0.9023472 0.7976071 0.1705729 -0.5785567 0.3814118 -0.6920114 -0.6128991 0.266159 -0.4852892 -0.8328588 0.1780055 -0.7967107 -0.5775518 -0.175625 -0.6065748 -0.7753856 -0.212916 -0.7302168 -0.649192 -0.3787 -0.5966458 -0.707531 -0.7980618 -0.1746914 -0.5766978 -0.4146159 -0.08992398 -0.9055426 -0.7973246 -0.1760829 -0.5772939 -0.1771001 0.7969165 -0.5775462 0.1759337 0.6062903 -0.7755382 0.2201573 0.7295776 -0.6474931 -0.07444148 0.4346557 -0.8975148 -0.5712817 0.4058166 -0.7134074 -0.1601086 0.8005007 -0.5775499 0.1813892 0.6011659 -0.7782657 0.2256768 0.7290308 -0.6462075 -0.09332281 0.3903249 0.9159352 -0.1962553 0.7957068 0.5730049 0.7981167 0.1689239 0.5783377 0.4216661 0.08925898 0.9023472 0.7976071 0.1705729 0.5785567 0.3814118 -0.6920114 0.6128991 0.266159 -0.4852892 0.8328588 0.1780055 -0.7967107 0.5775518 -0.175625 -0.6065748 0.7753856 -0.212916 -0.7302168 0.649192 -0.3787 -0.5966458 0.707531 -0.7980618 -0.1746914 0.5766978 -0.4146159 -0.08992398 0.9055426 -0.7973246 -0.1760829 0.5772939 -0.1771001 0.7969165 0.5775462 0.1759337 0.6062903 0.7755382 0.2201573 0.7295776 0.6474931 -0.07444148 0.4346557 0.8975148 -0.5712817 0.4058166 0.7134074 -0.1601086 0.8005007 0.5775499 0.1813892 0.6011659 0.7782657 0.2256768 0.7290308 0.6462075 -0.07272232 0.8129925 -0.577715 0.8124631 0.07838144 -0.5777196 0.4325508 0.03648032 -0.9008712 0.8129237 0.06580049 -0.578641 0.4254754 0.0389217 -0.9041326 0.8125127 0.07684965 -0.5778557 0.08465586 -0.8117341 -0.5778591 -0.8121473 -0.08624919 -0.5770423 -0.4235509 -0.04419861 -0.9047934 -0.8134922 -0.07785864 -0.5763406 -0.07272232 0.8129925 0.577715 0.8124631 0.07838144 0.5777196 0.4325508 0.03648032 0.9008712 0.8129237 0.06580049 0.578641 0.4254754 0.0389217 0.9041326 0.8125127 0.07684965 0.5778557 0.08465586 -0.8117341 0.5778591 -0.8121473 -0.08624919 0.5770423 -0.4235509 -0.04419861 0.9047934 -0.8134922 -0.07785864 0.5763406 0.5661685 -0.4215981 -0.7083137 0.1198496 -0.8079083 -0.5769924 0.06300546 -0.4190084 -0.9057937 0.5710519 -0.4170019 -0.7071132 0.1319139 -0.8051867 -0.5781635 -0.4081354 -0.5774223 -0.7071131 -0.8070101 -0.1293964 -0.5761868 -0.4155497 -0.0666178 -0.9071276 -0.8054322 -0.1354959 -0.5769921 -0.359323 0.6998696 -0.6173083 -0.2551262 0.506489 -0.8236379 -0.1161488 0.80858 -0.5768083 -0.05810859 0.4228985 -0.904312 -0.4172361 -0.06097006 -0.9067506 -0.8062756 -0.1276443 -0.5776042 -0.1292693 0.8062314 -0.5773044 0.8070443 0.1257861 -0.5769379 0.2286584 0.1155869 -0.9666204 0.7468859 0.3725437 -0.5507928 0.5661685 -0.4215981 0.7083137 0.1198496 -0.8079083 0.5769924 0.06300546 -0.4190084 0.9057937 0.5710519 -0.4170019 0.7071132 0.1319139 -0.8051867 0.5781635 -0.4081354 -0.5774223 0.7071131 -0.8070101 -0.1293964 0.5761868 -0.4155497 -0.0666178 0.9071276 -0.8054322 -0.1354959 0.5769921 -0.359323 0.6998696 0.6173083 -0.2551262 0.506489 0.8236379 -0.1161488 0.80858 0.5768083 -0.05810859 0.4228985 0.904312 -0.4172361 -0.06097006 0.9067506 -0.8062756 -0.1276443 0.5776042 -0.1292693 0.8062314 0.5773044 0.8070443 0.1257861 0.5769379 0.2286584 0.1155869 0.9666204 0.7468859 0.3725437 0.5507928 -0.1567064 0.8015012 -0.5770952 -0.07478327 0.4288204 -0.9002891 -0.1434524 0.8020787 -0.5797338 0.8015597 0.1575012 -0.5767975 0.1573499 -0.8007899 -0.5779071 0.08487293 -0.4171468 -0.9048675 0.4124339 0.08848497 -0.90668 0.799795 0.1688172 -0.5760458 0.1601062 -0.8005014 -0.5775496 -0.8027887 -0.1532414 -0.5762356 -0.4118711 -0.07992046 -0.9077306 -0.8005069 -0.1626424 -0.5768329 -0.1567064 0.8015012 0.5770952 -0.07478327 0.4288204 0.9002891 -0.1434524 0.8020787 0.5797338 0.8015597 0.1575012 0.5767975 0.1573499 -0.8007899 0.5779071 0.08487293 -0.4171468 0.9048675 0.4124339 0.08848497 0.90668 0.799795 0.1688172 0.5760458 0.1601062 -0.8005014 0.5775496 -0.8027887 -0.1532414 0.5762356 -0.4118711 -0.07992046 0.9077306 -0.8005069 -0.1626424 0.5768329 -0.1898895 0.7950062 -0.5761138 0.7945345 0.1857831 -0.5781 0.1953843 -0.7923932 -0.5778736 -0.7918276 -0.1992483 -0.5773294 -0.1898895 0.7950062 0.5761138 0.7945345 0.1857831 0.5781 0.1953843 -0.7923932 0.5778736 -0.7918276 -0.1992483 0.5773294 -0.1233346 0.8072654 -0.5771579 0.8092605 0.1138727 -0.5763077 0.11624 -0.8071763 -0.5787526 -0.806831 -0.125937 -0.5772033 -0.1233346 0.8072654 0.5771579 0.8092605 0.1138727 0.5763077 0.11624 -0.8071763 0.5787526 -0.806831 -0.125937 0.5772033 -0.1242846 0.8069483 -0.5773974 0.8093817 0.1144687 -0.5760192 0.1085008 -0.8088315 -0.5779439 -0.8073533 -0.1184467 -0.578058 -0.1242846 0.8069483 0.5773974 0.8093817 0.1144687 0.5760192 0.1085008 -0.8088315 0.5779439 -0.8073533 -0.1184467 0.578058 -0.1175502 0.8080401 -0.5772809 0.807406 0.1197587 -0.5777139 0.1272311 -0.8060804 -0.5779677 -0.807494 -0.1251467 -0.5764475 -0.1175502 0.8080401 0.5772809 0.807406 0.1197587 0.5777139 0.1272311 -0.8060804 0.5779677 -0.807494 -0.1251467 0.5764475 -0.337795 0.7437341 -0.5768484 0.7448562 0.3343749 -0.5773929 0.3435832 -0.7396507 -0.5786773 -0.739532 -0.3474763 -0.5765004 -0.337795 0.7437341 0.5768484 0.7448562 0.3343749 0.5773929 0.3435832 -0.7396507 0.5786773 -0.739532 -0.3474763 0.5765004 -0.1331629 0.8046103 -0.5786794 0.8064488 0.1334674 -0.576044 0.1331629 -0.8046103 -0.5786794 -0.8064489 -0.1334671 -0.576044 -0.1331629 0.8046103 0.5786794 0.8064488 0.1334674 0.576044 0.1331629 -0.8046103 0.5786794 -0.8064489 -0.1334671 0.576044 -0.1608108 0.8009802 -0.5766893 0.8010984 0.1571118 -0.5775442 0.1659624 -0.7987351 -0.5783413 -0.7990259 -0.1697529 -0.5768375 -0.1608108 0.8009802 0.5766893 0.8010984 0.1571118 0.5775442 0.1659624 -0.7987351 0.5783413 -0.7990259 -0.1697529 0.5768375 -0.5391794 0.6128547 -0.5776631 0.6131858 0.5394715 -0.5770388 0.5391799 -0.6128543 -0.5776631 -0.6131862 -0.5394711 -0.5770387 -0.5391794 0.6128547 0.5776631 0.6131858 0.5394715 0.5770388 0.5391799 -0.6128543 0.5776631 -0.6131862 -0.5394711 0.5770387 -0.1155363 0.8085494 -0.5769742 0.8080215 0.1154611 -0.5777283 0.1155363 -0.8085495 -0.5769741 -0.8080216 -0.1154607 -0.5777283 -0.1155363 0.8085494 0.5769742 0.8080215 0.1154611 0.5777283 0.1155363 -0.8085495 0.5769741 -0.8080216 -0.1154607 0.5777283 0.4007331 -0.7120588 -0.5765287 -0.643059 -0.4838971 -0.5935644 -0.3952231 -0.2960842 -0.869559 -0.7117524 -0.3985635 -0.5784079 -0.3992894 0.7130483 -0.5763072 0.711752 0.3985642 -0.5784079 0.4007331 -0.7120588 0.5765287 -0.643059 -0.4838971 0.5935644 -0.3952231 -0.2960842 0.869559 -0.7117524 -0.3985635 0.5784079 -0.3992894 0.7130483 0.5763072 0.711752 0.3985642 0.5784079 -0.3200418 0.7504733 -0.5782414 0.7472678 0.328529 -0.5776327 0.3322862 -0.7456326 -0.5775967 -0.7503438 -0.3244476 -0.5759496 -0.3200418 0.7504733 0.5782414 0.7472678 0.328529 0.5776327 0.3322862 -0.7456326 0.5775967 -0.7503438 -0.3244476 0.5759496 -0.5127656 0.6352288 -0.5775429 0.63544 0.512937 -0.5771582 0.5127662 -0.6352284 -0.5775428 -0.6354405 -0.5129365 -0.5771581 -0.5127656 0.6352288 0.5775429 0.63544 0.512937 0.5771582 0.5127662 -0.6352284 0.5775428 -0.6354405 -0.5129365 0.5771581 -0.3055086 0.7570691 -0.5775041 0.7611639 0.2978885 -0.5761007 0.2938791 -0.7611822 -0.5781322 -0.7583463 -0.3019889 -0.5776794 -0.3055086 0.7570691 0.5775041 0.7611639 0.2978885 0.5761007 0.2938791 -0.7611822 0.5781322 -0.7583463 -0.3019889 0.5776794 -0.1498759 0.8023631 -0.5777117 0.8012486 0.1556073 -0.5777431 0.1492345 -0.8036366 -0.5761053 -0.8034667 -0.143265 -0.5778549 -0.1498759 0.8023631 0.5777117 0.8012486 0.1556073 0.5777431 0.1492345 -0.8036366 0.5761053 -0.8034667 -0.143265 0.5778549 -0.123172 0.8062674 -0.5785858 0.8079808 0.123434 -0.5761345 0.123172 -0.8062674 -0.5785858 -0.8079809 -0.1234336 -0.5761345 -0.123172 0.8062674 0.5785858 0.8079808 0.123434 0.5761345 0.123172 -0.8062674 0.5785858 -0.8079809 -0.1234336 0.5761345 -0.3353171 0.7431623 -0.579027 0.7388846 0.3474539 -0.5773433 0.3433127 -0.7412831 -0.5767458 -0.7468623 -0.3317535 -0.5763127 -0.3353171 0.7431623 0.579027 0.7388846 0.3474539 0.5773433 0.3433127 -0.7412831 0.5767458 -0.7468623 -0.3317535 0.5763127 -0.1409582 0.804993 -0.5762959 0.8048417 0.135751 -0.5777555 0.1464498 -0.8025268 -0.5783625 -0.8025409 -0.1516431 -0.5770031 -0.1409582 0.804993 0.5762959 0.8048417 0.135751 0.5777555 0.1464498 -0.8025268 0.5783625 -0.8025409 -0.1516431 0.5770031 -0.2870442 0.7638372 -0.5780644 0.7676753 0.2813147 -0.5757922 0.276845 -0.7673353 -0.5784059 -0.7658596 -0.2834411 -0.5771657 -0.2870442 0.7638372 0.5780644 0.7676753 0.2813147 0.5757922 0.276845 -0.7673353 0.5784059 -0.7658596 -0.2834411 0.5771657 -0.1168387 0.8074443 -0.5782581 0.80681 0.124814 -0.5774764 0.1297449 -0.8057461 -0.5778749 -0.808415 -0.1220763 -0.5758147 -0.1168387 0.8074443 0.5782581 0.80681 0.124814 0.5774764 0.1297449 -0.8057461 0.5778749 -0.808415 -0.1220763 0.5758147 -0.3066661 0.7569545 -0.5770405 0.753588 0.3121759 -0.5784905 0.3187796 -0.751897 -0.577088 -0.7545558 -0.312977 -0.5767937 -0.3066661 0.7569545 0.5770405 0.753588 0.3121759 0.5784905 0.3187796 -0.751897 0.577088 -0.7545558 -0.312977 0.5767937 -0.1914247 0.7939479 -0.5770643 0.7909357 0.1988875 -0.5786747 0.2043123 -0.7909839 -0.5767156 -0.7927717 -0.1965396 -0.576962 -0.1914247 0.7939479 0.5770643 0.7909357 0.1988875 0.5786747 0.2043123 -0.7909839 0.5767156 -0.7927717 -0.1965396 0.576962 -0.4545229 0.6772121 -0.5786128 0.6766046 0.4580667 -0.576525 0.4517533 -0.6802255 -0.5772454 -0.6821591 -0.4491005 -0.5770336 -0.4545229 0.6772121 0.5786128 0.6766046 0.4580667 0.576525 0.4517533 -0.6802255 0.5772454 -0.6821591 -0.4491005 0.5770336 -0.553757 0.5985874 -0.5788318 0.5920332 0.5623662 -0.5772702 0.5624522 -0.5917641 -0.5774623 -0.5999584 -0.5553633 -0.5758658 -0.553757 0.5985874 0.5788318 0.5920332 0.5623662 0.5772702 0.5624522 -0.5917641 0.5774623 -0.5999584 -0.5553633 0.5758658 -0.1418521 0.8039376 -0.5775485 0.8003838 0.1554662 -0.5789785 0.1595486 -0.8015599 -0.5762344 -0.8038843 -0.145683 -0.5766685 -0.1418521 0.8039376 0.5775485 0.8003838 0.1554662 0.5789785 0.1595486 -0.8015599 0.5762344 -0.8038843 -0.145683 0.5766685 -0.2362537 0.7825843 -0.5759739 0.7807035 0.2356863 -0.5787521 0.236254 -0.7825843 -0.5759739 -0.7807037 -0.235686 -0.578752 -0.2362537 0.7825843 0.5759739 0.7807035 0.2356863 0.5787521 0.236254 -0.7825843 0.5759739 -0.7807037 -0.235686 0.578752 -0.140567 0.8037873 -0.5780717 0.8054246 0.1383584 -0.576323 0.1304172 -0.806004 -0.5773638 -0.8054058 -0.1328071 -0.5776536 -0.140567 0.8037873 0.5780717 0.8054246 0.1383584 0.576323 0.1304172 -0.806004 0.5773638 -0.8054058 -0.1328071 0.5776536 -0.1563734 0.8004334 -0.5786655 0.8013715 0.1597141 -0.5764505 0.1523358 -0.8021941 -0.5773027 -0.8029765 -0.1493316 -0.5769998 -0.1563734 0.8004334 0.5786655 0.8013715 0.1597141 0.5764505 0.1523358 -0.8021941 0.5773027 -0.8029765 -0.1493316 0.5769998 -0.3711869 0.7278061 -0.5766442 0.7269122 0.3707315 -0.578063 0.3711873 -0.727806 -0.5766442 -0.7269124 -0.3707311 -0.578063 -0.3711869 0.7278061 0.5766442 0.7269122 0.3707315 0.578063 0.3711873 -0.727806 0.5766442 -0.7269124 -0.3707311 0.578063 -0.1926208 0.7938441 -0.5768092 0.7947905 0.1874317 -0.5772152 0.1941245 -0.7923146 -0.5784058 -0.792024 -0.1994761 -0.5769811 -0.1926208 0.7938441 0.5768092 0.7947905 0.1874317 0.5772152 0.1941245 -0.7923146 0.5784058 -0.792024 -0.1994761 0.5769811 -0.1820473 0.7959547 -0.5773343 0.7981638 0.1750903 -0.5764355 0.1709249 -0.7981173 -0.5777487 -0.7964656 -0.1780012 -0.5778911 -0.1820473 0.7959547 0.5773343 0.7981638 0.1750903 0.5764355 0.1709249 -0.7981173 0.5777487 -0.7964656 -0.1780012 0.5778911 -0.09483018 0.8108756 -0.5774843 0.8096474 0.1014383 -0.5780842 0.1094682 -0.8089048 -0.5776589 -0.8108085 -0.1029475 -0.576187 -0.09483018 0.8108756 0.5774843 0.8096474 0.1014383 0.5780842 0.1094682 -0.8089048 0.5776589 -0.8108085 -0.1029475 0.576187 -0.1701827 0.7978784 -0.5782974 0.7978311 0.1747801 -0.5769901 0.1688217 -0.799159 -0.5769265 -0.7998923 -0.1643719 -0.5771951 -0.1701827 0.7978784 0.5782974 0.7978311 0.1747801 0.5769901 0.1688217 -0.799159 0.5769265 -0.7998923 -0.1643719 0.5771951 0.07311188 0.8128437 -0.5778752 0.8135805 -0.07317805 -0.576829 -0.07311211 -0.8128438 -0.5778751 -0.8135805 0.07317848 -0.576829 0.07311188 0.8128437 0.5778752 0.8135805 -0.07317805 0.576829 -0.07311211 -0.8128438 0.5778751 -0.8135805 0.07317848 0.576829 -0.2067038 0.7900242 -0.5771788 0.7897892 0.2066427 -0.5775222 0.2067041 -0.7900241 -0.5771787 -0.7897893 -0.2066423 -0.5775221 -0.2067038 0.7900242 0.5771788 0.7897892 0.2066427 0.5775222 0.2067041 -0.7900241 0.5771787 -0.7897893 -0.2066423 0.5775221 -0.1396434 0.8045334 -0.577257 0.8044033 0.1396212 -0.5774437 0.1396437 -0.8045334 -0.577257 -0.8044035 -0.1396208 -0.5774436 -0.1396434 0.8045334 0.577257 0.8044033 0.1396212 0.5774437 0.1396437 -0.8045334 0.577257 -0.8044035 -0.1396208 0.5774436 -0.1357499 0.8048402 -0.5777579 0.8054071 0.1358457 -0.5769448 0.13575 -0.8048402 -0.5777579 -0.8054072 -0.1358454 -0.5769448 -0.1357499 0.8048402 0.5777579 0.8054071 0.1358457 0.5769448 0.13575 -0.8048402 0.5777579 -0.8054072 -0.1358454 0.5769448 -0.4454479 0.683769 -0.5779586 0.6844867 0.445916 -0.5767468 0.4454483 -0.6837688 -0.5779585 -0.6844869 -0.4459156 -0.5767468 -0.4454479 0.683769 0.5779586 0.6844867 0.445916 0.5767468 0.4454483 -0.6837688 0.5779585 -0.6844869 -0.4459156 0.5767468 -0.2237021 0.7857893 -0.5766216 0.7867078 0.2184162 -0.5773952 0.2250563 -0.7842261 -0.5782206 -0.7834505 -0.2303855 -0.5771723 -0.2237021 0.7857893 0.5766216 0.7867078 0.2184162 0.5773952 0.2250563 -0.7842261 0.5782206 -0.7834505 -0.2303855 0.5771723 -0.1062795 0.8096306 -0.5772374 0.8109216 0.0996771 -0.5766027 0.09047836 -0.8117784 -0.5769138 -0.8097776 -0.09699915 -0.5786635 -0.1062795 0.8096306 0.5772374 0.8109216 0.0996771 0.5766027 0.09047836 -0.8117784 0.5769138 -0.8097776 -0.09699915 0.5786635 -0.1110787 0.8083593 -0.5781148 0.811279 0.1029458 -0.5755247 0.09560538 -0.8102153 -0.5782825 -0.8097254 -0.1040464 -0.5775112 -0.1110787 0.8083593 0.5781148 0.811279 0.1029458 0.5755247 0.09560538 -0.8102153 0.5782825 -0.8097254 -0.1040464 0.5775112 -0.2967358 0.7601434 -0.5780396 0.7569377 0.3052116 -0.5778332 0.3009016 -0.7598864 -0.5762211 -0.7624557 -0.2921688 -0.5773203 -0.2967358 0.7601434 0.5780396 0.7569377 0.3052116 0.5778332 0.3009016 -0.7598864 0.5762211 -0.7624557 -0.2921688 0.5773203 -0.2128675 0.7879415 -0.5777851 0.7885334 0.2130277 -0.576918 0.2128677 -0.7879415 -0.5777851 -0.7885335 -0.2130274 -0.5769179 -0.2128675 0.7879415 0.5777851 0.7885334 0.2130277 0.576918 0.2128677 -0.7879415 0.5777851 -0.7885335 -0.2130274 0.5769179 -0.3225699 0.7507451 -0.5764811 0.7509784 0.319551 -0.5778569 0.327778 -0.7473065 -0.5780091 -0.7467622 -0.3306708 -0.5770641 -0.3225699 0.7507451 0.5764811 0.7509784 0.319551 0.5778569 0.327778 -0.7473065 0.5780091 -0.7467622 -0.3306708 0.5770641 -0.3922487 0.7160541 -0.5774145 0.7161335 0.3922927 -0.5772862 0.3922491 -0.716054 -0.5774144 -0.7161337 -0.3922923 -0.5772861 -0.3922487 0.7160541 0.5774145 0.7161335 0.3922927 0.5772862 0.3922491 -0.716054 0.5774144 -0.7161337 -0.3922923 0.5772861 -0.08563782 0.8114316 -0.5781392 0.8125354 0.08575463 -0.5765696 0.08563797 -0.8114317 -0.5781391 -0.8125354 -0.08575413 -0.5765695 -0.08563782 0.8114316 0.5781392 0.8125354 0.08575463 0.5765696 0.08563797 -0.8114317 0.5781391 -0.8125354 -0.08575413 0.5765695 -0.1144754 0.8090956 -0.5764197 0.8091149 0.1085726 -0.5775335 0.1184154 -0.8070639 -0.5784683 -0.8072261 -0.1243517 -0.5769945 -0.1144754 0.8090956 0.5764197 0.8091149 0.1085726 0.5775335 0.1184154 -0.8070639 0.5784683 -0.8072261 -0.1243517 0.5769945 -0.1312789 0.8056101 -0.5777182 0.8079283 0.1241878 -0.5760462 0.1197563 -0.807115 -0.578121 -0.806414 -0.127095 -0.5775321 -0.1312789 0.8056101 0.5777182 0.8079283 0.1241878 0.5760462 0.1197563 -0.807115 0.578121 -0.806414 -0.127095 0.5775321 -0.3261834 0.7485983 -0.5772391 0.7484538 0.3261209 -0.5774617 0.3261838 -0.7485982 -0.577239 -0.7484541 -0.3261205 -0.5774616 -0.3261834 0.7485983 0.5772391 0.7484538 0.3261209 0.5774617 0.3261838 -0.7485982 0.577239 -0.7484541 -0.3261205 0.5774616 -0.3182332 0.7525705 -0.5765113 0.7532482 0.3144335 -0.5777098 0.3210746 -0.7502709 -0.5779314 -0.7492207 -0.3247206 -0.5772564 -0.3182332 0.7525705 0.5765113 0.7532482 0.3144335 0.5777098 0.3210746 -0.7502709 0.5779314 -0.7492207 -0.3247206 0.5772564 -0.2809378 0.7663895 -0.577686 0.7668342 0.2811011 -0.577016 0.280938 -0.7663894 -0.577686 -0.7668343 -0.2811008 -0.577016 -0.2809378 0.7663895 0.577686 0.7668342 0.2811011 0.577016 0.280938 -0.7663894 0.577686 -0.7668343 -0.2811008 0.577016 -0.1890902 0.7940676 -0.577669 0.7924432 0.1952414 -0.5778534 0.1992636 -0.7917927 -0.5773719 -0.7939105 -0.1932304 -0.5765137 -0.1890902 0.7940676 0.577669 0.7924432 0.1952414 0.5778534 0.1992636 -0.7917927 0.5773719 -0.7939105 -0.1932304 0.5765137 -0.3154466 0.7542286 -0.5758755 0.753589 0.3121735 -0.5784906 0.3238057 -0.7491805 -0.5778221 -0.7484546 -0.326516 -0.5772375 -0.3154466 0.7542286 0.5758755 0.753589 0.3121735 0.5784906 0.3238057 -0.7491805 0.5778221 -0.7484546 -0.326516 0.5772375 -0.3073255 0.7556443 -0.5784054 0.7570169 0.3078841 -0.5763096 0.3073257 -0.7556442 -0.5784054 -0.7570171 -0.3078837 -0.5763096 -0.3073255 0.7556443 0.5784054 0.7570169 0.3078841 0.5763096 0.3073257 -0.7556442 0.5784054 -0.7570171 -0.3078837 0.5763096 -0.2064935 0.7910066 -0.5759071 0.7960344 0.1856855 -0.5760643 0.1872977 -0.7935679 -0.5789384 -0.7886636 -0.2080844 -0.5785418 -0.2064935 0.7910066 0.5759071 0.7960344 0.1856855 0.5760643 0.1872977 -0.7935679 0.5789384 -0.7886636 -0.2080844 0.5785418 -0.2201483 0.7868764 -0.5765069 0.7872855 0.215692 -0.5776318 0.2246072 -0.7843075 -0.5782849 -0.7839649 -0.2290903 -0.5769894 -0.2201483 0.7868764 0.5765069 0.7872855 0.215692 0.5776318 0.2246072 -0.7843075 0.5782849 -0.7839649 -0.2290903 0.5769894 -0.1785539 0.7956875 -0.5787918 0.797658 0.1789965 -0.5759357 0.1785543 -0.7956874 -0.5787917 -0.7976582 -0.1789961 -0.5759356 -0.1785539 0.7956875 0.5787918 0.797658 0.1789965 0.5759357 0.1785543 -0.7956874 0.5787917 -0.7976582 -0.1789961 0.5759356 -0.1494582 0.8025453 -0.5775666 0.8013274 0.1548237 -0.5778443 0.1600912 -0.8005081 -0.5775444 -0.8023253 -0.1548411 -0.5764533 -0.1494582 0.8025453 0.5775666 0.8013274 0.1548237 0.5778443 0.1600912 -0.8005081 0.5775444 -0.8023253 -0.1548411 0.5764533 0.5721646 0.5816257 -0.5782207 0.5824983 -0.573023 -0.5764897 -0.5721648 -0.5816256 -0.5782207 -0.5824981 0.5730232 -0.5764897 0.5721646 0.5816257 0.5782207 0.5824983 -0.573023 0.5764897 -0.5721648 -0.5816256 0.5782207 -0.5824981 0.5730232 0.5764897 -0.1863612 0.7950716 -0.5771747 0.7948295 0.1863049 -0.5775263 0.1863616 -0.7950715 -0.5771747 -0.7948296 -0.1863045 -0.5775262 -0.1863612 0.7950716 0.5771747 0.7948295 0.1863049 0.5775263 0.1863616 -0.7950715 0.5771747 -0.7948296 -0.1863045 0.5775262 -0.4152846 0.7015673 -0.5790872 0.7025652 0.418039 -0.5758867 0.4045109 -0.7096448 -0.5768667 -0.7101157 -0.4026392 -0.5775962 -0.4152846 0.7015673 0.5790872 0.7025652 0.418039 0.5758867 0.4045109 -0.7096448 0.5768667 -0.7101157 -0.4026392 0.5775962 -0.2073367 0.7890889 -0.5782302 0.7863126 0.2183834 -0.5779456 0.2226625 -0.7855764 -0.5773137 -0.789549 -0.2119295 -0.5759325 -0.2073367 0.7890889 0.5782302 0.7863126 0.2183834 0.5779456 0.2226625 -0.7855764 0.5773137 -0.789549 -0.2119295 0.5759325 -0.4359339 0.6892072 -0.5787531 0.6908684 0.4369851 -0.575973 0.4359342 -0.689207 -0.578753 -0.6908686 -0.4369848 -0.5759729 -0.4359339 0.6892072 0.5787531 0.6908684 0.4369851 0.575973 0.4359342 -0.689207 0.578753 -0.6908686 -0.4369848 0.5759729 -0.4806326 0.6598114 -0.5776169 0.6601152 0.4808547 -0.5770847 0.4806332 -0.6598111 -0.5776168 -0.6601156 -0.4808542 -0.5770846 -0.4806326 0.6598114 0.5776169 0.6601152 0.4808547 0.5770847 0.4806332 -0.6598111 0.5776168 -0.6601156 -0.4808542 0.5770846 0.8156951 -0.02931792 -0.5777386 -0.02933781 -0.8162426 -0.5769639 -0.8156951 0.02931826 -0.5777386 0.02933772 0.8162426 -0.5769639 0.8156951 -0.02931792 0.5777386 -0.02933781 -0.8162426 0.5769639 -0.8156951 0.02931826 0.5777386 0.02933772 0.8162426 0.5769639 -0.0998033 0.8102573 -0.577514 0.8104868 0.09983181 -0.577187 0.09980337 -0.8102573 -0.5775139 -0.8104868 -0.0998314 -0.5771869 -0.0998033 0.8102573 0.577514 0.8104868 0.09983181 0.577187 0.09980337 -0.8102573 0.5775139 -0.8104868 -0.0998314 0.5771869 -0.125996 0.8059634 -0.5784013 0.8058934 0.1322422 -0.577103 0.1265493 -0.8069853 -0.5768535 -0.8077807 -0.1204161 -0.5770531 -0.125996 0.8059634 0.5784013 0.8058934 0.1322422 0.577103 0.1265493 -0.8069853 0.5768535 -0.8077807 -0.1204161 0.5770531 -0.09760035 0.8092017 -0.5793676 0.811132 0.1019827 -0.5759032 0.09413478 -0.8107202 -0.5778161 -0.8122052 -0.0901615 -0.5763624 -0.09760035 0.8092017 0.5793676 0.811132 0.1019827 0.5759032 0.09413478 -0.8107202 0.5778161 -0.8122052 -0.0901615 0.5763624 -0.1682226 0.7988905 -0.577473 0.7990601 0.1682587 -0.5772278 0.1682229 -0.7988905 -0.5774729 -0.7990603 -0.1682582 -0.5772277 -0.1682226 0.7988905 0.577473 0.7990601 0.1682587 0.5772278 0.1682229 -0.7988905 0.5774729 -0.7990603 -0.1682582 0.5772277 -0.4465041 0.6823776 -0.5787874 0.6758872 0.457772 -0.5775996 0.452754 -0.6804051 -0.5762488 -0.6871987 -0.4416696 -0.5767893 -0.4465041 0.6823776 0.5787874 0.6758872 0.457772 0.5775996 0.452754 -0.6804051 0.5762488 -0.6871987 -0.4416696 0.5767893 -0.09354457 0.8115312 -0.5767726 0.8119887 0.08723754 -0.5771169 0.09404854 -0.8102498 -0.5784895 -0.8105206 -0.1004408 -0.5770337 -0.09354457 0.8115312 0.5767726 0.8119887 0.08723754 0.5771169 0.09404854 -0.8102498 0.5784895 -0.8105206 -0.1004408 0.5770337 -0.1043989 0.8106774 -0.5761102 0.8104634 0.09714551 -0.577678 0.1045205 -0.8093246 -0.5779871 -0.8086192 -0.1116558 -0.57764 -0.1043989 0.8106774 0.5761102 0.8104634 0.09714551 0.577678 0.1045205 -0.8093246 0.5779871 -0.8086192 -0.1116558 0.57764 -0.423345 0.6988018 -0.5765892 0.6978761 0.422785 -0.5781191 0.4233456 -0.6988015 -0.5765891 -0.6978765 -0.4227845 -0.578119 -0.423345 0.6988018 0.5765892 0.6978761 0.422785 0.5781191 0.4233456 -0.6988015 0.5765891 -0.6978765 -0.4227845 0.578119 -0.1473383 0.8030733 -0.5773774 0.8015111 0.1529861 -0.5780789 0.1578174 -0.8011757 -0.5772445 -0.8026575 -0.152153 -0.5767066 -0.1473383 0.8030733 0.5773774 0.8015111 0.1529861 0.5780789 0.1578174 -0.8011757 0.5772445 -0.8026575 -0.152153 0.5767066 -0.1134481 0.8079042 -0.5782909 0.8092134 0.1136322 -0.5764212 0.1134482 -0.8079042 -0.5782909 -0.8092135 -0.1136318 -0.5764211 -0.1134481 0.8079042 0.5782909 0.8092134 0.1136322 0.5764212 0.1134482 -0.8079042 0.5782909 -0.8092135 -0.1136318 0.5764211 -0.1255292 0.8059714 -0.5784915 0.8064533 0.1301461 -0.5767973 0.1251198 -0.8069199 -0.5772567 -0.807867 -0.1207255 -0.5768677 -0.1255292 0.8059714 0.5784915 0.8064533 0.1301461 0.5767973 0.1251198 -0.8069199 0.5772567 -0.807867 -0.1207255 0.5768677 -0.3851555 0.719636 -0.5777363 0.7142667 0.3941658 -0.5783221 0.3966554 -0.7142235 -0.5766709 -0.7192503 -0.387445 -0.5766848 -0.3851555 0.719636 0.5777363 0.7142667 0.3941658 0.5783221 0.3966554 -0.7142235 0.5766709 -0.7192503 -0.387445 0.5766848 -0.1190554 0.80728 -0.5780354 0.8065916 0.1258767 -0.5775508 0.1210961 -0.8080615 -0.5765174 -0.8084979 -0.1142348 -0.5773054 -0.1190554 0.80728 0.5780354 0.8065916 0.1258767 0.5775508 0.1210961 -0.8080615 0.5765174 -0.8084979 -0.1142348 0.5773054 -0.1430142 0.8031166 -0.5784035 0.804573 0.1432738 -0.5763115 0.1430144 -0.8031166 -0.5784034 -0.8045731 -0.1432735 -0.5763115 -0.1430142 0.8031166 0.5784035 0.804573 0.1432738 0.5763115 0.1430144 -0.8031166 0.5784034 -0.8045731 -0.1432735 0.5763115 -0.1163187 0.8083936 -0.5770353 0.8079518 0.1162554 -0.5776666 0.1163189 -0.8083936 -0.5770353 -0.8079518 -0.116255 -0.5776665 -0.1163187 0.8083936 0.5770353 0.8079518 0.1162554 0.5776666 0.1163189 -0.8083936 0.5770353 -0.8079518 -0.116255 0.5776665 -0.05694907 0.8141176 -0.5779008 0.8138708 0.06316134 -0.5776028 0.05288526 -0.8158948 -0.5757767 -0.8146043 -0.04657715 -0.5781439 -0.05694907 0.8141176 0.5779008 0.8138708 0.06316134 0.5776028 0.05288526 -0.8158948 0.5757767 -0.8146043 -0.04657715 0.5781439 -0.147351 0.803072 -0.577376 0.8031077 0.1473577 -0.5773246 0.1473511 -0.803072 -0.5773759 -0.8031078 -0.1473574 -0.5773246 -0.147351 0.803072 0.577376 0.8031077 0.1473577 0.5773246 0.1473511 -0.803072 0.5773759 -0.8031078 -0.1473574 0.5773246 -0.1513182 0.8025299 -0.5771036 0.8014213 0.1539193 -0.5779556 0.1640224 -0.7993244 -0.5780806 -0.8011257 -0.1615688 -0.5762752 -0.1513182 0.8025299 0.5771036 0.8014213 0.1539193 0.5779556 0.1640224 -0.7993244 0.5780806 -0.8011257 -0.1615688 0.5762752 -0.1307448 0.8063029 -0.5768721 0.8056332 0.1306364 -0.5778315 0.1307448 -0.8063029 -0.5768721 -0.8056333 -0.1306361 -0.5778315 -0.1307448 0.8063029 0.5768721 0.8056332 0.1306364 0.5778315 0.1307448 -0.8063029 0.5768721 -0.8056333 -0.1306361 0.5778315 -0.1402346 0.8040717 -0.5777569 0.8032074 0.145564 -0.5776408 0.151672 -0.8019141 -0.5778662 -0.8040924 -0.1465827 -0.5761501 -0.1402346 0.8040717 0.5777569 0.8032074 0.145564 0.5776408 0.151672 -0.8019141 0.5778662 -0.8040924 -0.1465827 0.5761501 -0.1309716 0.8059662 -0.5772911 0.8047336 0.1353653 -0.5779966 0.1418521 -0.803938 -0.577548 -0.8053933 -0.1374986 -0.5765724 -0.1309716 0.8059662 0.5772911 0.8047336 0.1353653 0.5779966 0.1418521 -0.803938 0.577548 -0.8053933 -0.1374986 0.5765724 -0.3151747 0.7530432 -0.5775732 0.7521405 0.3175403 -0.5774538 0.303689 -0.7595001 -0.5752673 -0.7578814 -0.3003203 -0.5791576 -0.3151747 0.7530432 0.5775732 0.7521405 0.3175403 0.5774538 0.303689 -0.7595001 0.5752673 -0.7578814 -0.3003203 0.5791576 -0.4972411 0.6479408 -0.5769956 0.6483031 0.4961101 -0.5775621 0.5012814 -0.6439062 -0.5780154 -0.6438778 -0.5026769 -0.5768339 -0.4972411 0.6479408 0.5769956 0.6483031 0.4961101 0.5775621 0.5012814 -0.6439062 0.5780154 -0.6438778 -0.5026769 0.5768339 -0.1045925 0.8099306 -0.5771246 0.8096135 0.1045521 -0.5775766 0.1045929 -0.8099306 -0.5771246 -0.8096136 -0.1045515 -0.5775766 -0.1045925 0.8099306 0.5771246 0.8096135 0.1045521 0.5775766 0.1045929 -0.8099306 0.5771246 -0.8096136 -0.1045515 0.5775766 -0.4301253 0.6938864 -0.5775066 0.6940738 0.4302421 -0.5771943 0.4301258 -0.6938861 -0.5775065 -0.6940741 -0.4302417 -0.5771942 -0.4301253 0.6938864 0.5775066 0.6940738 0.4302421 0.5771943 0.4301258 -0.6938861 0.5775065 -0.6940741 -0.4302417 0.5771942 -0.1362692 0.804472 -0.5781483 0.8055789 0.1364571 -0.5765606 0.1362696 -0.804472 -0.5781482 -0.805579 -0.1364566 -0.5765606 -0.1362692 0.804472 0.5781483 0.8055789 0.1364571 0.5765606 0.1362696 -0.804472 0.5781482 -0.805579 -0.1364566 0.5765606 -0.1380508 0.8047694 -0.5773111 0.8019753 0.1480143 -0.5787291 0.1531799 -0.8025183 -0.5766284 -0.8043027 -0.1430243 -0.5767506 -0.1380508 0.8047694 0.5773111 0.8019753 0.1480143 0.5787291 0.1531799 -0.8025183 0.5766284 -0.8043027 -0.1430243 0.5767506 -0.3064195 0.7565346 -0.5777218 0.7557794 0.3090175 -0.5773263 0.3009424 -0.7598699 -0.5762217 -0.7595924 -0.2979396 -0.5781448 -0.3064195 0.7565346 0.5777218 0.7557794 0.3090175 0.5773263 0.3009424 -0.7598699 0.5762217 -0.7595924 -0.2979396 0.5781448 -0.1290133 0.8062519 -0.577333 0.8062278 0.1290097 -0.5773675 0.1290135 -0.8062519 -0.577333 -0.8062278 -0.1290093 -0.5773675 -0.1290133 0.8062519 0.577333 0.8062278 0.1290097 0.5773675 0.1290135 -0.8062519 0.577333 -0.8062278 -0.1290093 0.5773675 -0.2695807 0.7709982 -0.5769644 0.7681689 0.2744209 -0.5784545 0.2782825 -0.7680774 -0.5767286 -0.7695801 -0.2729681 -0.577265 -0.2695807 0.7709982 0.5769644 0.7681689 0.2744209 0.5784545 0.2782825 -0.7680774 0.5767286 -0.7695801 -0.2729681 0.577265 -0.20807 0.7887591 -0.5784168 0.7902073 0.2084524 -0.5762986 0.2080703 -0.7887591 -0.5784167 -0.7902074 -0.208452 -0.5762986 -0.20807 0.7887591 0.5784168 0.7902073 0.2084524 0.5762986 0.2080703 -0.7887591 0.5784167 -0.7902074 -0.208452 0.5762986 -0.3271495 0.7488695 -0.5763399 0.7533754 0.3157996 -0.5767982 0.3124423 -0.7542668 -0.5774612 -0.7486276 -0.3232933 -0.5788248 -0.3271495 0.7488695 0.5763399 0.7533754 0.3157996 0.5767982 0.3124423 -0.7542668 0.5774612 -0.7486276 -0.3232933 0.5788248 -0.4097974 0.7063299 -0.5772038 0.7022047 0.4152022 -0.5783733 0.4179121 -0.7020144 -0.5766501 -0.70512 -0.4119029 -0.5771843 -0.4097974 0.7063299 0.5772038 0.7022047 0.4152022 0.5783733 0.4179121 -0.7020144 0.5766501 -0.70512 -0.4119029 0.5771843 -0.09011758 0.8113615 -0.5775564 0.8116508 0.09014993 -0.5771447 0.09011762 -0.8113615 -0.5775564 -0.8116508 -0.09014953 -0.5771447 -0.09011758 0.8113615 0.5775564 0.8116508 0.09014993 0.5771447 0.09011762 -0.8113615 0.5775564 -0.8116508 -0.09014953 0.5771447 -0.4073144 0.7074792 -0.5775535 0.7077278 0.407458 -0.5771476 0.4073148 -0.7074791 -0.5775535 -0.707728 -0.4074577 -0.5771476 -0.4073144 0.7074792 0.5775535 0.7077278 0.407458 0.5771476 0.4073148 -0.7074791 0.5775535 -0.707728 -0.4074577 0.5771476 -0.1375976 0.8045089 -0.5777823 0.8035122 0.1436112 -0.5777057 0.1478578 -0.8028542 -0.5775494 -0.8047547 -0.1420026 -0.5763724 -0.1375976 0.8045089 0.5777823 0.8035122 0.1436112 0.5777057 0.1478578 -0.8028542 0.5775494 -0.8047547 -0.1420026 0.5763724 -0.3846796 0.7208792 -0.5765022 0.7198149 0.3841121 -0.5782079 0.38468 -0.720879 -0.5765022 -0.7198151 -0.3841118 -0.5782079 -0.3846796 0.7208792 0.5765022 0.7198149 0.3841121 0.5782079 0.38468 -0.720879 0.5765022 -0.7198151 -0.3841118 0.5782079 -0.1410991 0.8043642 -0.5771389 0.8040693 0.1410477 -0.5775622 0.1410993 -0.8043642 -0.5771389 -0.8040694 -0.1410473 -0.5775622 -0.1410991 0.8043642 0.5771389 0.8040693 0.1410477 0.5775622 0.1410993 -0.8043642 0.5771389 -0.8040694 -0.1410473 0.5775622 -0.2115772 0.7894129 -0.5762485 0.7893946 0.2070839 -0.5779035 0.2162714 -0.7868332 -0.5780312 -0.7862184 -0.2206012 -0.5772311 -0.2115772 0.7894129 0.5762485 0.7893946 0.2070839 0.5779035 0.2162714 -0.7868332 0.5780312 -0.7862184 -0.2206012 0.5772311 -0.2290838 0.7826465 -0.5787789 0.7845675 0.2296466 -0.5759481 0.2290842 -0.7826465 -0.5787788 -0.7845677 -0.2296461 -0.5759481 -0.2290838 0.7826465 0.5787789 0.7845675 0.2296466 0.5759481 0.2290842 -0.7826465 0.5787788 -0.7845677 -0.2296461 0.5759481 -0.1272891 0.8063693 -0.5775518 0.8066503 0.1273338 -0.5771493 0.1272893 -0.8063693 -0.5775517 -0.8066504 -0.1273334 -0.5771493 -0.1272891 0.8063693 0.5775518 0.8066503 0.1273338 0.5771493 0.1272893 -0.8063693 0.5775517 -0.8066504 -0.1273334 0.5771493 -0.1197251 0.8065278 -0.5789462 0.8065419 0.1289369 -0.5769449 0.1245986 -0.8070447 -0.5771949 -0.8089821 -0.1156751 -0.5763396 -0.1197251 0.8065278 0.5789462 0.8065419 0.1289369 0.5769449 0.1245986 -0.8070447 0.5771949 -0.8089821 -0.1156751 0.5763396 -0.1117021 0.8090254 -0.577062 0.8086207 0.1116465 -0.5776397 0.1117023 -0.8090254 -0.577062 -0.8086208 -0.1116461 -0.5776396 -0.1117021 0.8090254 0.577062 0.8086207 0.1116465 0.5776397 0.1117023 -0.8090254 0.577062 -0.8086208 -0.1116461 0.5776396 -0.2033016 0.7896924 -0.5788388 0.7879934 0.2140619 -0.5772729 0.2170535 -0.7867561 -0.5778431 -0.791179 -0.2070071 -0.5754857 -0.2033016 0.7896924 0.5788388 0.7879934 0.2140619 0.5772729 0.2170535 -0.7867561 0.5778431 -0.791179 -0.2070071 0.5754857 -0.1401788 0.8038931 -0.5780188 0.8048203 0.140341 -0.5766876 0.1401792 -0.8038931 -0.5780187 -0.8048205 -0.1403404 -0.5766876 -0.1401788 0.8038931 0.5780188 0.8048203 0.140341 0.5766876 0.1401792 -0.8038931 0.5780187 -0.8048205 -0.1403404 0.5766876 0.6963535 0.4285655 -0.5756938 0.4246686 -0.6963243 -0.5786095 -0.6941484 -0.4305264 -0.5768925 -0.4328284 0.6915905 -0.5782405 0.6963535 0.4285655 0.5756938 0.4246686 -0.6963243 0.5786095 -0.6941484 -0.4305264 0.5768925 -0.4328284 0.6915905 0.5782405 -0.07465969 0.8125627 -0.5780724 0.8121072 0.08251217 -0.5776449 0.07559673 -0.8138349 -0.5761579 -0.8135528 -0.06767474 -0.5775395 -0.07465969 0.8125627 0.5780724 0.8121072 0.08251217 0.5776449 0.07559673 -0.8138349 0.5761579 -0.8135528 -0.06767474 0.5775395 -0.5143139 0.6345537 -0.576908 0.6340658 0.5139194 -0.5777952 0.5143145 -0.6345533 -0.5769079 -0.6340664 -0.5139189 -0.5777951 -0.5143139 0.6345537 0.576908 0.6340658 0.5139194 0.5777952 0.5143145 -0.6345533 0.5769079 -0.6340664 -0.5139189 0.5777951 0.5743091 0.5809781 -0.5767438 0.5803657 -0.5737038 -0.5779616 -0.5743099 -0.5809774 -0.5767437 -0.5803649 0.5737044 -0.5779617 0.5743091 0.5809781 0.5767438 0.5803657 -0.5737038 0.5779616 -0.5743099 -0.5809774 0.5767437 -0.5803649 0.5737044 0.5779617 -0.2417245 0.7801546 -0.5769992 0.778852 0.2435707 -0.5779817 0.2537439 -0.7755051 -0.5781054 -0.7773652 -0.2520882 -0.5763289 -0.2417245 0.7801546 0.5769992 0.778852 0.2435707 0.5779817 0.2537439 -0.7755051 0.5781054 -0.7773652 -0.2520882 0.5763289 -0.2005631 0.7910857 -0.5778908 0.7931006 0.1970905 -0.5763218 0.189795 -0.7940632 -0.5774439 -0.792944 -0.1934926 -0.5777546 -0.2005631 0.7910857 0.5778908 0.7931006 0.1970905 0.5763218 0.189795 -0.7940632 0.5774439 -0.792944 -0.1934926 0.5777546 -0.2392137 0.7805105 -0.577564 0.7807989 0.2393027 -0.5771372 0.2392142 -0.7805104 -0.5775639 -0.7807991 -0.2393021 -0.5771371 -0.2392137 0.7805105 0.577564 0.7807989 0.2393027 0.5771372 0.2392142 -0.7805104 0.5775639 -0.7807991 -0.2393021 0.5771371 -0.09880122 0.8108751 -0.5768187 0.8107248 0.0959137 -0.5775169 0.1032623 -0.8093704 -0.5781491 -0.8098648 -0.1061981 -0.5769237 -0.09880122 0.8108751 0.5768187 0.8107248 0.0959137 0.5775169 0.1032623 -0.8093704 0.5781491 -0.8098648 -0.1061981 0.5769237 -0.1036988 0.8099651 -0.5772375 0.8098067 0.1036788 -0.5774633 0.1036989 -0.8099651 -0.5772374 -0.8098068 -0.1036783 -0.5774633 -0.1036988 0.8099651 0.5772375 0.8098067 0.1036788 0.5774633 0.1036989 -0.8099651 0.5772374 -0.8098068 -0.1036783 0.5774633 -0.4081526 0.7068887 -0.5776849 0.7057191 0.4106192 -0.5773668 0.4057739 -0.7091599 -0.5765759 -0.7097685 -0.4029884 -0.5777794 -0.4081526 0.7068887 0.5776849 0.7057191 0.4106192 0.5773668 0.4057739 -0.7091599 0.5765759 -0.7097685 -0.4029884 0.5777794 0.567867 0.5851093 -0.5789423 0.5867085 -0.5694189 -0.575791 -0.5678672 -0.5851092 -0.5789422 -0.5867082 0.5694192 -0.575791 0.567867 0.5851093 0.5789423 0.5867085 -0.5694189 0.575791 -0.5678672 -0.5851092 0.5789422 -0.5867082 0.5694192 0.575791 -0.4290396 0.6951931 -0.5767422 0.6976059 0.4243672 -0.5772855 0.4224306 -0.6989217 -0.5771143 -0.695499 -0.4264833 -0.5782674 -0.4290396 0.6951931 0.5767422 0.6976059 0.4243672 0.5772855 0.4224306 -0.6989217 0.5771143 -0.695499 -0.4264833 0.5782674 -0.2892151 0.7627596 -0.5784051 0.7630726 0.2919409 -0.57662 0.2794023 -0.7679482 -0.5763592 -0.7676627 -0.2767075 -0.5780372 -0.2892151 0.7627596 0.5784051 0.7630726 0.2919409 0.57662 0.2794023 -0.7679482 0.5763592 -0.7676627 -0.2767075 0.5780372 -0.1702979 0.7989843 -0.5767345 0.798129 0.170116 -0.5779711 0.1702981 -0.7989843 -0.5767345 -0.7981292 -0.1701154 -0.5779711 -0.1702979 0.7989843 0.5767345 0.798129 0.170116 0.5779711 0.1702981 -0.7989843 0.5767345 -0.7981292 -0.1701154 0.5779711 0.3053692 0.7574908 -0.5770246 0.7555085 -0.3102993 -0.5769933 -0.3072528 -0.7559115 -0.5780947 -0.758421 0.3025384 -0.5772937 0.3053692 0.7574908 0.5770246 0.7555085 -0.3102993 0.5769933 -0.3072528 -0.7559115 0.5780947 -0.758421 0.3025384 0.5772937 -0.3908294 0.7170508 -0.57714 0.716789 0.3906873 -0.5775612 0.3908299 -0.7170506 -0.5771399 -0.7167893 -0.3906869 -0.5775611 -0.3908294 0.7170508 0.57714 0.716789 0.3906873 0.5775612 0.3908299 -0.7170506 0.5771399 -0.7167893 -0.3906869 0.5775611 -0.4433024 0.6852292 -0.5778788 0.6858539 0.4437079 -0.5768255 0.4433034 -0.6852287 -0.5778787 -0.6858546 -0.443707 -0.5768254 -0.4433024 0.6852292 0.5778788 0.6858539 0.4437079 0.5768255 0.4433034 -0.6852287 0.5778787 -0.6858546 -0.443707 0.5768254 -0.1934007 0.7926912 -0.5781322 0.7937599 0.1936617 -0.5765763 0.1934008 -0.7926912 -0.5781322 -0.7937601 -0.1936613 -0.5765763 -0.1934007 0.7926912 0.5781322 0.7937599 0.1936617 0.5765763 0.1934008 -0.7926912 0.5781322 -0.7937601 -0.1936613 0.5765763 -0.5732363 0.5822421 -0.5765365 0.5814169 0.572425 -0.578173 0.577343 -0.5773576 -0.5773502 -0.5773581 -0.5773425 -0.5773502 -0.5732363 0.5822421 0.5765365 0.5814169 0.572425 0.578173 0.577343 -0.5773576 0.5773502 -0.5773581 -0.5773425 0.5773502 -0.3852935 0.7206215 -0.5764145 0.7203965 0.3832228 -0.5780736 0.3926223 -0.7153711 -0.5780069 -0.7152154 -0.3945009 -0.5769194 -0.3852935 0.7206215 0.5764145 0.7203965 0.3832228 0.5780736 0.3926223 -0.7153711 0.5780069 -0.7152154 -0.3945009 0.5769194 -0.4745563 0.664367 -0.5774191 0.6656871 0.4731681 -0.5770378 0.4770923 -0.6617098 -0.5783797 -0.6616331 -0.4793765 -0.576576 -0.4745563 0.664367 0.5774191 0.6656871 0.4731681 0.5770378 0.4770923 -0.6617098 0.5783797 -0.6616331 -0.4793765 0.576576 0.5726998 0.5811883 -0.5781307 0.5819705 -0.5734705 -0.5765778 -0.5727001 -0.581188 -0.5781306 -0.5819701 0.5734708 -0.5765779 0.5726998 0.5811883 0.5781307 0.5819705 -0.5734705 0.5765778 -0.5727001 -0.581188 0.5781306 -0.5819701 0.5734708 0.5765779 -0.3508665 0.7375827 -0.576944 0.7377013 0.3495402 -0.5775971 0.3583744 -0.7328091 -0.5784105 -0.7334962 -0.3601016 -0.5764635 -0.3508665 0.7375827 0.576944 0.7377013 0.3495402 0.5775971 0.3583744 -0.7328091 0.5784105 -0.7334962 -0.3601016 0.5764635 -0.4511402 0.6805546 -0.5773369 0.6805385 0.4511303 -0.5773637 0.4511408 -0.6805544 -0.5773368 -0.6805389 -0.4511298 -0.5773637 -0.4511402 0.6805546 0.5773369 0.6805385 0.4511303 0.5773637 0.4511408 -0.6805544 0.5773368 -0.6805389 -0.4511298 0.5773637 -0.117185 0.8077305 -0.5777881 0.8079018 0.1191055 -0.5771556 0.1231543 -0.8066264 -0.578089 -0.808102 -0.1214806 -0.5763798 -0.117185 0.8077305 0.5777881 0.8079018 0.1191055 0.5771556 0.1231543 -0.8066264 0.578089 -0.808102 -0.1214806 0.5763798 -0.4462413 0.6833173 -0.5778807 0.6839427 0.4466507 -0.5768236 0.446242 -0.683317 -0.5778806 -0.6839433 -0.44665 -0.5768235 -0.4462413 0.6833173 0.5778807 0.6839427 0.4466507 0.5768236 0.446242 -0.683317 0.5778806 -0.6839433 -0.44665 0.5768235 -0.09699892 0.8106435 -0.5774499 0.8099528 0.1008636 -0.5777569 0.1067154 -0.8092395 -0.5777052 -0.8105902 -0.1029359 -0.576496 -0.09699892 0.8106435 0.5774499 0.8099528 0.1008636 0.5777569 0.1067154 -0.8092395 0.5777052 -0.8105902 -0.1029359 0.576496 -0.4484042 0.6820547 -0.5776981 0.682464 0.4486747 -0.5770042 0.4484052 -0.6820542 -0.5776979 -0.6824647 -0.4486738 -0.5770041 -0.4484042 0.6820547 0.5776981 0.682464 0.4486747 0.5770042 0.4484052 -0.6820542 0.5776979 -0.6824647 -0.4486738 0.5770041 -0.2140844 0.7876068 -0.5777919 0.7882075 0.2142483 -0.5769113 0.2140849 -0.7876067 -0.5777918 -0.7882077 -0.2142477 -0.5769112 -0.2140844 0.7876068 0.5777919 0.7882075 0.2142483 0.5769113 0.2140849 -0.7876067 0.5777918 -0.7882077 -0.2142477 0.5769112 -0.5090957 0.638022 -0.5777106 0.6283411 0.5197244 -0.5788558 0.5259541 -0.6250884 -0.5767467 -0.6345903 -0.5151557 -0.5761161 -0.5090957 0.638022 0.5777106 0.6283411 0.5197244 0.5788558 0.5259541 -0.6250884 0.5767467 -0.6345903 -0.5151557 0.5761161 -0.3998094 0.7112189 -0.5782043 0.7154935 0.3956559 -0.5757824 0.3929871 -0.7146096 -0.5787005 -0.7130504 -0.3986467 -0.5767495 -0.3998094 0.7112189 0.5782043 0.7154935 0.3956559 0.5757824 0.3929871 -0.7146096 0.5787005 -0.7130504 -0.3986467 0.5767495 -0.1375409 0.8043617 -0.5780006 0.8032042 0.1452939 -0.5777134 0.1481253 -0.8029462 -0.5773528 -0.8050328 -0.1405314 -0.5763446 -0.1375409 0.8043617 0.5780006 0.8032042 0.1452939 0.5777134 0.1481253 -0.8029462 0.5773528 -0.8050328 -0.1405314 0.5763446 0.5773604 0.5773401 -0.5773503 0.5773402 -0.5773604 -0.5773502 -0.577361 -0.5773396 -0.5773502 -0.5773396 0.5773609 -0.5773503 0.5773604 0.5773401 0.5773503 0.5773402 -0.5773604 0.5773502 -0.577361 -0.5773396 0.5773502 -0.5773396 0.5773609 0.5773503 0.4801645 0.6601858 -0.5775783 0.6609524 -0.479505 -0.5772494 -0.4744246 -0.6637815 -0.5782002 -0.6642525 0.4759721 -0.5763845 0.4801645 0.6601858 0.5775783 0.6609524 -0.479505 0.5772494 -0.4744246 -0.6637815 0.5782002 -0.6642525 0.4759721 0.5763845 -0.1267961 0.8061234 -0.5780033 0.8073739 0.1255704 -0.5765237 0.1207447 -0.8073638 -0.5775676 -0.8073323 -0.1221598 -0.5773141 -0.1267961 0.8061234 0.5780033 0.8073739 0.1255704 0.5765237 0.1207447 -0.8073638 0.5775676 -0.8073323 -0.1221598 0.5773141 -0.4143872 0.7030505 -0.5779301 0.7037538 0.4148027 -0.576775 0.4143879 -0.7030502 -0.57793 -0.7037543 -0.414802 -0.5767749 -0.4143872 0.7030505 0.5779301 0.7037538 0.4148027 0.576775 0.4143879 -0.7030502 0.57793 -0.7037543 -0.414802 0.5767749 -0.4539364 0.6790553 -0.5769104 0.6847424 0.4458163 -0.5765202 0.4415431 -0.6866047 -0.577593 -0.6807268 -0.4495278 -0.5783907 -0.4539364 0.6790553 0.5769104 0.6847424 0.4458163 0.5765202 0.4415431 -0.6866047 0.577593 -0.6807268 -0.4495278 0.5783907 -0.2289639 0.2880327 -0.9298455 -0.507858 0.6497585 -0.5655918 0.696794 0.4247477 -0.5779857 0.4338012 -0.6910986 -0.5780996 0.2278269 -0.3686371 -0.9012223 0.4260442 -0.6956493 -0.5784103 -0.6996501 -0.423119 -0.5757257 -0.4213601 0.6980744 -0.5789196 -0.2289639 0.2880327 0.9298455 -0.507858 0.6497585 0.5655918 0.696794 0.4247477 0.5779857 0.4338012 -0.6910986 0.5780996 0.2278269 -0.3686371 0.9012223 0.4260442 -0.6956493 0.5784103 -0.6996501 -0.423119 0.5757257 -0.4213601 0.6980744 0.5789196 -0.1847468 0.7950647 -0.577703 0.7963137 0.1825291 -0.5766868 0.1792755 -0.7963863 -0.5776064 -0.797236 -0.1778076 -0.5768876 -0.1745376 0.7975924 -0.5773933 -0.09272615 0.4138704 -0.905601 -0.1847468 0.7950647 0.577703 0.7963137 0.1825291 0.5766868 0.1792755 -0.7963863 0.5776064 -0.797236 -0.1778076 0.5768876 -0.1745376 0.7975924 0.5773933 -0.09272615 0.4138704 0.905601 -0.1128092 0.8078329 -0.5785153 0.8090215 0.1148829 -0.5764427 0.1151154 -0.8076445 -0.5783242 -0.8082808 -0.1183343 -0.5767834 -0.4211732 -0.06015894 -0.9049829 -0.8095694 -0.1105986 -0.5765114 -0.1128092 0.8078329 0.5785153 0.8090215 0.1148829 0.5764427 0.1151154 -0.8076445 0.5783242 -0.8082808 -0.1183343 0.5767834 -0.4211732 -0.06015894 0.9049829 -0.8095694 -0.1105986 0.5765114 -0.1973052 0.7914393 -0.5785279 0.7903979 0.205206 -0.5772016 0.194772 -0.7938349 -0.576099 -0.7977049 -0.1774829 -0.5763391 -0.4138622 -0.09031992 -0.9058479 -0.7951147 -0.1835295 -0.578022 -0.1973052 0.7914393 0.5785279 0.7903979 0.205206 0.5772016 0.194772 -0.7938349 0.576099 -0.7977049 -0.1774829 0.5763391 -0.4138622 -0.09031992 0.9058479 -0.7951147 -0.1835295 0.578022 -0.1252165 0.8067165 -0.5775199 0.8077711 0.1219429 -0.5767459 0.1113792 -0.80941 -0.5765849 -0.8050539 -0.1247109 -0.5799443 -0.4242084 -0.07276204 -0.9026366 -0.8067878 -0.127789 -0.5768565 -0.1252165 0.8067165 0.5775199 0.8077711 0.1219429 0.5767459 0.1113792 -0.80941 0.5765849 -0.8050539 -0.1247109 0.5799443 -0.4242084 -0.07276204 0.9026366 -0.8067878 -0.127789 0.5768565 -0.4984184 0.6462845 -0.5778369 0.6494344 0.4960072 -0.5763782 0.4973374 -0.6463268 -0.5787204 0.2643641 -0.3348564 -0.904424 0.5021762 -0.6443503 -0.5767424 -0.6479978 -0.4969928 -0.5771456 -0.4984184 0.6462845 0.5778369 0.6494344 0.4960072 0.5763782 0.4973374 -0.6463268 0.5787204 0.2643641 -0.3348564 0.904424 0.5021762 -0.6443503 0.5767424 -0.6479978 -0.4969928 0.5771456 -0.2339302 0.7820745 -0.5776124 -0.1209808 0.4131535 -0.9025895 -0.2283368 0.7833708 -0.5780939 0.7829755 0.2321755 -0.5770995 0.232564 -0.7824395 -0.5776697 -0.7825259 -0.2335585 -0.5771513 -0.2339302 0.7820745 0.5776124 -0.1209808 0.4131535 0.9025895 -0.2283368 0.7833708 0.5780939 0.7829755 0.2321755 0.5770995 0.232564 -0.7824395 0.5776697 -0.7825259 -0.2335585 0.5771513 0.6999021 0.4199072 -0.5777672 0.4304674 -0.6927751 -0.5785849 -0.6930994 -0.4329018 -0.5763759 -0.3625721 -0.2226907 -0.9049588 -0.7049527 -0.4149352 -0.5752134 -0.4079951 0.7061663 -0.5786789 0.6999021 0.4199072 0.5777672 0.4304674 -0.6927751 0.5785849 -0.6930994 -0.4329018 0.5763759 -0.3625721 -0.2226907 0.9049588 -0.7049527 -0.4149352 0.5752134 -0.4079951 0.7061663 0.5786789 0.5835269 0.5721442 -0.5763222 0.5650781 -0.5895186 -0.5771955 -0.583243 -0.5701823 -0.5785496 -0.5773459 0.5773546 -0.5773503 -0.3015091 0.3015135 -0.9045341 -0.5773462 0.5773543 -0.5773503 0.5835269 0.5721442 0.5763222 0.5650781 -0.5895186 0.5771955 -0.583243 -0.5701823 0.5785496 -0.5773459 0.5773546 0.5773503 -0.3015091 0.3015135 0.9045341 -0.5773462 0.5773543 0.5773503 -0.1061659 0.8098694 -0.5769232 0.8106644 0.09976483 -0.5769491 0.106703 -0.8085403 -0.5786856 -0.8100603 -0.1084427 -0.5762312 -0.4199025 -0.05421825 -0.9059483 -0.8091305 -0.1094402 -0.577348 -0.1061659 0.8098694 0.5769232 0.8106644 0.09976483 0.5769491 0.106703 -0.8085403 0.5786856 -0.8100603 -0.1084427 0.5762312 -0.4199025 -0.05421825 0.9059483 -0.8091305 -0.1094402 0.577348 0.5736342 0.5804221 -0.577974 0.5810468 -0.5742519 -0.5767316 -0.5714853 -0.5821805 -0.5783342 -0.5900963 0.5638672 -0.577789 -0.3103041 0.3020791 -0.9013654 -0.577336 0.5773645 -0.5773503 0.5736342 0.5804221 0.577974 0.5810468 -0.5742519 0.5767316 -0.5714853 -0.5821805 0.5783342 -0.5900963 0.5638672 0.577789 -0.3103041 0.3020791 0.9013654 -0.577336 0.5773645 0.5773503 -0.3040739 0.757736 -0.5773866 0.7535899 0.3121714 -0.5784905 0.3845009 0.1697374 -0.9073854 0.7533449 0.3198228 -0.574617 0.2955712 -0.7614988 -0.5768512 -0.7596897 -0.2976129 -0.5781852 -0.3040739 0.757736 0.5773866 0.7535899 0.3121714 0.5784905 0.3845009 0.1697374 0.9073854 0.7533449 0.3198228 0.574617 0.2955712 -0.7614988 0.5768512 -0.7596897 -0.2976129 0.5781852 -0.2550326 0.7752096 -0.5779347 0.7725546 0.2631158 -0.5778663 0.4059305 0.1382515 -0.9033864 0.7777805 0.2511124 -0.5761944 0.2391792 -0.7809921 -0.5769269 -0.7786844 -0.2431986 -0.5783641 -0.2550326 0.7752096 0.5779347 0.7725546 0.2631158 0.5778663 0.4059305 0.1382515 0.9033864 0.7777805 0.2511124 0.5761944 0.2391792 -0.7809921 0.5769269 -0.7786844 -0.2431986 0.5783641 -0.1008956 0.8105954 -0.5768494 0.8142739 0.07916376 -0.5750575 0.4133741 0.0401884 -0.909674 0.8100536 0.100059 -0.5777555 0.1066941 -0.8091674 -0.5778101 -0.8096414 -0.1075273 -0.5769911 -0.1008956 0.8105954 0.5768494 0.8142739 0.07916376 0.5750575 0.4133741 0.0401884 0.909674 0.8100536 0.100059 0.5777555 0.1066941 -0.8091674 0.5778101 -0.8096414 -0.1075273 0.5769911 -0.1229898 0.8069295 -0.5777009 0.8073635 0.1232876 -0.5770306 0.4606173 0.0347296 -0.8869192 0.808524 0.06035764 -0.5853596 0.1203968 -0.8074955 -0.5774561 -0.8075538 -0.1207868 -0.5772931 -0.1229898 0.8069295 0.5777009 0.8073635 0.1232876 0.5770306 0.4606173 0.0347296 0.8869192 0.808524 0.06035764 0.5853596 0.1203968 -0.8074955 0.5774561 -0.8075538 -0.1207868 0.5772931 -0.3234988 0.7493508 -0.5777732 0.7478055 0.3275589 -0.5774877 0.3257604 -0.7490133 -0.5769395 -0.7479386 -0.3265117 -0.5779082 -0.3240212 0.7501892 -0.5763909 -0.1659691 0.3914279 -0.9051179 -0.3234988 0.7493508 0.5777732 0.7478055 0.3275589 0.5774877 0.3257604 -0.7490133 0.5769395 -0.7479386 -0.3265117 0.5779082 -0.3240212 0.7501892 0.5763909 -0.1659691 0.3914279 0.9051179 -0.1139883 0.8082212 -0.5777414 0.8112753 0.1029727 -0.5755249 0.1085043 -0.8073466 -0.5800158 0.06407978 -0.4262085 -0.9023525 0.1231862 -0.8062646 -0.5785866 -0.8083249 -0.1220331 -0.5759503 -0.1139883 0.8082212 0.5777414 0.8112753 0.1029727 0.5755249 0.1085043 -0.8073466 0.5800158 0.06407978 -0.4262085 0.9023525 0.1231862 -0.8062646 0.5785866 -0.8083249 -0.1220331 0.5759503 0.583307 0.5723296 -0.5763607 0.5713431 -0.5823014 -0.5783529 0.3015031 -0.3015197 -0.904534 0.5773342 -0.5773663 -0.5773503 -0.5773665 -0.577334 -0.5773503 -0.5773341 0.5773664 -0.5773503 0.583307 0.5723296 0.5763607 0.5713431 -0.5823014 0.5783529 0.3015031 -0.3015197 0.904534 0.5773342 -0.5773663 0.5773503 -0.5773665 -0.577334 0.5773503 -0.5773341 0.5773664 0.5773503 -0.08915741 0.8107205 -0.5786046 0.8118124 0.09257706 -0.5765328 0.0972032 -0.8096481 -0.5788104 -0.8108695 -0.1012289 -0.5764055 -0.4296533 -0.04479677 -0.9018821 -0.8126138 -0.07756265 -0.5776182 -0.08915741 0.8107205 0.5786046 0.8118124 0.09257706 0.5765328 0.0972032 -0.8096481 0.5788104 -0.8108695 -0.1012289 0.5764055 -0.4296533 -0.04479677 0.9018821 -0.8126138 -0.07756265 0.5776182 -0.3339346 0.7450697 -0.5773724 0.7426251 0.3383103 -0.5779742 0.3379735 -0.7438232 -0.576629 0.1726137 -0.3930257 -0.9031806 0.3292963 -0.7465468 -0.5781279 -0.7449359 -0.3344198 -0.5772641 -0.3339346 0.7450697 0.5773724 0.7426251 0.3383103 0.5779742 0.3379735 -0.7438232 0.576629 0.1726137 -0.3930257 0.9031806 0.3292963 -0.7465468 0.5781279 -0.7449359 -0.3344198 0.5772641 -0.404413 0.7088776 -0.5778777 0.706645 0.4088819 -0.5774673 0.4103727 -0.7057905 -0.5774548 -0.7095629 -0.4052638 -0.5764389 -0.3660292 -0.209406 -0.9067369 -0.7085571 -0.4068879 -0.576532 -0.404413 0.7088776 0.5778777 0.706645 0.4088819 0.5774673 0.4103727 -0.7057905 0.5774548 -0.7095629 -0.4052638 0.5764389 -0.3660292 -0.209406 0.9067369 -0.7085571 -0.4068879 0.576532 -0.1397554 0.8041981 -0.577697 0.80468 0.1398395 -0.5770052 0.1364547 -0.8050798 -0.5772579 -0.804951 -0.1364326 -0.5774427 -0.4161953 -0.07407386 -0.906253 -0.8043996 -0.1431659 -0.5765802 -0.1397554 0.8041981 0.577697 0.80468 0.1398395 0.5770052 0.1364547 -0.8050798 0.5772579 -0.804951 -0.1364326 0.5774427 -0.4161953 -0.07407386 0.906253 -0.8043996 -0.1431659 0.5765802 -0.1473097 0.8033807 -0.5769569 0.802586 0.1480868 -0.5778633 0.1511238 -0.8024784 -0.5772262 0.08475255 -0.4076791 -0.9091836 0.1664859 -0.8008378 -0.5752749 -0.8025548 -0.1502135 -0.5773575 -0.1473097 0.8033807 0.5769569 0.802586 0.1480868 0.5778633 0.1511238 -0.8024784 0.5772262 0.08475255 -0.4076791 0.9091836 0.1664859 -0.8008378 0.5752749 -0.8025548 -0.1502135 0.5773575 -0.1156747 0.8077949 -0.5780023 0.8074208 0.1211412 -0.5774049 0.1242667 -0.8067287 -0.577708 0.06754326 -0.4192538 -0.9053531 0.1379673 -0.8042502 -0.5780541 -0.8080053 -0.1273354 -0.5752505 -0.1156747 0.8077949 0.5780023 0.8074208 0.1211412 0.5774049 0.1242667 -0.8067287 0.577708 0.06754326 -0.4192538 0.9053531 0.1379673 -0.8042502 0.5780541 -0.8080053 -0.1273354 0.5752505 -0.1570771 0.8008206 -0.5779387 0.8017246 0.1569258 -0.5767252 0.1682619 -0.7973749 -0.5795526 0.0903792 -0.426775 -0.8998304 0.152607 -0.8021664 -0.5772696 -0.8021277 -0.1523289 -0.5773968 -0.1570771 0.8008206 0.5779387 0.8017246 0.1569258 0.5767252 0.1682619 -0.7973749 0.5795526 0.0903792 -0.426775 0.8998304 0.152607 -0.8021664 0.5772696 -0.8021277 -0.1523289 0.5773968 -0.2983754 0.7599984 -0.5773859 0.7594625 0.2995533 -0.5774812 0.3046813 -0.7570621 -0.5779501 -0.755551 -0.3094474 -0.577395 -0.405239 -0.1580302 -0.9004487 -0.7622848 -0.2905337 -0.5783701 -0.2983754 0.7599984 0.5773859 0.7594625 0.2995533 0.5774812 0.3046813 -0.7570621 0.5779501 -0.755551 -0.3094474 0.577395 -0.405239 -0.1580302 0.9004487 -0.7622848 -0.2905337 0.5783701 -0.4689883 0.6685771 -0.5771088 0.6701916 0.4665466 -0.5772154 0.4664373 -0.670035 -0.5774854 -0.6711029 -0.4654595 -0.577034 -0.465204 0.6707348 -0.5776678 -0.244213 0.3481437 -0.9050723 -0.4689883 0.6685771 0.5771088 0.6701916 0.4665466 0.5772154 0.4664373 -0.670035 0.5774854 -0.6711029 -0.4654595 0.577034 -0.465204 0.6707348 0.5776678 -0.244213 0.3481437 0.9050723 -0.109479 0.809537 -0.5767705 0.8111227 0.09854332 -0.5765147 0.0989402 -0.809826 -0.5782669 -0.8055526 -0.1229863 -0.57962 -0.4307303 -0.06669197 -0.9000131 -0.8086201 -0.1116499 -0.5776399 -0.109479 0.809537 0.5767705 0.8111227 0.09854332 0.5765147 0.0989402 -0.809826 0.5782669 -0.8055526 -0.1229863 0.57962 -0.4307303 -0.06669197 0.9000131 -0.8086201 -0.1116499 0.5776399 -0.4235443 0.6983809 -0.5769526 0.6974577 0.423848 -0.5778458 0.4278941 -0.6953155 -0.5774452 -0.6947756 -0.4288373 -0.5773954 -0.3912599 -0.2184123 -0.8939865 -0.7109933 -0.3948148 -0.5819019 -0.4235443 0.6983809 0.5769526 0.6974577 0.423848 0.5778458 0.4278941 -0.6953155 0.5774452 -0.6947756 -0.4288373 0.5773954 -0.3912599 -0.2184123 0.8939865 -0.7109933 -0.3948148 0.5819019 -0.5246411 0.6263421 -0.5765825 0.630383 0.5190528 -0.5772361 0.5226278 -0.6265943 -0.5781347 0.2754583 -0.3310708 -0.9025048 0.5236414 -0.6253155 -0.5786019 -0.6210369 -0.5303232 -0.5771226 -0.5246411 0.6263421 0.5765825 0.630383 0.5190528 0.5772361 0.5226278 -0.6265943 0.5781347 0.2754583 -0.3310708 0.9025048 0.5236414 -0.6253155 0.5786019 -0.6210369 -0.5303232 0.5771226 -0.163624 0.7989959 -0.5786474 0.7991364 0.1693933 -0.5767902 0.1633431 -0.8001548 -0.5771233 0.08379157 -0.4190223 -0.9041013 0.1559859 -0.8017115 -0.5769982 -0.8018779 -0.1536246 -0.5774005 -0.163624 0.7989959 0.5786474 0.7991364 0.1693933 0.5767902 0.1633431 -0.8001548 0.5771233 0.08379157 -0.4190223 0.9041013 0.1559859 -0.8017115 0.5769982 -0.8018779 -0.1536246 0.5774005 -0.2020502 0.7910892 -0.5773678 0.7920297 0.1994565 -0.5769801 0.1959502 -0.7926989 -0.5772624 -0.7960369 -0.1856786 -0.5760632 -0.1955079 0.7907434 -0.5800875 -0.1103226 0.4165134 -0.9024109 -0.2020502 0.7910892 0.5773678 0.7920297 0.1994565 0.5769801 0.1959502 -0.7926989 0.5772624 -0.7960369 -0.1856786 0.5760632 -0.1955079 0.7907434 0.5800875 -0.1103226 0.4165134 0.9024109 -0.1293197 0.806191 -0.5773496 0.8061898 0.1293204 -0.5773511 0.1293204 -0.806191 -0.5773494 -0.80619 -0.1293194 -0.577351 -0.1293197 0.806191 0.5773496 0.8061898 0.1293204 0.5773511 0.1293204 -0.806191 0.5773494 -0.80619 -0.1293194 0.577351 -0.1925506 0.7933725 -0.577481 0.7927028 0.1950687 -0.5775555 0.1948728 -0.7930757 -0.5771097 -0.7977548 -0.1797199 -0.5755762 -0.4093269 -0.09097855 -0.9078405 -0.7939346 -0.1899852 -0.5775582 -0.1925506 0.7933725 0.577481 0.7927028 0.1950687 0.5775555 0.1948728 -0.7930757 0.5771097 -0.7977548 -0.1797199 0.5755762 -0.4093269 -0.09097855 0.9078405 -0.7939346 -0.1899852 0.5775582 -0.3956284 0.7130688 -0.5788013 0.7117925 0.4010879 -0.5766107 0.3965155 -0.7136616 -0.5774622 -0.7177409 -0.390742 -0.5763408 -0.375188 0.7261839 -0.5760997 -0.1932635 0.3722387 -0.9077927 -0.3956284 0.7130688 0.5788013 0.7117925 0.4010879 0.5766107 0.3965155 -0.7136616 0.5774622 -0.7177409 -0.390742 0.5763408 -0.375188 0.7261839 0.5760997 -0.1932635 0.3722387 0.9077927 -0.09583458 0.8098059 -0.5788179 -0.05339678 0.4265894 -0.9028678 -0.1019899 0.8095057 -0.5781856 0.8103865 0.103436 -0.5766929 0.09856323 -0.8105002 -0.577386 -0.8119577 -0.09186687 -0.5764418 -0.09583458 0.8098059 0.5788179 -0.05339678 0.4265894 0.9028678 -0.1019899 0.8095057 0.5781856 0.8103865 0.103436 0.5766929 0.09856323 -0.8105002 0.577386 -0.8119577 -0.09186687 0.5764418 -0.08206886 0.8125278 -0.5771163 0.8129139 0.07829676 -0.5770967 0.08396311 -0.8114521 -0.578356 -0.8116492 -0.09016996 -0.5771439 -0.4204444 -0.04857502 -0.9060171 -0.8120465 -0.09143853 -0.5763848 -0.08206886 0.8125278 0.5771163 0.8129139 0.07829676 0.5770967 0.08396311 -0.8114521 0.578356 -0.8116492 -0.09016996 0.5771439 -0.4204444 -0.04857502 0.9060171 -0.8120465 -0.09143853 0.5763848 -0.1320115 0.8056296 -0.577524 0.8060104 0.131514 -0.577106 0.4253387 0.06498126 -0.9026984 0.8095738 0.1105784 -0.5765091 0.1222357 -0.8055403 -0.5797958 -0.805584 -0.1359018 -0.5766845 -0.1320115 0.8056296 0.577524 0.8060104 0.131514 0.577106 0.4253387 0.06498126 0.9026984 0.8095738 0.1105784 0.5765091 0.1222357 -0.8055403 0.5797958 -0.805584 -0.1359018 0.5766845 -0.5425419 0.609279 -0.578297 0.6027408 0.550396 -0.5777264 0.5480962 -0.6060242 -0.5764766 0.2832852 -0.3151095 -0.90579 0.5501072 -0.6031863 -0.5775365 -0.6091205 -0.5449761 -0.5761712 -0.5425419 0.609279 0.578297 0.6027408 0.550396 0.5777264 0.5480962 -0.6060242 0.5764766 0.2832852 -0.3151095 0.90579 0.5501072 -0.6031863 0.5775365 -0.6091205 -0.5449761 0.5761712 -0.1295521 0.8055752 -0.5781564 0.8068018 0.1293114 -0.5764976 0.4170164 0.06683813 -0.9064381 0.8039702 0.1401142 -0.5779272 0.1440167 -0.8037487 -0.5772756 -0.806412 -0.1336236 -0.5760594 -0.1295521 0.8055752 0.5781564 0.8068018 0.1293114 0.5764976 0.4170164 0.06683813 0.9064381 0.8039702 0.1401142 0.5779272 0.1440167 -0.8037487 0.5772756 -0.806412 -0.1336236 0.5760594 -0.09961675 0.8093536 -0.578812 0.810104 0.1057273 -0.5766744 0.1086256 -0.8084638 -0.5784348 -0.810499 -0.1064889 -0.5759787 -0.4121915 -0.05723877 -0.9092975 -0.8110185 -0.1089955 -0.5747773 -0.09961675 0.8093536 0.578812 0.810104 0.1057273 0.5766744 0.1086256 -0.8084638 0.5784348 -0.810499 -0.1064889 0.5759787 -0.4121915 -0.05723877 0.9092975 -0.8110185 -0.1089955 0.5747773 -0.3841648 0.7198951 -0.578073 0.7186497 0.3878954 -0.5771306 0.3882404 -0.7180485 -0.5776467 -0.712621 -0.3970324 -0.5783914 -0.3778323 -0.2096684 -0.9018214 -0.7211035 -0.3839082 -0.5767358 -0.3841648 0.7198951 0.578073 0.7186497 0.3878954 0.5771306 0.3882404 -0.7180485 0.5776467 -0.712621 -0.3970324 0.5783914 -0.3778323 -0.2096684 0.9018214 -0.7211035 -0.3839082 0.5767358 -0.2808541 0.7671715 -0.5766879 0.763632 0.2860696 -0.5788181 0.2947758 -0.7616673 -0.5770357 -0.7632813 -0.2904903 -0.5770763 -0.2912474 0.76248 -0.5777537 -0.1524054 0.4012693 -0.9031918 -0.2808541 0.7671715 0.5766879 0.763632 0.2860696 0.5788181 0.2947758 -0.7616673 0.5770357 -0.7632813 -0.2904903 0.5770763 -0.2912474 0.76248 0.5777537 -0.1524054 0.4012693 0.9031918 -0.4061004 0.7100249 -0.5752801 0.7172835 0.3902876 -0.5772175 0.3921334 -0.7158196 -0.5777835 -0.7121696 -0.39859 -0.5778758 -0.3676393 -0.2107534 -0.9057728 -0.7029366 -0.4143815 -0.5780728 -0.4061004 0.7100249 0.5752801 0.7172835 0.3902876 0.5772175 0.3921334 -0.7158196 0.5777835 -0.7121696 -0.39859 0.5778758 -0.3676393 -0.2107534 0.9057728 -0.7029366 -0.4143815 0.5780728 -0.3828318 0.7209877 -0.5775954 0.7264716 0.3749481 -0.5758931 0.4251008 0.1762031 -0.8878298 0.7525882 0.3042137 -0.5840077 0.3668676 -0.7275547 -0.5797175 -0.7214911 -0.3825232 -0.5771712 -0.3828318 0.7209877 0.5775954 0.7264716 0.3749481 0.5758931 0.4251008 0.1762031 0.8878298 0.7525882 0.3042137 0.5840077 0.3668676 -0.7275547 0.5797175 -0.7214911 -0.3825232 0.5771712 -0.1445393 0.8026931 -0.5786123 -0.0860498 0.4087274 -0.9085908 -0.1688575 0.8001157 -0.5755883 0.803119 0.1498627 -0.5766637 0.149502 -0.8022117 -0.5780186 -0.8044164 -0.1450638 -0.5760822 -0.1445393 0.8026931 0.5786123 -0.0860498 0.4087274 0.9085908 -0.1688575 0.8001157 0.5755883 0.803119 0.1498627 0.5766637 0.149502 -0.8022117 0.5780186 -0.8044164 -0.1450638 0.5760822 -0.1575678 0.8007699 -0.5778753 0.799726 0.16367 -0.5776249 0.1605316 -0.8010652 -0.5766491 -0.8047242 -0.1440751 -0.5759004 -0.410563 -0.07524086 -0.9087226 -0.801496 -0.1577104 -0.5768289 -0.1575678 0.8007699 0.5778753 0.799726 0.16367 0.5776249 0.1605316 -0.8010652 0.5766491 -0.8047242 -0.1440751 0.5759004 -0.410563 -0.07524086 0.9087226 -0.801496 -0.1577104 0.5768289 -0.4099573 0.70688 -0.5764162 0.7045369 0.4109646 -0.5785636 0.4311527 -0.6917938 -0.5792484 0.2273046 -0.3844026 -0.8947443 0.3956217 -0.7130727 -0.5788012 -0.7051123 -0.4106226 -0.5781053 -0.4099573 0.70688 0.5764162 0.7045369 0.4109646 0.5785636 0.4311527 -0.6917938 0.5792484 0.2273046 -0.3844026 0.8947443 0.3956217 -0.7130727 0.5788012 -0.7051123 -0.4106226 0.5781053 -0.2560834 0.773475 -0.5797911 0.7807842 0.2474839 -0.5736966 0.3880251 0.1239672 -0.9132736 0.7795292 0.2513251 -0.5737334 0.2324692 -0.7817303 -0.5786672 -0.7803915 -0.2406945 -0.5771094 -0.2560834 0.773475 0.5797911 0.7807842 0.2474839 0.5736966 0.3880251 0.1239672 0.9132736 0.7795292 0.2513251 0.5737334 0.2324692 -0.7817303 0.5786672 -0.7803915 -0.2406945 0.5771094 -0.1879128 0.7942937 -0.5777424 0.7948317 0.1880411 -0.5769602 0.1879136 -0.7942936 -0.5777423 -0.794832 -0.1880401 -0.5769601 -0.1879128 0.7942937 0.5777424 0.7948317 0.1880411 0.5769602 0.1879136 -0.7942936 0.5777423 -0.794832 -0.1880401 0.5769601 -0.1237743 0.8076756 -0.5764895 -0.04836851 0.4407206 -0.8963402 -0.09401764 0.8078851 -0.5817924 0.8060701 0.1291507 -0.5775561 0.1311465 -0.8058576 -0.5774029 -0.8059853 -0.1309478 -0.5772698 -0.1237743 0.8076756 0.5764895 -0.04836851 0.4407206 0.8963402 -0.09401764 0.8078851 0.5817924 0.8060701 0.1291507 0.5775561 0.1311465 -0.8058576 0.5774029 -0.8059853 -0.1309478 0.5772698 -0.2092748 0.7895028 -0.5769657 0.7882165 0.2112018 -0.5780213 0.4112074 0.1129537 -0.9045164 0.7908487 0.2066748 -0.576059 0.2082152 -0.7883343 -0.5789434 -0.7877229 -0.2163111 -0.5768034 -0.2092748 0.7895028 0.5769657 0.7882165 0.2112018 0.5780213 0.4112074 0.1129537 0.9045164 0.7908487 0.2066748 0.576059 0.2082152 -0.7883343 0.5789434 -0.7877229 -0.2163111 0.5768034 -0.2814051 0.7670255 -0.5766135 0.7683394 0.2761624 -0.5773984 0.4079533 0.1417605 -0.9019302 0.7678152 0.2735069 -0.5793564 0.2912342 -0.7624851 -0.5777535 -0.7634408 -0.2905684 -0.5768259 -0.2814051 0.7670255 0.5766135 0.7683394 0.2761624 0.5773984 0.4079533 0.1417605 0.9019302 0.7678152 0.2735069 0.5793564 0.2912342 -0.7624851 0.5777535 -0.7634408 -0.2905684 0.5768259 -0.1229395 0.8073115 -0.5771776 0.807442 0.1213892 -0.5773232 0.1244178 -0.8066542 -0.5777796 -0.8068754 -0.1260229 -0.5771224 -0.1229395 0.8073115 0.5771776 0.807442 0.1213892 0.5773232 0.1244178 -0.8066542 0.5777796 -0.8068754 -0.1260229 0.5771224 -0.3094863 0.7556034 -0.5773056 0.7587178 0.3032887 -0.5765095 0.2956536 -0.7612306 -0.5771628 -0.7627578 -0.2919642 -0.5770246 -0.298376 0.7590512 -0.5786303 -0.1610384 0.3941342 -0.9048342 -0.3094863 0.7556034 0.5773056 0.7587178 0.3032887 0.5765095 0.2956536 -0.7612306 0.5771628 -0.7627578 -0.2919642 0.5770246 -0.298376 0.7590512 0.5786303 -0.1610384 0.3941342 0.9048342 -0.3383602 0.7432223 -0.5771768 0.7452319 0.3343135 -0.5769436 0.3363877 -0.7433982 -0.5781024 -0.7500591 -0.3265526 -0.5751302 -0.3707868 -0.1687265 -0.9132626 -0.7375049 -0.353426 -0.5754795 -0.3383602 0.7432223 0.5771768 0.7452319 0.3343135 0.5769436 0.3363877 -0.7433982 0.5781024 -0.7500591 -0.3265526 0.5751302 -0.3707868 -0.1687265 0.9132626 -0.7375049 -0.353426 0.5754795 -0.1117546 0.8090177 -0.5770626 0.8089154 0.1103971 -0.5774671 0.1084063 -0.8095395 -0.5769696 -0.8095565 -0.1058978 -0.5774114 -0.4191331 -0.05789274 -0.9060772 -0.8084277 -0.1155205 -0.5771479 -0.1117546 0.8090177 0.5770626 0.8089154 0.1103971 0.5774671 0.1084063 -0.8095395 0.5769696 -0.8095565 -0.1058978 0.5774114 -0.4191331 -0.05789274 0.9060772 -0.8084277 -0.1155205 0.5771479 -0.5585976 0.5957878 -0.5770664 0.5982688 0.5558448 -0.5771578 0.5533696 -0.6006099 -0.5771047 0.2878588 -0.3066851 -0.9072384 0.5631742 -0.5916574 -0.5768677 -0.5940687 -0.5601459 -0.5773377 -0.5585976 0.5957878 0.5770664 0.5982688 0.5558448 0.5771578 0.5533696 -0.6006099 0.5771047 0.2878588 -0.3066851 0.9072384 0.5631742 -0.5916574 0.5768677 -0.5940687 -0.5601459 0.5773377 -0.121117 0.8071759 -0.5777523 0.8082374 0.1191343 -0.5766796 0.1246764 -0.8058906 -0.5787886 0.06056933 -0.4365877 -0.8976205 0.1093127 -0.8071571 -0.5801277 -0.8075418 -0.124394 -0.5765435 -0.121117 0.8071759 0.5777523 0.8082374 0.1191343 0.5766796 0.1246764 -0.8058906 0.5787886 0.06056933 -0.4365877 0.8976205 0.1093127 -0.8071571 0.5801277 -0.8075418 -0.124394 0.5765435 -0.3002811 0.75836 -0.5785511 0.7617721 0.297206 -0.575649 0.3982776 0.1489921 -0.9050836 0.7631013 0.2898558 -0.5776332 0.2888444 -0.7640352 -0.5769048 -0.7634442 -0.2886207 -0.5777984 -0.3002811 0.75836 0.5785511 0.7617721 0.297206 0.575649 0.3982776 0.1489921 0.9050836 0.7631013 0.2898558 0.5776332 0.2888444 -0.7640352 0.5769048 -0.7634442 -0.2886207 0.5777984 -0.1687807 0.798827 -0.577398 0.7999537 0.1653218 -0.5768385 0.1640566 -0.7995819 -0.5777147 -0.8051024 -0.1467038 -0.574707 -0.4040184 -0.07571366 -0.9116121 -0.7985423 -0.171715 -0.5769265 -0.1687807 0.798827 0.577398 0.7999537 0.1653218 0.5768385 0.1640566 -0.7995819 0.5777147 -0.8051024 -0.1467038 0.574707 -0.4040184 -0.07571366 0.9116121 -0.7985423 -0.171715 0.5769265 -0.4038656 0.7096851 -0.5772691 0.7119439 0.4004008 -0.5769012 0.3983855 -0.7125599 -0.5775357 -0.7171963 -0.3919979 -0.5761659 -0.3596184 -0.2035795 -0.9106206 -0.7053152 -0.4130319 -0.5761381 -0.4038656 0.7096851 0.5772691 0.7119439 0.4004008 0.5769012 0.3983855 -0.7125599 0.5775357 -0.7171963 -0.3919979 0.5761659 -0.3596184 -0.2035795 0.9106206 -0.7053152 -0.4130319 0.5761381 -0.1567159 0.8008606 -0.5779813 0.8007846 0.160117 -0.5771538 0.4263408 0.07813077 -0.9011821 0.8020689 0.1469858 -0.5788615 0.1600619 -0.8005119 -0.5775473 -0.8017328 -0.1568865 -0.5767244 -0.1567159 0.8008606 0.5779813 0.8007846 0.160117 0.5771538 0.4263408 0.07813077 0.9011821 0.8020689 0.1469858 0.5788615 0.1600619 -0.8005119 0.5775473 -0.8017328 -0.1568865 0.5767244 -0.3316197 0.7464678 -0.5769005 0.7452904 0.3324224 -0.5779599 0.3327723 -0.7460745 -0.5767455 0.172039 -0.3884359 -0.9052735 0.3307434 -0.7467653 -0.5770186 -0.7458849 -0.3313605 -0.5778027 -0.3316197 0.7464678 0.5769005 0.7452904 0.3324224 0.5779599 0.3327723 -0.7460745 0.5767455 0.172039 -0.3884359 0.9052735 0.3307434 -0.7467653 0.5770186 -0.7458849 -0.3313605 0.5778027 -0.5589156 0.5950514 -0.5775181 0.5914048 0.562445 -0.5778374 0.5607904 -0.5943154 -0.5764576 0.2892859 -0.3003558 -0.9089005 0.5773562 -0.5773443 -0.5773503 -0.5876332 -0.568618 -0.5756395 -0.5589156 0.5950514 0.5775181 0.5914048 0.562445 0.5778374 0.5607904 -0.5943154 0.5764576 0.2892859 -0.3003558 0.9089005 0.5773562 -0.5773443 0.5773503 -0.5876332 -0.568618 0.5756395 -0.4370821 0.6889855 -0.5781507 0.6872392 0.4411746 -0.5771199 0.4384337 -0.6889532 -0.577165 -0.6839999 -0.4443487 -0.5785312 -0.354461 -0.2363224 -0.904715 -0.6869197 -0.4434759 -0.5757347 -0.4370821 0.6889855 0.5781507 0.6872392 0.4411746 0.5771199 0.4384337 -0.6889532 0.577165 -0.6839999 -0.4443487 0.5785312 -0.354461 -0.2363224 0.904715 -0.6869197 -0.4434759 0.5757347 -0.3377129 0.7435562 -0.5771258 0.7530391 0.3198286 -0.5750146 0.3835227 0.161845 -0.9092395 0.7445205 0.3346731 -0.5776531 0.3331032 -0.7458898 -0.5767935 -0.7445364 -0.3339034 -0.5780779 -0.3377129 0.7435562 0.5771258 0.7530391 0.3198286 0.5750146 0.3835227 0.161845 0.9092395 0.7445205 0.3346731 0.5776531 0.3331032 -0.7458898 0.5767935 -0.7445364 -0.3339034 0.5780779 0.5773576 0.5773429 -0.5773503 0.577343 -0.5773575 -0.5773503 0.3015075 -0.3015152 -0.904534 0.5773428 -0.5773578 -0.5773502 -0.5773581 -0.5773425 -0.5773502 -0.5773425 0.577358 -0.5773503 0.5773576 0.5773429 0.5773503 0.577343 -0.5773575 0.5773503 0.3015075 -0.3015152 0.904534 0.5773428 -0.5773578 0.5773502 -0.5773581 -0.5773425 0.5773502 -0.5773425 0.577358 0.5773503 -0.4572264 0.6769397 -0.5767986 0.6848712 0.4460908 -0.5761549 0.3553904 0.2292391 -0.9061717 0.6828447 0.4476026 -0.5773863 0.4523075 -0.679142 -0.5780866 -0.6751574 -0.458843 -0.5776033 -0.4572264 0.6769397 0.5767986 0.6848712 0.4460908 0.5761549 0.3553904 0.2292391 0.9061717 0.6828447 0.4476026 0.5773863 0.4523075 -0.679142 0.5780866 -0.6751574 -0.458843 0.5776033 -0.3093853 0.7555199 -0.5774689 0.7549757 0.3107909 -0.5774259 0.3099484 -0.755535 -0.5771472 -0.7541477 -0.3119817 -0.5778656 -0.3103096 0.7558358 -0.5765589 -0.1595326 0.3939483 -0.9051818 -0.3093853 0.7555199 0.5774689 0.7549757 0.3107909 0.5774259 0.3099484 -0.755535 0.5771472 -0.7541477 -0.3119817 0.5778656 -0.3103096 0.7558358 0.5765589 -0.1595326 0.3939483 0.9051818 -0.2165835 0.7870647 -0.5775991 0.7884523 0.2138635 -0.5767195 0.2236612 -0.7837627 -0.579389 0.1198191 -0.4186696 -0.9001995 0.2206957 -0.785035 -0.5788034 -0.7861463 -0.2234712 -0.5762244 -0.2165835 0.7870647 0.5775991 0.7884523 0.2138635 0.5767195 0.2236612 -0.7837627 0.579389 0.1198191 -0.4186696 0.9001995 0.2206957 -0.785035 0.5788034 -0.7861463 -0.2234712 0.5762244 -0.4583253 0.67423 -0.5790957 0.668858 0.4685898 -0.577107 0.4674843 -0.6693427 -0.5774415 -0.6555393 -0.483566 -0.5800278 -0.3496683 -0.260756 -0.8998546 -0.6747424 -0.4623843 -0.5752595 -0.4583253 0.67423 0.5790957 0.668858 0.4685898 0.577107 0.4674843 -0.6693427 0.5774415 -0.6555393 -0.483566 0.5800278 -0.3496683 -0.260756 0.8998546 -0.6747424 -0.4623843 0.5752595 -0.08706173 0.8112979 -0.5781141 0.8120602 0.08870643 -0.5767924 0.08495836 -0.812007 -0.5774311 -0.8111816 -0.08964291 -0.5778828 -0.429646 -0.04478233 -0.9018863 -0.8124636 -0.07835122 -0.5777231 -0.08706173 0.8112979 0.5781141 0.8120602 0.08870643 0.5767924 0.08495836 -0.812007 0.5774311 -0.8111816 -0.08964291 0.5778828 -0.429646 -0.04478233 0.9018863 -0.8124636 -0.07835122 0.5777231 0.6748366 0.4585645 -0.578199 0.4686889 -0.6679402 -0.5780887 -0.6667503 -0.4716901 -0.5770204 -0.4619888 0.6742858 -0.576112 -0.237406 0.3493748 -0.9064081 -0.4666882 0.6696319 -0.5777502 -0.2459796 0.2926613 -0.9240365 -0.5221924 0.6364125 -0.5677096 0.6748366 0.4585645 0.578199 0.4686889 -0.6679402 0.5780887 -0.6667503 -0.4716901 0.5770204 -0.4619888 0.6742858 0.576112 -0.237406 0.3493748 0.9064081 -0.4666882 0.6696319 0.5777502 -0.2459796 0.2926613 0.9240365 -0.5221924 0.6364125 0.5677096 -0.2860647 0.7644262 -0.5777713 0.7662004 0.2837269 -0.5765726 0.2761023 -0.7685813 -0.5771051 0.1405163 -0.408458 -0.9018965 0.2733401 -0.7676187 -0.5796954 -0.7647677 -0.2870527 -0.5768285 -0.2860647 0.7644262 0.5777713 0.7662004 0.2837269 0.5765726 0.2761023 -0.7685813 0.5771051 0.1405163 -0.408458 0.9018965 0.2733401 -0.7676187 0.5796954 -0.7647677 -0.2870527 0.5768285 -0.4431984 0.685715 -0.5773821 0.6897155 0.4381171 -0.5764946 0.4524656 -0.6767637 -0.5807459 0.2469241 -0.3577896 -0.9005638 0.4505786 -0.6811675 -0.5770526 -0.6843237 -0.4459336 -0.5769266 -0.4431984 0.685715 0.5773821 0.6897155 0.4381171 0.5764946 0.4524656 -0.6767637 0.5807459 0.2469241 -0.3577896 0.9005638 0.4505786 -0.6811675 0.5770526 -0.6843237 -0.4459336 0.5769266 -0.4572834 0.6765571 -0.5772021 0.6798632 0.4528761 -0.5767922 0.468521 -0.665817 -0.5806684 0.2540618 -0.3617023 -0.8970084 0.447267 -0.6831784 -0.5772517 -0.6791753 -0.4520456 -0.5782523 -0.4572834 0.6765571 0.5772021 0.6798632 0.4528761 0.5767922 0.468521 -0.665817 0.5806684 0.2540618 -0.3617023 0.8970084 0.447267 -0.6831784 0.5772517 -0.6791753 -0.4520456 0.5782523 -0.471891 0.6669754 -0.5765958 0.6676489 0.4694551 -0.5778035 0.4719572 -0.6663556 -0.5772579 -0.6545166 -0.4852633 -0.579765 -0.3670908 -0.2588139 -0.8934538 -0.6743057 -0.4566671 -0.5803163 -0.471891 0.6669754 0.5765958 0.6676489 0.4694551 0.5778035 0.4719572 -0.6663556 0.5772579 -0.6545166 -0.4852633 0.579765 -0.3670908 -0.2588139 0.8934538 -0.6743057 -0.4566671 0.5803163 -0.1906641 0.7942696 -0.5768735 0.7952678 0.1855666 -0.5771605 0.1832691 -0.7957439 -0.5772383 0.09395965 -0.4180703 -0.9035424 0.1784257 -0.796493 -0.5777223 -0.7940257 -0.1876107 -0.5782088 -0.1906641 0.7942696 0.5768735 0.7952678 0.1855666 0.5771605 0.1832691 -0.7957439 0.5772383 0.09395965 -0.4180703 0.9035424 0.1784257 -0.796493 0.5777223 -0.7940257 -0.1876107 0.5782088 -0.3116596 0.7544033 -0.5777058 0.7553052 0.3110121 -0.5768757 0.3195971 -0.7499753 -0.5791327 0.1672983 -0.4088309 -0.8971447 0.2918793 -0.7618528 -0.5782619 -0.757332 -0.3037529 -0.5780852 -0.3116596 0.7544033 0.5777058 0.7553052 0.3110121 0.5768757 0.3195971 -0.7499753 0.5791327 0.1672983 -0.4088309 0.8971447 0.2918793 -0.7618528 0.5782619 -0.757332 -0.3037529 0.5780852 -0.2649015 0.7728635 -0.5766361 0.7722803 0.263732 -0.577952 0.2680615 -0.7712609 -0.5773211 -0.7698748 -0.2710034 -0.5777975 -0.4002531 -0.1438017 -0.9050517 -0.7695411 -0.2740147 -0.576821 -0.2649015 0.7728635 0.5766361 0.7722803 0.263732 0.577952 0.2680615 -0.7712609 0.5773211 -0.7698748 -0.2710034 0.5777975 -0.4002531 -0.1438017 0.9050517 -0.7695411 -0.2740147 0.576821 -0.3031649 0.7585849 -0.5767495 0.755699 0.306918 -0.5785502 0.3476455 0.1762581 -0.9209103 0.7388409 0.3613651 -0.5687965 0.3026948 -0.7573603 -0.5786029 -0.755709 -0.3097421 -0.5770301 -0.3031649 0.7585849 0.5767495 0.755699 0.306918 0.5785502 0.3476455 0.1762581 0.9209103 0.7388409 0.3613651 0.5687965 0.3026948 -0.7573603 0.5786029 -0.755709 -0.3097421 0.5770301 -0.2956577 0.7610915 -0.5773441 0.760496 0.2968334 -0.5775256 0.2950997 -0.7616331 -0.5769152 -0.7582293 -0.3005063 -0.5786054 -0.3983688 -0.160485 -0.9030763 -0.7603666 -0.2981332 -0.5770262 -0.2956577 0.7610915 0.5773441 0.760496 0.2968334 0.5775256 0.2950997 -0.7616331 0.5769152 -0.7582293 -0.3005063 0.5786054 -0.3983688 -0.160485 0.9030763 -0.7603666 -0.2981332 0.5770262 -0.1129333 0.8087434 -0.5772177 -0.05888416 0.4216822 -0.9048297 -0.1052751 0.8104868 -0.5762189 0.8101618 0.09930567 -0.5777338 0.09708843 -0.8111867 -0.5766714 -0.437178 -0.5543349 -0.7082289 -0.8088222 -0.1068119 -0.5782715 -0.1129333 0.8087434 0.5772177 -0.05888416 0.4216822 0.9048297 -0.1052751 0.8104868 0.5762189 0.8101618 0.09930567 0.5777338 0.09708843 -0.8111867 0.5766714 -0.437178 -0.5543349 0.7082289 -0.8088222 -0.1068119 0.5782715 0.7273942 -0.09124701 -0.6801262 0.42042 -0.6994653 -0.5779233 -0.6981659 -0.4235469 -0.5772109 -0.4038817 0.7119457 -0.5744675 -0.2023214 0.3651626 -0.9086926 -0.4142778 0.7028272 -0.57828 0.7010332 0.4189836 -0.577066 0.6715011 -0.08415923 -0.7362089 0.7273942 -0.09124701 0.6801262 0.42042 -0.6994653 0.5779233 -0.6981659 -0.4235469 0.5772109 -0.4038817 0.7119457 0.5744675 -0.2023214 0.3651626 0.9086926 -0.4142778 0.7028272 0.57828 0.7010332 0.4189836 0.577066 0.6715011 -0.08415923 0.7362089 0.5704668 0.5842214 -0.5772807 0.5808762 -0.5743966 -0.5767593 -0.5773691 -0.5773315 -0.5773502 -0.2934096 -0.3007861 -0.9074351 -0.5654388 -0.5894401 -0.5769223 -0.5858482 0.5689452 -0.5771336 0.5704668 0.5842214 0.5772807 0.5808762 -0.5743966 0.5767593 -0.5773691 -0.5773315 0.5773502 -0.2934096 -0.3007861 0.9074351 -0.5654388 -0.5894401 0.5769223 -0.5858482 0.5689452 0.5771336 0.569595 0.5865031 -0.575826 0.2825 0.2995242 -0.9113062 0.5515122 0.6034336 -0.5759359 0.5931537 -0.5615299 -0.576934 -0.5640368 -0.5904212 -0.5772913 -0.5918508 0.5620983 -0.577718 0.569595 0.5865031 0.575826 0.2825 0.2995242 0.9113062 0.5515122 0.6034336 0.5759359 0.5931537 -0.5615299 0.576934 -0.5640368 -0.5904212 0.5772913 -0.5918508 0.5620983 0.577718 -0.1638971 0.7993635 -0.578062 0.8003448 0.1640991 -0.5766453 0.1634344 -0.7995037 -0.5779992 0.08600883 -0.4207484 -0.903091 0.1665898 -0.798542 -0.5784276 -0.8000231 -0.1668989 -0.576288 -0.1638971 0.7993635 0.578062 0.8003448 0.1640991 0.5766453 0.1634344 -0.7995037 0.5779992 0.08600883 -0.4207484 0.903091 0.1665898 -0.798542 0.5784276 -0.8000231 -0.1668989 0.576288 -0.4540921 0.6788889 -0.5769836 0.6810664 0.4505629 -0.5771842 0.3360886 0.2366476 -0.9116153 0.6726716 0.46746 -0.57358 0.4483577 -0.6813483 -0.5785671 -0.6769916 -0.4564835 -0.5773259 -0.4540921 0.6788889 0.5769836 0.6810664 0.4505629 0.5771842 0.3360886 0.2366476 0.9116153 0.6726716 0.46746 0.57358 0.4483577 -0.6813483 0.5785671 -0.6769916 -0.4564835 0.5773259 -0.2053261 0.7897033 -0.5781089 -0.109406 0.4136614 -0.9038333 -0.2111854 0.7882326 -0.5780052 0.790854 0.2066545 -0.5760589 0.2013492 -0.7908096 -0.5779955 0.1045553 -0.4189167 -0.901985 0.1989298 -0.7909118 -0.5786929 -0.7909029 -0.2045889 -0.5767287 -0.2053261 0.7897033 0.5781089 -0.109406 0.4136614 0.9038333 -0.2111854 0.7882326 0.5780052 0.790854 0.2066545 0.5760589 0.2013492 -0.7908096 0.5779955 0.1045553 -0.4189167 0.901985 0.1989298 -0.7909118 0.5786929 -0.7909029 -0.2045889 0.5767287 -0.140494 0.8045293 -0.5770564 0.8062205 0.1324702 -0.5765936 0.1239126 -0.8072884 -0.5770019 -0.8083231 -0.1175908 -0.5768762 -0.4587506 -0.03261043 -0.8879665 -0.8077209 -0.06474369 -0.5859994 -0.1103494 0.8106764 -0.5750015 -0.05897627 0.4063154 -0.9118276 -0.140494 0.8045293 0.5770564 0.8062205 0.1324702 0.5765936 0.1239126 -0.8072884 0.5770019 -0.8083231 -0.1175908 0.5768762 -0.4587506 -0.03261043 0.8879665 -0.8077209 -0.06474369 0.5859994 -0.1103494 0.8106764 0.5750015 -0.05897627 0.4063154 0.9118276 0.5773728 0.5773278 -0.5773503 0.5773278 -0.5773728 -0.5773503 0.3014996 -0.3015232 -0.904534 0.5722672 -0.583379 -0.5763499 -0.5823628 -0.5712694 -0.5783639 -0.5719547 0.5837453 -0.5762892 -0.2948746 0.3009529 -0.9069048 -0.5773276 0.5773729 -0.5773503 0.5773728 0.5773278 0.5773503 0.5773278 -0.5773728 0.5773503 0.3014996 -0.3015232 0.904534 0.5722672 -0.583379 0.5763499 -0.5823628 -0.5712694 0.5783639 -0.5719547 0.5837453 0.5762892 -0.2948746 0.3009529 0.9069048 -0.5773276 0.5773729 0.5773503 -0.1644174 0.7992069 -0.5781308 0.7998162 0.1661809 -0.5767824 0.1682047 -0.7983546 -0.5782189 -0.8014427 -0.1621725 -0.5756646 -0.1666716 0.7975574 -0.579761 -0.08859498 0.4298466 -0.8985448 -0.4065624 -0.08279848 -0.9098634 -0.7996307 -0.1701773 -0.5758736 -0.1644174 0.7992069 0.5781308 0.7998162 0.1661809 0.5767824 0.1682047 -0.7983546 0.5782189 -0.8014427 -0.1621725 0.5756646 -0.1666716 0.7975574 0.579761 -0.08859498 0.4298466 0.8985448 -0.4065624 -0.08279848 0.9098634 -0.7996307 -0.1701773 0.5758736 -0.28516 0.7651218 -0.5772975 0.7525005 0.3100035 -0.5810687 0.4127622 0.1678446 -0.8952405 0.7698716 0.2732966 -0.5767207 0.2741898 -0.7684766 -0.5781554 0.1475589 -0.3972145 -0.9057853 0.2860243 -0.7650165 -0.5770093 -0.7652358 -0.2844572 -0.5774931 -0.28516 0.7651218 0.5772975 0.7525005 0.3100035 0.5810687 0.4127622 0.1678446 0.8952405 0.7698716 0.2732966 0.5767207 0.2741898 -0.7684766 0.5781554 0.1475589 -0.3972145 0.9057853 0.2860243 -0.7650165 0.5770093 -0.7652358 -0.2844572 0.5774931 0.5773604 0.5773402 -0.5773503 0.3015165 0.3015061 -0.9045341 0.5773601 0.5773405 -0.5773503 0.5773403 -0.5773603 -0.5773502 -0.5773608 -0.5773398 -0.5773502 -0.5773396 0.5773609 -0.5773503 -0.3015058 0.3015167 -0.9045341 -0.57734 0.5773605 -0.5773503 0.5773604 0.5773402 0.5773503 0.3015165 0.3015061 0.9045341 0.5773601 0.5773405 0.5773503 0.5773403 -0.5773603 0.5773502 -0.5773608 -0.5773398 0.5773502 -0.5773396 0.5773609 0.5773503 -0.3015058 0.3015167 0.9045341 -0.57734 0.5773605 0.5773503 -0.2105528 0.7891725 -0.5769526 0.7906669 0.2047848 -0.5769827 0.3913041 0.1153418 -0.9130046 0.787494 0.2270099 -0.572992 0.1978037 -0.7916432 -0.5780785 -0.7905282 -0.2040332 -0.5774389 -0.206068 0.7899299 -0.577535 -0.1094332 0.4101672 -0.905421 -0.2105528 0.7891725 0.5769526 0.7906669 0.2047848 0.5769827 0.3913041 0.1153418 0.9130046 0.787494 0.2270099 0.572992 0.1978037 -0.7916432 0.5780785 -0.7905282 -0.2040332 0.5774389 -0.206068 0.7899299 0.577535 -0.1094332 0.4101672 0.905421 -0.4185413 0.7011798 -0.5772088 0.7010075 0.4184392 -0.5774921 0.368022 0.2186615 -0.9037405 0.7017272 0.4169337 -0.5777069 0.4200633 -0.7000701 -0.5774502 -0.7001915 -0.4201356 -0.5772504 -0.3688183 -0.2185186 -0.9034504 -0.7021625 -0.416019 -0.5778374 -0.4185413 0.7011798 0.5772088 0.7010075 0.4184392 0.5774921 0.368022 0.2186615 0.9037405 0.7017272 0.4169337 0.5777069 0.4200633 -0.7000701 0.5774502 -0.7001915 -0.4201356 0.5772504 -0.3688183 -0.2185186 0.9034504 -0.7021625 -0.416019 0.5778374 0.3463439 0.7387973 -0.5781215 0.7395441 -0.3474522 -0.5764994 0.3841075 -0.1836931 -0.9048305 0.7357279 -0.3548618 -0.5768688 -0.3545657 -0.7351124 -0.5778348 -0.7405592 0.3415985 -0.5786904 -0.3932205 0.1820077 -0.9012496 -0.7363709 0.3525858 -0.5774437 0.3463439 0.7387973 0.5781215 0.7395441 -0.3474522 0.5764994 0.3841075 -0.1836931 0.9048305 0.7357279 -0.3548618 0.5768688 -0.3545657 -0.7351124 0.5778348 -0.7405592 0.3415985 0.5786904 -0.3932205 0.1820077 0.9012496 -0.7363709 0.3525858 0.5774437 -0.2811247 0.7665685 -0.5773575 0.7692125 0.2755021 -0.5765506 0.2814465 -0.7651561 -0.5790717 0.1495868 -0.4086605 -0.9003446 0.2801993 -0.7654855 -0.5792412 -0.7621833 -0.29313 -0.5771927 -0.4029354 -0.150736 -0.9027301 -0.7667122 -0.2806247 -0.5774099 -0.2811247 0.7665685 0.5773575 0.7692125 0.2755021 0.5765506 0.2814465 -0.7651561 0.5790717 0.1495868 -0.4086605 0.9003446 0.2801993 -0.7654855 0.5792412 -0.7621833 -0.29313 0.5771927 -0.4029354 -0.150736 0.9027301 -0.7667122 -0.2806247 0.5774099 -0.1315138 0.8063703 -0.5766031 -0.06711734 0.4188972 -0.9055498 -0.1270134 0.8070903 -0.5766046 0.8093206 0.1133541 -0.5763254 0.115369 -0.8073489 -0.5786863 -0.8139874 -0.09372892 -0.5732709 -0.3952042 -0.05160887 -0.9171424 -0.8043439 -0.1437754 -0.5765062 -0.1315138 0.8063703 0.5766031 -0.06711734 0.4188972 0.9055498 -0.1270134 0.8070903 0.5766046 0.8093206 0.1133541 0.5763254 0.115369 -0.8073489 0.5786863 -0.8139874 -0.09372892 0.5732709 -0.3952042 -0.05160887 0.9171424 -0.8043439 -0.1437754 0.5765062 -0.1485441 0.8028307 -0.5774059 -0.07742616 0.4198867 -0.9042679 -0.1430974 0.8042451 -0.5768128 0.8019202 0.1486091 -0.578653 0.1381751 -0.8066302 -0.5746785 0.06980564 -0.4075083 -0.9105296 0.158113 -0.8010905 -0.5772818 -0.8024892 -0.1529386 -0.5767329 -0.1485441 0.8028307 0.5774059 -0.07742616 0.4198867 0.9042679 -0.1430974 0.8042451 0.5768128 0.8019202 0.1486091 0.578653 0.1381751 -0.8066302 0.5746785 0.06980564 -0.4075083 0.9105296 0.158113 -0.8010905 0.5772818 -0.8024892 -0.1529386 0.5767329 -0.2870829 0.7647248 -0.5768704 0.7637337 0.2875735 -0.577938 0.3912011 0.1548977 -0.9071761 0.7555396 0.3094764 -0.5773944 0.4008651 0.159618 -0.9021249 0.764729 0.2879159 -0.5764494 0.2865673 -0.7639646 -0.5781326 -0.7628023 -0.2914697 -0.5772158 -0.2870829 0.7647248 0.5768704 0.7637337 0.2875735 0.577938 0.3912011 0.1548977 0.9071761 0.7555396 0.3094764 0.5773944 0.4008651 0.159618 0.9021249 0.764729 0.2879159 0.5764494 0.2865673 -0.7639646 0.5781326 -0.7628023 -0.2914697 0.5772158 -0.1528607 0.8017507 -0.5777797 0.7953224 0.1760343 -0.580064 0.432629 0.0924985 -0.8968144 0.8016507 0.1515166 -0.5782724 0.1564756 -0.801569 -0.5770637 0.08143609 -0.4171695 -0.9051728 0.1566774 -0.8015102 -0.5770907 -0.8024215 -0.1521995 -0.5770226 -0.1528607 0.8017507 0.5777797 0.7953224 0.1760343 0.580064 0.432629 0.0924985 0.8968144 0.8016507 0.1515166 0.5782724 0.1564756 -0.801569 0.5770637 0.08143609 -0.4171695 0.9051728 0.1566774 -0.8015102 0.5770907 -0.8024215 -0.1521995 0.5770226 -0.2212806 0.7855221 -0.5779186 0.790024 0.2114954 -0.5754405 0.4160987 0.1015352 -0.9036329 0.7908334 0.1995478 -0.5785873 0.2058454 -0.7904349 -0.5769232 -0.7894352 -0.206836 -0.5779368 -0.4041888 -0.1139328 -0.9075521 -0.7857036 -0.224615 -0.5763835 -0.2212806 0.7855221 0.5779186 0.790024 0.2114954 0.5754405 0.4160987 0.1015352 0.9036329 0.7908334 0.1995478 0.5785873 0.2058454 -0.7904349 0.5769232 -0.7894352 -0.206836 0.5779368 -0.4041888 -0.1139328 0.9075521 -0.7857036 -0.224615 0.5763835 -0.2056052 0.7901228 -0.5774361 0.7924099 0.1995156 -0.5764374 0.1914942 -0.793816 -0.5772227 0.1006277 -0.4123935 -0.9054312 0.1979661 -0.7919979 -0.5775368 0.1048848 -0.4119744 -0.9051388 0.2048449 -0.790248 -0.577535 -0.7902403 -0.2056354 -0.5772646 -0.2056052 0.7901228 0.5774361 0.7924099 0.1995156 0.5764374 0.1914942 -0.793816 0.5772227 0.1006277 -0.4123935 0.9054312 0.1979661 -0.7919979 0.5775368 0.1048848 -0.4119744 0.9051388 0.2048449 -0.790248 0.577535 -0.7902403 -0.2056354 0.5772646 -0.1140296 0.8091221 -0.5764709 -0.05743251 0.4204223 -0.905509 -0.1132281 0.8086692 -0.5772639 0.8089493 0.1114883 -0.5772099 0.1121004 -0.8086039 -0.5775753 -0.8071114 -0.1197338 -0.5781306 -0.4178649 -0.06779025 -0.9059765 -0.8070406 -0.1283443 -0.5763794 -0.1140296 0.8091221 0.5764709 -0.05743251 0.4204223 0.905509 -0.1132281 0.8086692 0.5772639 0.8089493 0.1114883 0.5772099 0.1121004 -0.8086039 0.5775753 -0.8071114 -0.1197338 0.5781306 -0.4178649 -0.06779025 0.9059765 -0.8070406 -0.1283443 0.5763794 -0.3374727 0.7436887 -0.5770956 0.7381448 0.3463365 -0.5789587 0.3508776 -0.738082 -0.5762984 0.1784249 -0.3895751 -0.9035462 0.3369459 -0.7437205 -0.5773624 -0.7360858 -0.3501013 -0.5793158 -0.3576702 0.734759 -0.576369 -0.1816784 0.3899235 -0.9027473 -0.3374727 0.7436887 0.5770956 0.7381448 0.3463365 0.5789587 0.3508776 -0.738082 0.5762984 0.1784249 -0.3895751 0.9035462 0.3369459 -0.7437205 0.5773624 -0.7360858 -0.3501013 0.5793158 -0.3576702 0.734759 0.576369 -0.1816784 0.3899235 0.9027473 -0.4835494 0.6570167 -0.5783675 0.6511328 0.4922383 -0.5776916 0.4880656 -0.6555385 -0.5762476 0.2514725 -0.3381894 -0.906857 0.4910737 -0.6527155 -0.576896 -0.6539577 -0.4887413 -0.5774697 -0.3242302 -0.2563594 -0.9105793 -0.6470382 -0.5021527 -0.5737457 -0.4835494 0.6570167 0.5783675 0.6511328 0.4922383 0.5776916 0.4880656 -0.6555385 0.5762476 0.2514725 -0.3381894 0.906857 0.4910737 -0.6527155 0.576896 -0.6539577 -0.4887413 0.5774697 -0.3242302 -0.2563594 0.9105793 -0.6470382 -0.5021527 0.5737457 -0.1141893 0.8075022 -0.5787064 0.8067903 0.1251913 -0.5774223 0.4158814 0.06896754 -0.9068 0.8076934 0.1278418 -0.5755761 0.120623 -0.8068949 -0.5782479 -0.8062151 -0.1285697 -0.5774834 -0.1185365 0.808879 -0.5759027 -0.05525564 0.4237859 -0.9040754 -0.1141893 0.8075022 0.5787064 0.8067903 0.1251913 0.5774223 0.4158814 0.06896754 0.9068 0.8076934 0.1278418 0.5755761 0.120623 -0.8068949 0.5782479 -0.8062151 -0.1285697 0.5774834 -0.1185365 0.808879 0.5759027 -0.05525564 0.4237859 0.9040754 -0.4618648 0.6731268 -0.5775649 0.6727882 0.4627457 -0.5772542 0.4628427 -0.6725316 -0.5774755 0.2430019 -0.3417845 -0.907818 0.4689676 -0.6703169 -0.575104 0.2358219 -0.3620402 -0.9018397 0.4430484 -0.6851121 -0.5782123 -0.6775817 -0.4544247 -0.5782571 -0.4618648 0.6731268 0.5775649 0.6727882 0.4627457 0.5772542 0.4628427 -0.6725316 0.5774755 0.2430019 -0.3417845 0.907818 0.4689676 -0.6703169 0.575104 0.2358219 -0.3620402 0.9018397 0.4430484 -0.6851121 0.5782123 -0.6775817 -0.4544247 0.5782571 -0.1279542 0.8063208 -0.5774726 0.809761 0.1145187 -0.5754759 0.4141513 0.05790053 -0.9083646 0.8073436 0.1236102 -0.5769895 0.1247952 -0.8065234 -0.5778807 0.06409685 -0.426201 -0.9023549 0.117968 -0.8075483 -0.5778834 -0.8067134 -0.1245325 -0.5776721 -0.1279542 0.8063208 0.5774726 0.809761 0.1145187 0.5754759 0.4141513 0.05790053 0.9083646 0.8073436 0.1236102 0.5769895 0.1247952 -0.8065234 0.5778807 0.06409685 -0.426201 0.9023549 0.117968 -0.8075483 0.5778834 -0.8067134 -0.1245325 0.5776721 -0.4641032 0.6722273 -0.5768177 0.6739528 0.4608485 -0.5774135 0.3556024 0.2404625 -0.9031748 0.6734895 0.4601918 -0.5784768 0.4699487 -0.667378 -0.5777151 -0.6738068 -0.4630717 -0.5758029 -0.3514932 -0.2366654 -0.9057825 -0.6718539 -0.4632317 -0.5779522 -0.4641032 0.6722273 0.5768177 0.6739528 0.4608485 0.5774135 0.3556024 0.2404625 0.9031748 0.6734895 0.4601918 0.5784768 0.4699487 -0.667378 0.5777151 -0.6738068 -0.4630717 0.5758029 -0.3514932 -0.2366654 0.9057825 -0.6718539 -0.4632317 0.5779522 -0.3074601 0.755931 -0.5779589 0.7546236 0.3118256 -0.5773283 0.3978461 0.1615109 -0.9031238 0.7572798 0.304697 -0.5776565 0.3070501 -0.7565546 -0.5773607 0.1561744 -0.4069479 -0.9000016 0.290683 -0.7615976 -0.5791999 -0.7579199 -0.3038298 -0.5772737 -0.3074601 0.755931 0.5779589 0.7546236 0.3118256 0.5773283 0.3978461 0.1615109 0.9031238 0.7572798 0.304697 0.5776565 0.3070501 -0.7565546 0.5773607 0.1561744 -0.4069479 0.9000016 0.290683 -0.7615976 0.5791999 -0.7579199 -0.3038298 0.5772737 -0.1600686 0.800511 -0.5775467 -0.08005642 0.4254888 -0.9014157 -0.1566933 0.7997205 -0.5795639 0.7970903 0.1759246 -0.5776657 0.4221444 0.08985343 -0.9020646 0.7960084 0.1755946 -0.5792556 0.1844635 -0.7959387 -0.5765889 -0.799801 -0.168779 -0.5760486 -0.1600686 0.800511 0.5775467 -0.08005642 0.4254888 0.9014157 -0.1566933 0.7997205 0.5795639 0.7970903 0.1759246 0.5776657 0.4221444 0.08985343 0.9020646 0.7960084 0.1755946 0.5792556 0.1844635 -0.7959387 0.5765889 -0.799801 -0.168779 0.5760486 -0.1851452 0.7952363 -0.5773391 0.7950273 0.185726 -0.5774404 0.4122043 0.09886108 -0.9057119 0.7956486 0.1866059 -0.5762998 0.1899453 -0.7929496 -0.5789229 0.1032769 -0.4174884 -0.9027942 0.1820966 -0.7967187 -0.5762639 -0.7960048 -0.1793162 -0.5781195 -0.1851452 0.7952363 0.5773391 0.7950273 0.185726 0.5774404 0.4122043 0.09886108 0.9057119 0.7956486 0.1866059 0.5762998 0.1899453 -0.7929496 0.5789229 0.1032769 -0.4174884 0.9027942 0.1820966 -0.7967187 0.5762639 -0.7960048 -0.1793162 0.5781195 -0.303916 0.7569969 -0.5784382 0.7677066 0.2855478 -0.5736628 0.3965281 0.1374307 -0.9076774 0.7664749 0.2805738 -0.5777496 0.2852933 -0.7648472 -0.5775955 -0.7651719 -0.2854136 -0.5771057 -0.298831 0.7581582 -0.5795655 -0.1619805 0.4010413 -0.9016253 -0.303916 0.7569969 0.5784382 0.7677066 0.2855478 0.5736628 0.3965281 0.1374307 0.9076774 0.7664749 0.2805738 0.5777496 0.2852933 -0.7648472 0.5775955 -0.7651719 -0.2854136 0.5771057 -0.298831 0.7581582 0.5795655 -0.1619805 0.4010413 0.9016253 0.5665883 0.5887796 -0.5764688 0.5807297 -0.5745193 -0.5767847 -0.5773634 -0.5773371 -0.5773502 -0.3015184 -0.3015044 -0.904534 -0.5773638 -0.5773368 -0.5773503 -0.5773368 0.5773638 -0.5773503 -0.3006902 0.2924342 -0.9077817 -0.5931524 0.5611155 -0.5773384 0.5665883 0.5887796 0.5764688 0.5807297 -0.5745193 0.5767847 -0.5773634 -0.5773371 0.5773502 -0.3015184 -0.3015044 0.904534 -0.5773638 -0.5773368 0.5773503 -0.5773368 0.5773638 0.5773503 -0.3006902 0.2924342 0.9077817 -0.5931524 0.5611155 0.5773384 -0.4571482 0.6758471 -0.5781403 0.6767674 0.4577715 -0.5765684 0.3412472 0.2376601 -0.9094328 0.6739412 0.4643082 -0.5746487 0.3390624 0.2345811 -0.911048 0.6637474 0.4768229 -0.5762632 0.4619717 -0.6742981 -0.5761113 -0.6794082 -0.4529513 -0.5772691 -0.4571482 0.6758471 0.5781403 0.6767674 0.4577715 0.5765684 0.3412472 0.2376601 0.9094328 0.6739412 0.4643082 0.5746487 0.3390624 0.2345811 0.911048 0.6637474 0.4768229 0.5762632 0.4619717 -0.6742981 0.5761113 -0.6794082 -0.4529513 0.5772691 0.8114171 0.08799084 -0.5778061 -0.277 -0.7918527 -0.5442795 -0.06012666 -0.1717548 -0.9833031 0.08627782 -0.8123769 -0.5767147 0.04532298 -0.4201139 -0.9063388 0.08841858 -0.8121978 -0.5766428 -0.8124561 -0.08196772 -0.5772316 -0.08195106 0.812289 -0.5774691 -0.1040189 0.2189245 -0.9701815 -0.3551835 0.7563031 -0.549409 0.8091941 0.09457182 -0.5798803 0.4321437 0.05292078 -0.9002506 0.8114171 0.08799084 0.5778061 -0.277 -0.7918527 0.5442795 -0.06012666 -0.1717548 0.9833031 0.08627782 -0.8123769 0.5767147 0.04532298 -0.4201139 0.9063388 0.08841858 -0.8121978 0.5766428 -0.8124561 -0.08196772 0.5772316 -0.08195106 0.812289 0.5774691 -0.1040189 0.2189245 0.9701815 -0.3551835 0.7563031 0.549409 0.8091941 0.09457182 0.5798803 0.4321437 0.05292078 0.9002506 0.5773571 0.5773434 -0.5773503 0.5713562 -0.5844491 -0.5761695 -0.583246 -0.5701793 -0.5785496 -0.5221578 0.6364409 -0.5677097 -0.2390165 0.2993053 -0.9237356 -0.3007496 -0.2929004 -0.9076117 -0.5773579 -0.5773427 -0.5773502 -0.5773428 0.5773577 -0.5773503 0.5773571 0.5773434 0.5773503 0.5713562 -0.5844491 0.5761695 -0.583246 -0.5701793 0.5785496 -0.5221578 0.6364409 0.5677097 -0.2390165 0.2993053 0.9237356 -0.3007496 -0.2929004 0.9076117 -0.5773579 -0.5773427 0.5773502 -0.5773428 0.5773577 0.5773503 -0.6936996 -0.4302725 -0.5776214 -0.369225 -0.224468 -0.9018243 -0.7075862 -0.408986 -0.5762398 -0.4052204 0.7083127 -0.5780048 -0.212789 0.3751524 -0.9022093 -0.399863 0.7113663 -0.5779858 0.7062082 0.4088108 -0.5780517 0.4207771 -0.6987946 -0.5784745 -0.6936996 -0.4302725 0.5776214 -0.369225 -0.224468 0.9018243 -0.7075862 -0.408986 0.5762398 -0.4052204 0.7083127 0.5780048 -0.212789 0.3751524 0.9022093 -0.399863 0.7113663 0.5779858 0.7062082 0.4088108 0.5780517 0.4207771 -0.6987946 0.5784745 -0.1717687 0.798053 -0.5775871 0.7972412 0.1754544 -0.5776004 0.4219 0.08953588 -0.9022105 -0.0884148 0.4105676 -0.9075335 -0.187458 0.7941619 -0.5780712 0.7971616 0.1815581 -0.5758211 0.1714507 -0.7981131 -0.5775986 -0.7983943 -0.1717221 -0.5771292 -0.1717687 0.798053 0.5775871 0.7972412 0.1754544 0.5776004 0.4219 0.08953588 0.9022105 -0.0884148 0.4105676 0.9075335 -0.187458 0.7941619 0.5780712 0.7971616 0.1815581 0.5758211 0.1714507 -0.7981131 0.5775986 -0.7983943 -0.1717221 0.5771292 -0.2987345 0.759454 -0.5779164 0.7608797 0.2976597 -0.5765941 0.2951981 -0.7609128 -0.5778147 0.1570595 -0.3936772 -0.9057321 0.3015717 -0.7592931 -0.5766529 -0.7597669 -0.2984451 -0.5776546 -0.4047104 -0.1540713 -0.901372 -0.7635266 -0.287275 -0.5783599 -0.2987345 0.759454 0.5779164 0.7608797 0.2976597 0.5765941 0.2951981 -0.7609128 0.5778147 0.1570595 -0.3936772 0.9057321 0.3015717 -0.7592931 0.5766529 -0.7597669 -0.2984451 0.5776546 -0.4047104 -0.1540713 0.901372 -0.7635266 -0.287275 0.5783599 -0.4354323 0.6900207 -0.5781611 0.6903757 0.4368374 -0.5766754 0.3591792 0.2260584 -0.9054766 0.6884092 0.4388066 -0.5775305 0.439083 -0.6885161 -0.577193 -0.6837764 -0.4447804 -0.5784637 -0.360168 -0.2355709 -0.9026546 -0.6908685 -0.4362689 -0.5765156 -0.4354323 0.6900207 0.5781611 0.6903757 0.4368374 0.5766754 0.3591792 0.2260584 0.9054766 0.6884092 0.4388066 0.5775305 0.439083 -0.6885161 0.577193 -0.6837764 -0.4447804 0.5784637 -0.360168 -0.2355709 0.9026546 -0.6908685 -0.4362689 0.5765156 -0.5018592 0.6432488 -0.5782459 0.6340437 0.5133105 -0.5783606 0.3337066 0.271326 -0.9027858 0.63185 0.5160021 -0.5783662 0.5104657 -0.6391722 -0.5752249 0.2593307 -0.3362256 -0.9053728 0.501279 -0.6444577 -0.5774025 -0.6375275 -0.5086918 -0.5786116 -0.3405805 -0.2694855 -0.9007677 -0.6481252 -0.4965475 -0.5773857 -0.5018592 0.6432488 0.5782459 0.6340437 0.5133105 0.5783606 0.3337066 0.271326 0.9027858 0.63185 0.5160021 0.5783662 0.5104657 -0.6391722 0.5752249 0.2593307 -0.3362256 0.9053728 0.501279 -0.6444577 0.5774025 -0.6375275 -0.5086918 0.5786116 -0.3405805 -0.2694855 0.9007677 -0.6481252 -0.4965475 0.5773857 -0.1452613 0.8033368 -0.5775372 0.8044935 0.1420295 -0.5767302 0.419273 0.07228269 -0.9049781 0.801858 0.1492889 -0.5785643 0.1499526 -0.8034339 -0.5762015 0.07041737 -0.4252778 -0.9023194 0.4146147 0.06973284 -0.9073213 0.8038256 0.1438968 -0.5771985 0.1372184 -0.8054044 -0.5766237 -0.8042363 -0.1376073 -0.5781594 -0.1452613 0.8033368 0.5775372 0.8044935 0.1420295 0.5767302 0.419273 0.07228269 0.9049781 0.801858 0.1492889 0.5785643 0.1499526 -0.8034339 0.5762015 0.07041737 -0.4252778 0.9023194 0.4146147 0.06973284 0.9073213 0.8038256 0.1438968 0.5771985 0.1372184 -0.8054044 0.5766237 -0.8042363 -0.1376073 0.5781594 -0.4313608 0.6941056 -0.5763204 0.6917136 0.4320955 -0.5786413 0.4384781 -0.6891084 -0.5769459 0.2270574 -0.3636668 -0.9034331 0.4272979 -0.6960089 -0.5770513 -0.7053168 -0.4138232 -0.575568 -0.3367363 -0.2145055 -0.9168403 -0.6798031 -0.456162 -0.5742681 -0.4228779 0.6999658 -0.5755191 -0.2161694 0.3558701 -0.9091904 -0.4313608 0.6941056 0.5763204 0.6917136 0.4320955 0.5786413 0.4384781 -0.6891084 0.5769459 0.2270574 -0.3636668 0.9034331 0.4272979 -0.6960089 0.5770513 -0.7053168 -0.4138232 0.575568 -0.3367363 -0.2145055 0.9168403 -0.6798031 -0.456162 0.5742681 -0.4228779 0.6999658 0.5755191 -0.2161694 0.3558701 0.9091904 -0.3949916 0.7139967 -0.578092 0.6937209 0.4251267 -0.5813936 0.3786998 0.2325182 -0.8958358 0.707051 0.4070889 -0.5782365 0.4057554 -0.7094982 -0.5761726 0.204183 -0.3871377 -0.8991294 0.3767592 -0.7228426 -0.5792677 -0.7154025 -0.392943 -0.57775 -0.3648697 -0.2082594 -0.907468 -0.7117374 -0.4025814 -0.5756371 -0.3949916 0.7139967 0.578092 0.6937209 0.4251267 0.5813936 0.3786998 0.2325182 0.8958358 0.707051 0.4070889 0.5782365 0.4057554 -0.7094982 0.5761726 0.204183 -0.3871377 0.8991294 0.3767592 -0.7228426 0.5792677 -0.7154025 -0.392943 0.57775 -0.3648697 -0.2082594 0.907468 -0.7117374 -0.4025814 0.5756371 -0.4481167 0.6810931 -0.579054 0.6761049 0.4580908 -0.5770919 0.4549817 -0.6781696 -0.5771288 0.2372107 -0.351168 -0.905766 0.461057 -0.6737984 -0.5774272 -0.6738882 -0.4611183 -0.5772734 -0.3599464 -0.2395796 -0.9016874 -0.6801427 -0.4504194 -0.5783842 -0.4541939 0.678965 -0.576814 -0.2344599 0.3616454 -0.9023531 -0.4481167 0.6810931 0.579054 0.6761049 0.4580908 0.5770919 0.4549817 -0.6781696 0.5771288 0.2372107 -0.351168 0.905766 0.461057 -0.6737984 0.5774272 -0.6738882 -0.4611183 0.5772734 -0.3599464 -0.2395796 0.9016874 -0.6801427 -0.4504194 0.5783842 -0.4541939 0.678965 0.576814 -0.2344599 0.3616454 0.9023531 0.7022651 0.3520157 -0.6187961 0.5085728 0.2539697 -0.8227108 0.8079646 0.1165058 -0.5775982 0.5878197 -0.194729 -0.7852061 0.7263266 -0.2477895 -0.6411319 0.1163417 -0.8069956 -0.5789842 0.06410145 -0.4262004 -0.9023548 0.1188568 -0.8073342 -0.5780005 -0.7012255 -0.3552151 -0.6181464 -0.5076775 -0.2544763 -0.8231072 -0.8068659 -0.1219824 -0.5780032 -0.5905099 0.1921332 -0.7838258 -0.7277058 0.2373717 -0.6435052 -0.1297841 0.8057402 -0.5778743 -0.07213765 0.4168817 -0.9060937 -0.4307431 -0.06871677 -0.8998547 -0.8091305 -0.1107314 -0.5771016 -0.1128743 0.8082715 -0.5778898 0.7022651 0.3520157 0.6187961 0.5085728 0.2539697 0.8227108 0.8079646 0.1165058 0.5775982 0.5878197 -0.194729 0.7852061 0.7263266 -0.2477895 0.6411319 0.1163417 -0.8069956 0.5789842 0.06410145 -0.4262004 0.9023548 0.1188568 -0.8073342 0.5780005 -0.7012255 -0.3552151 0.6181464 -0.5076775 -0.2544763 0.8231072 -0.8068659 -0.1219824 0.5780032 -0.5905099 0.1921332 0.7838258 -0.7277058 0.2373717 0.6435052 -0.1297841 0.8057402 0.5778743 -0.07213765 0.4168817 0.9060937 -0.4307431 -0.06871677 0.8998547 -0.8091305 -0.1107314 0.5771016 -0.1128743 0.8082715 0.5778898 -0.1580453 0.8007224 -0.5778107 0.8007789 0.1601416 -0.5771549 0.1600879 -0.8005075 -0.5775462 0.08006591 -0.4254854 -0.9014165 0.4125542 0.07763258 -0.907619 0.8036464 0.1501929 -0.5758425 0.1497966 -0.8015292 -0.5788886 -0.8007793 -0.1601402 -0.5771547 -0.4414368 -0.06855086 -0.89467 -0.8041801 -0.1228206 -0.5815579 -0.1580453 0.8007224 0.5778107 0.8007789 0.1601416 0.5771549 0.1600879 -0.8005075 0.5775462 0.08006591 -0.4254854 0.9014165 0.4125542 0.07763258 0.907619 0.8036464 0.1501929 0.5758425 0.1497966 -0.8015292 0.5788886 -0.8007793 -0.1601402 0.5771547 -0.4414368 -0.06855086 0.89467 -0.8041801 -0.1228206 0.5815579 -0.1729061 0.798247 -0.5769794 0.8003023 0.1644459 -0.5766053 0.4206484 0.08149756 -0.9035558 0.8026492 0.1504892 -0.5771545 0.1551758 -0.8010146 -0.5781834 0.08380005 -0.419021 -0.9041012 0.160093 -0.8005076 -0.5775446 -0.8053462 -0.1440202 -0.5750441 -0.1378052 0.8036268 -0.5789592 -0.07780733 0.4201853 -0.9040964 -0.411758 -0.08119305 -0.907669 -0.7978142 -0.1721306 -0.5778093 -0.1729061 0.798247 0.5769794 0.8003023 0.1644459 0.5766053 0.4206484 0.08149756 0.9035558 0.8026492 0.1504892 0.5771545 0.1551758 -0.8010146 0.5781834 0.08380005 -0.419021 0.9041012 0.160093 -0.8005076 0.5775446 -0.8053462 -0.1440202 0.5750441 -0.1378052 0.8036268 0.5789592 -0.07780733 0.4201853 0.9040964 -0.411758 -0.08119305 0.907669 -0.7978142 -0.1721306 0.5778093 -0.1927101 0.7923759 -0.5787947 -0.1155411 0.3926983 -0.9123806 -0.2277612 0.786966 -0.573419 0.7914374 0.1995988 -0.5777431 0.1940208 -0.7939511 -0.5761923 0.1028212 -0.4028086 -0.9094905 0.2221187 -0.7853655 -0.5778099 0.1156861 -0.4143945 -0.9027147 0.2041497 -0.7914801 -0.5760922 -0.7926469 -0.1954651 -0.5774983 -0.4265929 -0.09593307 -0.8993416 -0.7949782 -0.1787765 -0.579697 -0.4160954 -0.1015368 -0.9036343 -0.7953308 -0.186422 -0.5767979 -0.1927101 0.7923759 0.5787947 -0.1155411 0.3926983 0.9123806 -0.2277612 0.786966 0.573419 0.7914374 0.1995988 0.5777431 0.1940208 -0.7939511 0.5761923 0.1028212 -0.4028086 0.9094905 0.2221187 -0.7853655 0.5778099 0.1156861 -0.4143945 0.9027147 0.2041497 -0.7914801 0.5760922 -0.7926469 -0.1954651 0.5774983 -0.4265929 -0.09593307 0.8993416 -0.7949782 -0.1787765 0.579697 -0.4160954 -0.1015368 0.9036343 -0.7953308 -0.186422 0.5767979 -0.1467288 0.8028832 -0.5777969 0.819484 0.07518497 -0.5681489 0.3767173 0.03479326 -0.9256746 0.802762 0.1498195 -0.5771718 0.1489239 -0.8027532 -0.5774158 0.07757391 -0.4199986 -0.9042032 0.1513583 -0.8019409 -0.5779113 0.07903218 -0.422518 -0.9029022 0.1424344 -0.804178 -0.5770703 -0.8018563 -0.1492987 -0.5785641 -0.4132955 -0.08560155 -0.9065645 -0.8001562 -0.1657281 -0.576441 -0.437683 -0.07104639 -0.896318 -0.8056421 -0.1213838 -0.5798334 -0.1467242 0.8025936 -0.5782003 -0.0782613 0.4219043 -0.9032563 -0.4170477 -0.07700916 -0.9056162 -0.8034193 -0.1477539 -0.5767896 -0.1467288 0.8028832 0.5777969 0.819484 0.07518497 0.5681489 0.3767173 0.03479326 0.9256746 0.802762 0.1498195 0.5771718 0.1489239 -0.8027532 0.5774158 0.07757391 -0.4199986 0.9042032 0.1513583 -0.8019409 0.5779113 0.07903218 -0.422518 0.9029022 0.1424344 -0.804178 0.5770703 -0.8018563 -0.1492987 0.5785641 -0.4132955 -0.08560155 0.9065645 -0.8001562 -0.1657281 0.576441 -0.437683 -0.07104639 0.896318 -0.8056421 -0.1213838 0.5798334 -0.1467242 0.8025936 0.5782003 -0.0782613 0.4219043 0.9032563 -0.4170477 -0.07700916 0.9056162 -0.8034193 -0.1477539 0.5767896 -0.2953565 0.7613166 -0.5772015 0.76532 0.2866826 -0.5762798 0.6352121 -0.1411267 -0.7593345 0.4448524 0.2827869 -0.849787 -0.1418154 0.409198 -0.9013575 -0.2698003 0.769258 -0.5791804 0.756826 0.3014136 -0.5799692 0.6573026 -0.2417522 -0.7137991 0.6686511 -0.261619 -0.6960325 0.2821461 -0.7669815 -0.5763098 0.1442531 -0.3989043 -0.9055752 0.3976236 0.1477923 -0.9055677 0.7710844 0.2729391 -0.5752678 0.2937494 -0.7576948 -0.5827606 0.1677127 -0.4076619 -0.8975992 0.2860113 -0.7650216 -0.5770091 -0.7670062 -0.2807322 -0.576967 -0.6350093 0.1413979 -0.7594536 -0.4523968 -0.2800971 -0.8466893 0.1376708 -0.3987989 -0.9066456 0.2755096 -0.7683861 -0.5776481 -0.6841951 -0.4133355 -0.6008584 -0.4504117 -0.2648545 -0.852632 0.1410774 -0.3895949 -0.910117 0.4052114 -0.6934812 -0.5957243 -0.1934151 -0.7148952 -0.6719489 -0.7649189 -0.2854069 -0.5774444 -0.2857963 0.7648787 -0.577305 -0.1506625 0.3950775 -0.9062089 -0.2953565 0.7613166 0.5772015 0.76532 0.2866826 0.5762798 0.6352121 -0.1411267 0.7593345 0.4448524 0.2827869 0.849787 -0.1418154 0.409198 0.9013575 -0.2698003 0.769258 0.5791804 0.756826 0.3014136 0.5799692 0.6573026 -0.2417522 0.7137991 0.6686511 -0.261619 0.6960325 0.2821461 -0.7669815 0.5763098 0.1442531 -0.3989043 0.9055752 0.3976236 0.1477923 0.9055677 0.7710844 0.2729391 0.5752678 0.2937494 -0.7576948 0.5827606 0.1677127 -0.4076619 0.8975992 0.2860113 -0.7650216 0.5770091 -0.7670062 -0.2807322 0.576967 -0.6350093 0.1413979 0.7594536 -0.4523968 -0.2800971 0.8466893 0.1376708 -0.3987989 0.9066456 0.2755096 -0.7683861 0.5776481 -0.6841951 -0.4133355 0.6008584 -0.4504117 -0.2648545 0.852632 0.1410774 -0.3895949 0.910117 0.4052114 -0.6934812 0.5957243 -0.1934151 -0.7148952 0.6719489 -0.7649189 -0.2854069 0.5774444 -0.2857963 0.7648787 0.577305 -0.1506625 0.3950775 0.9062089 -0.4035151 0.7099307 -0.5772122 0.7097606 0.4034189 -0.5774886 0.4035155 -0.7099305 -0.5772121 -0.7097608 -0.4034186 -0.5774886 -0.4035151 0.7099307 0.5772122 0.7097606 0.4034189 0.5774886 0.4035155 -0.7099305 0.5772121 -0.7097608 -0.4034186 0.5774886 -0.3877243 0.717759 -0.5783528 0.7170254 0.3913586 -0.5768128 0.3853015 -0.7201374 -0.5770138 -0.7154067 -0.3915402 -0.5786964 -0.3624252 -0.2111034 -0.9077904 -0.7129087 -0.4021579 -0.5744825 -0.3877243 0.717759 0.5783528 0.7170254 0.3913586 0.5768128 0.3853015 -0.7201374 0.5770138 -0.7154067 -0.3915402 0.5786964 -0.3624252 -0.2111034 0.9077904 -0.7129087 -0.4021579 0.5744825 -0.4344363 0.689835 -0.5791311 0.698613 0.4268477 -0.5742308 0.3593356 0.21315 -0.90854 0.7000185 0.4217667 -0.5762698 0.4172702 -0.7014081 -0.5778514 -0.6987835 -0.422058 -0.577554 -0.4344363 0.689835 0.5791311 0.698613 0.4268477 0.5742308 0.3593356 0.21315 0.90854 0.7000185 0.4217667 0.5762698 0.4172702 -0.7014081 0.5778514 -0.6987835 -0.422058 0.577554 -0.5016107 0.6452152 -0.5762673 0.6487652 0.4955289 -0.577542 0.3416558 0.2592459 -0.903362 0.6463208 0.4974736 -0.5786099 0.5026138 -0.6439451 -0.5768138 -0.6471949 -0.4980159 -0.5771646 -0.490517 0.6536867 -0.5762697 -0.2530973 0.3313491 -0.9089277 -0.5016107 0.6452152 0.5762673 0.6487652 0.4955289 0.577542 0.3416558 0.2592459 0.903362 0.6463208 0.4974736 0.5786099 0.5026138 -0.6439451 0.5768138 -0.6471949 -0.4980159 0.5771646 -0.490517 0.6536867 0.5762697 -0.2530973 0.3313491 0.9089277 -0.4273129 0.6971316 -0.5756832 0.7015202 0.4173633 -0.5776481 0.4246443 -0.6966941 -0.5781822 -0.7028601 -0.4181787 -0.5754253 -0.3679584 -0.2116605 -0.9054316 -0.7029297 -0.4143934 -0.5780726 -0.4175773 0.701882 -0.5770536 -0.2186521 0.3567163 -0.9082647 -0.4273129 0.6971316 0.5756832 0.7015202 0.4173633 0.5776481 0.4246443 -0.6966941 0.5781822 -0.7028601 -0.4181787 0.5754253 -0.3679584 -0.2116605 0.9054316 -0.7029297 -0.4143934 0.5780726 -0.4175773 0.701882 0.5770536 -0.2186521 0.3567163 0.9082647</float_array>
          <technique_common>
            <accessor count="3512" source="#normals-array-array" stride="3">
              <param type="float" name="X" />
              <param type="float" name="Y" />
              <param type="float" name="Z" />
            </accessor>
          </technique_common>
        </source>
        <vertices id="verts-array-vertices">
          <input semantic="POSITION" source="#verts-array" />
        </vertices>
        <triangles count="5804" material="material0">
          <input offset="0" semantic="VERTEX" source="#verts-array-vertices" />
          <input offset="1" semantic="NORMAL" source="#normals-array" />
          <p>1 1 2 2 3 3 5 5 3 3 4 4 6 6 0 0 1 1 6 6 3 3 5 5 1 1 3 3 6 6 10 10 9 9 8 8 11 11 10 10 12 12 8 8 7 7 13 13 12 12 10 10 13 13 13 13 10 10 8 8 7 7 8 8 0 0 0 0 8 8 1 1 8 8 9 9 1 1 1 1 9 9 2 2 9 9 10 10 2 2 2 2 10 10 3 3 10 10 11 11 3 3 3 3 11 11 4 4 11 11 12 12 4 4 4 4 12 12 5 5 13 13 7 7 6 6 6 6 7 7 0 0 12 12 13 13 5 5 5 5 13 13 6 6 17 17 18 18 19 19 15 15 20 20 21 21 19 19 20 20 17 17 17 17 20 20 15 15 17 17 15 15 16 16 15 15 23 23 14 14 23 23 21 21 22 22 15 15 21 21 23 23 29 29 28 28 27 27 31 31 30 30 25 25 27 27 30 30 29 29 25 25 30 30 27 27 26 26 25 25 27 27 24 24 33 33 25 25 32 32 31 31 33 33 33 33 31 31 25 25 24 24 25 25 14 14 14 14 25 25 15 15 25 25 26 26 15 15 15 15 26 26 16 16 26 26 27 27 16 16 16 16 27 27 17 17 27 27 28 28 17 17 17 17 28 28 18 18 28 28 29 29 18 18 18 18 29 29 19 19 29 29 30 30 19 19 19 19 30 30 20 20 30 30 31 31 20 20 20 20 31 31 21 21 31 31 32 32 21 21 21 21 32 32 22 22 33 33 24 24 23 23 23 23 24 24 14 14 32 32 33 33 22 22 22 22 33 33 23 23 36 36 37 37 34 34 34 34 35 35 36 36 38 38 41 41 40 40 40 40 39 39 38 38 38 38 39 39 34 34 34 34 39 39 35 35 39 39 40 40 35 35 35 35 40 40 36 36 41 41 38 38 37 37 37 37 38 38 34 34 40 40 41 41 36 36 36 36 41 41 37 37 46 46 47 47 48 48 43 43 48 48 42 42 44 44 46 46 43 43 48 48 43 43 46 46 46 46 44 44 45 45 55 55 54 54 53 53 49 49 55 55 50 50 50 50 53 53 51 51 53 53 50 50 55 55 52 52 51 51 53 53 49 49 50 50 42 42 42 42 50 50 43 43 50 50 51 51 43 43 43 43 51 51 44 44 51 51 52 52 44 44 44 44 52 52 45 45 52 52 53 53 45 45 45 45 53 53 46 46 53 53 54 54 46 46 46 46 54 54 47 47 55 55 49 49 48 48 48 48 49 49 42 42 54 54 55 55 47 47 47 47 55 55 48 48 57 57 59 59 56 56 59 59 57 57 58 58 60 60 63 63 61 61 62 62 61 61 63 63 60 60 61 61 56 56 56 56 61 61 57 57 61 61 62 62 57 57 57 57 62 62 58 58 63 63 60 60 59 59 59 59 60 60 56 56 62 62 63 63 58 58 58 58 63 63 59 59 68 68 70 70 67 67 65 65 67 67 70 70 70 70 68 68 69 69 67 67 65 65 66 66 65 65 71 71 64 64 70 70 71 71 65 65 75 75 78 78 76 76 78 78 75 75 73 73 77 77 76 76 78 78 74 74 73 73 75 75 72 72 79 79 73 73 73 73 79 79 78 78 72 72 73 73 64 64 64 64 73 73 65 65 73 73 74 74 65 65 65 65 74 74 66 66 74 74 75 75 66 66 66 66 75 75 67 67 75 75 76 76 67 67 67 67 76 76 68 68 76 76 77 77 68 68 68 68 77 77 69 69 77 77 78 78 69 69 69 69 78 78 70 70 79 79 72 72 71 71 71 71 72 72 64 64 78 78 79 79 70 70 70 70 79 79 71 71 82 82 83 83 80 80 80 80 81 81 82 82 84 84 87 87 86 86 86 86 85 85 84 84 84 84 85 85 80 80 80 80 85 85 81 81 85 85 86 86 81 81 81 81 86 86 82 82 87 87 84 84 83 83 83 83 84 84 80 80 86 86 87 87 82 82 82 82 87 87 83 83 94 94 90 90 91 91 93 93 91 91 92 92 94 94 88 88 89 89 91 91 93 93 94 94 90 90 94 94 89 89 98 98 97 97 101 101 99 99 98 98 100 100 96 96 95 95 101 101 101 101 100 100 98 98 96 96 101 101 97 97 95 95 96 96 88 88 88 88 96 96 89 89 96 96 97 97 89 89 89 89 97 97 90 90 97 97 98 98 90 90 90 90 98 98 91 91 98 98 99 99 91 91 91 91 99 99 92 92 99 99 100 100 92 92 92 92 100 100 93 93 101 101 95 95 94 94 94 94 95 95 88 88 100 100 101 101 93 93 93 93 101 101 94 94 107 107 109 109 114 114 111 111 109 109 110 110 109 109 111 111 112 112 112 112 113 113 114 114 114 114 109 109 112 112 107 107 108 108 109 109 105 105 106 106 107 107 103 103 105 105 107 107 102 102 103 103 115 115 107 107 115 115 103 103 104 104 105 105 103 103 114 114 115 115 107 107 128 128 123 123 121 121 124 124 123 123 125 125 126 126 125 125 123 123 128 128 127 127 126 126 126 126 123 123 128 128 123 123 122 122 121 121 121 121 120 120 119 119 121 121 119 119 117 117 129 129 117 117 116 116 117 117 129 129 121 121 117 117 119 119 118 118 121 121 129 129 128 128 116 116 117 117 102 102 102 102 117 117 103 103 117 117 118 118 103 103 103 103 118 118 104 104 118 118 119 119 104 104 104 104 119 119 105 105 119 119 120 120 105 105 105 105 120 120 106 106 120 120 121 121 106 106 106 106 121 121 107 107 121 121 122 122 107 107 107 107 122 122 108 108 122 122 123 123 108 108 108 108 123 123 109 109 123 123 124 124 109 109 109 109 124 124 110 110 124 124 125 125 110 110 110 110 125 125 111 111 125 125 126 126 111 111 111 111 126 126 112 112 126 126 127 127 112 112 112 112 127 127 113 113 127 127 128 128 113 113 113 113 128 128 114 114 129 129 116 116 115 115 115 115 116 116 102 102 128 128 129 129 114 114 114 114 129 129 115 115 131 131 133 133 130 130 133 133 131 131 132 132 134 134 137 137 135 135 136 136 135 135 137 137 134 134 135 135 130 130 130 130 135 135 131 131 135 135 136 136 131 131 131 131 136 136 132 132 137 137 134 134 133 133 133 133 134 134 130 130 136 136 137 137 132 132 132 132 137 137 133 133 140 140 141 141 138 138 138 138 139 139 140 140 142 142 145 145 144 144 144 144 143 143 142 142 142 142 143 143 138 138 138 138 143 143 139 139 143 143 144 144 139 139 139 139 144 144 140 140 145 145 142 142 141 141 141 141 142 142 138 138 144 144 145 145 140 140 140 140 145 145 141 141 147 147 148 148 149 149 149 149 146 146 147 147 153 153 152 152 151 151 151 151 150 150 153 153 150 150 151 151 146 146 146 146 151 151 147 147 151 151 152 152 147 147 147 147 152 152 148 148 153 153 150 150 149 149 149 149 150 150 146 146 152 152 153 153 148 148 148 148 153 153 149 149 157 157 159 159 162 162 162 162 159 159 160 160 160 160 161 161 162 162 162 162 163 163 164 164 158 158 159 159 157 157 155 155 156 156 157 157 164 164 155 155 157 157 164 164 165 165 155 155 154 154 155 155 165 165 162 162 164 164 157 157 174 174 171 171 169 169 172 172 171 171 174 174 174 174 173 173 172 172 176 176 175 175 174 174 169 169 171 171 170 170 169 169 168 168 167 167 169 169 167 167 176 176 167 167 177 177 176 176 177 177 167 167 166 166 169 169 176 176 174 174 166 166 167 167 154 154 154 154 167 167 155 155 167 167 168 168 155 155 155 155 168 168 156 156 168 168 169 169 156 156 156 156 169 169 157 157 169 169 170 170 157 157 157 157 170 170 158 158 170 170 171 171 158 158 158 158 171 171 159 159 171 171 172 172 159 159 159 159 172 172 160 160 172 172 173 173 160 160 160 160 173 173 161 161 173 173 174 174 161 161 161 161 174 174 162 162 174 174 175 175 162 162 162 162 175 175 163 163 175 175 176 176 163 163 163 163 176 176 164 164 177 177 166 166 165 165 165 165 166 166 154 154 176 176 177 177 164 164 164 164 177 177 165 165 185 185 182 182 183 183 183 183 184 184 185 185 185 185 180 180 182 182 180 180 185 185 179 179 179 179 185 185 178 178 181 181 182 182 180 180 191 191 190 190 193 193 193 193 192 192 191 191 190 190 188 188 193 193 187 187 193 193 188 188 186 186 193 193 187 187 188 188 190 190 189 189 186 186 187 187 178 178 178 178 187 187 179 179 187 187 188 188 179 179 179 179 188 188 180 180 188 188 189 189 180 180 180 180 189 189 181 181 189 189 190 190 181 181 181 181 190 190 182 182 190 190 191 191 182 182 182 182 191 191 183 183 191 191 192 192 183 183 183 183 192 192 184 184 193 193 186 186 185 185 185 185 186 186 178 178 192 192 193 193 184 184 184 184 193 193 185 185 196 196 197 197 198 198 200 200 196 196 199 199 198 198 199 199 196 196 194 194 195 195 200 200 196 196 200 200 195 195 200 200 201 201 194 194 206 206 205 205 204 204 207 207 204 204 208 208 204 204 207 207 206 206 208 208 203 203 202 202 203 203 208 208 204 204 202 202 209 209 208 208 202 202 203 203 194 194 194 194 203 203 195 195 203 203 204 204 195 195 195 195 204 204 196 196 204 204 205 205 196 196 196 196 205 205 197 197 205 205 206 206 197 197 197 197 206 206 198 198 206 206 207 207 198 198 198 198 207 207 199 199 207 207 208 208 199 199 199 199 208 208 200 200 209 209 202 202 201 201 201 201 202 202 194 194 208 208 209 209 200 200 200 200 209 209 201 201 220 220 221 221 222 222 219 219 220 220 227 227 224 224 220 220 222 222 219 219 227 227 218 218 223 223 224 224 222 222 224 224 225 225 220 220 225 225 226 226 227 227 227 227 228 228 230 230 225 225 227 227 220 220 216 216 218 218 227 227 216 216 227 227 215 215 210 210 214 214 215 215 213 213 214 214 210 210 215 215 227 227 210 210 210 210 227 227 230 230 230 230 228 228 229 229 231 231 210 210 230 230 212 212 213 213 211 211 210 210 211 211 213 213 217 217 218 218 216 216 244 244 243 243 242 242 249 249 242 242 241 241 244 244 242 242 246 246 240 240 249 249 241 241 244 244 246 246 245 245 242 242 247 247 246 246 249 249 248 248 247 247 252 252 250 250 249 249 242 242 249 249 247 247 249 249 240 240 238 238 237 237 249 249 238 238 237 237 236 236 232 232 232 232 236 236 235 235 232 232 249 249 237 237 252 252 249 249 232 232 251 251 250 250 252 252 252 252 232 232 253 253 233 233 235 235 234 234 235 235 233 233 232 232 238 238 240 240 239 239 232 232 233 233 210 210 210 210 233 233 211 211 233 233 234 234 211 211 211 211 234 234 212 212 234 234 235 235 212 212 212 212 235 235 213 213 235 235 236 236 213 213 213 213 236 236 214 214 236 236 237 237 214 214 214 214 237 237 215 215 237 237 238 238 215 215 215 215 238 238 216 216 238 238 239 239 216 216 216 216 239 239 217 217 239 239 240 240 217 217 217 217 240 240 218 218 240 240 241 241 218 218 218 218 241 241 219 219 241 241 242 242 219 219 219 219 242 242 220 220 242 242 243 243 220 220 220 220 243 243 221 221 243 243 244 244 221 221 221 221 244 244 222 222 244 244 245 245 222 222 222 222 245 245 223 223 245 245 246 246 223 223 223 223 246 246 224 224 246 246 247 247 224 224 224 224 247 247 225 225 247 247 248 248 225 225 225 225 248 248 226 226 248 248 249 249 226 226 226 226 249 249 227 227 249 249 250 250 227 227 227 227 250 250 228 228 250 250 251 251 228 228 228 228 251 251 229 229 251 251 252 252 229 229 229 229 252 252 230 230 253 253 232 232 231 231 231 231 232 232 210 210 252 252 253 253 230 230 230 230 253 253 231 231 262 262 260 260 261 261 256 256 263 263 254 254 263 263 258 258 262 262 259 259 260 260 262 262 262 262 258 258 259 259 258 258 256 256 257 257 254 254 255 255 256 256 263 263 256 256 258 258 271 271 270 270 272 272 264 264 273 273 266 266 272 272 268 268 273 273 272 272 270 270 269 269 269 269 268 268 272 272 267 267 266 266 268 268 266 266 265 265 264 264 268 268 266 266 273 273 264 264 265 265 254 254 254 254 265 265 255 255 265 265 266 266 255 255 255 255 266 266 256 256 266 266 267 267 256 256 256 256 267 267 257 257 267 267 268 268 257 257 257 257 268 268 258 258 268 268 269 269 258 258 258 258 269 269 259 259 269 269 270 270 259 259 259 259 270 270 260 260 270 270 271 271 260 260 260 260 271 271 261 261 271 271 272 272 261 261 261 261 272 272 262 262 273 273 264 264 263 263 263 263 264 264 254 254 272 272 273 273 262 262 262 262 273 273 263 263 279 279 280 280 281 281 279 279 277 277 278 278 277 277 279 279 284 284 283 283 281 281 282 282 281 281 283 283 284 284 284 284 285 285 276 276 284 284 279 279 281 281 276 276 277 277 284 284 274 274 275 275 276 276 291 291 292 292 274 274 276 276 291 291 274 274 286 286 291 291 276 276 289 289 290 290 287 287 291 291 286 286 287 287 288 288 289 289 287 287 291 291 287 287 290 290 276 276 285 285 286 286 300 300 299 299 298 298 297 297 296 296 298 298 303 303 298 298 296 296 301 301 300 300 302 302 303 303 302 302 300 300 295 295 304 304 303 303 300 300 298 298 303 303 303 303 296 296 295 295 295 295 294 294 293 293 293 293 311 311 310 310 293 293 310 310 295 295 295 295 310 310 305 305 306 306 309 309 308 308 306 306 305 305 310 310 306 306 308 308 307 307 309 309 306 306 310 310 305 305 304 304 295 295 293 293 294 294 274 274 274 274 294 294 275 275 294 294 295 295 275 275 275 275 295 295 276 276 295 295 296 296 276 276 276 276 296 296 277 277 296 296 297 297 277 277 277 277 297 297 278 278 297 297 298 298 278 278 278 278 298 298 279 279 298 298 299 299 279 279 279 279 299 299 280 280 299 299 300 300 280 280 280 280 300 300 281 281 300 300 301 301 281 281 281 281 301 301 282 282 301 301 302 302 282 282 282 282 302 302 283 283 302 302 303 303 283 283 283 283 303 303 284 284 303 303 304 304 284 284 284 284 304 304 285 285 304 304 305 305 285 285 285 285 305 305 286 286 305 305 306 306 286 286 286 286 306 306 287 287 306 306 307 307 287 287 287 287 307 307 288 288 307 307 308 308 288 288 288 288 308 308 289 289 308 308 309 309 289 289 289 289 309 309 290 290 309 309 310 310 290 290 290 290 310 310 291 291 311 311 293 293 292 292 292 292 293 293 274 274 310 310 311 311 291 291 291 291 311 311 292 292 322 322 320 320 321 321 319 319 322 322 318 318 312 312 318 318 323 323 322 322 323 323 318 318 317 317 318 318 312 312 319 319 320 320 322 322 313 313 316 316 317 317 314 314 315 315 313 313 316 316 313 313 315 315 312 312 313 313 317 317 333 333 332 332 334 334 330 330 334 334 331 331 335 335 330 330 324 324 330 330 335 335 334 334 324 324 330 330 329 329 334 334 332 332 331 331 329 329 328 328 325 325 325 325 327 327 326 326 327 327 325 325 328 328 329 329 325 325 324 324 324 324 325 325 312 312 312 312 325 325 313 313 325 325 326 326 313 313 313 313 326 326 314 314 326 326 327 327 314 314 314 314 327 327 315 315 327 327 328 328 315 315 315 315 328 328 316 316 328 328 329 329 316 316 316 316 329 329 317 317 329 329 330 330 317 317 317 317 330 330 318 318 330 330 331 331 318 318 318 318 331 331 319 319 331 331 332 332 319 319 319 319 332 332 320 320 332 332 333 333 320 320 320 320 333 333 321 321 333 333 334 334 321 321 321 321 334 334 322 322 335 335 324 324 323 323 323 323 324 324 312 312 334 334 335 335 322 322 322 322 335 335 323 323 337 337 339 339 336 336 339 339 337 337 338 338 340 340 343 343 341 341 342 342 341 341 343 343 340 340 341 341 336 336 336 336 341 341 337 337 341 341 342 342 337 337 337 337 342 342 338 338 343 343 340 340 339 339 339 339 340 340 336 336 342 342 343 343 338 338 338 338 343 343 339 339 344 344 346 346 347 347 346 346 344 344 345 345 351 351 350 350 348 348 349 349 348 348 350 350 348 348 349 349 344 344 344 344 349 349 345 345 349 349 350 350 345 345 345 345 350 350 346 346 351 351 348 348 347 347 347 347 348 348 344 344 350 350 351 351 346 346 346 346 351 351 347 347 354 354 355 355 352 352 352 352 353 353 354 354 356 356 359 359 358 358 358 358 357 357 356 356 356 356 357 357 352 352 352 352 357 357 353 353 357 357 358 358 353 353 353 353 358 358 354 354 359 359 356 356 355 355 355 355 356 356 352 352 358 358 359 359 354 354 354 354 359 359 355 355 362 362 363 363 360 360 360 360 361 361 362 362 364 364 367 367 366 366 366 366 365 365 364 364 364 364 365 365 360 360 360 360 365 365 361 361 365 365 366 366 361 361 361 361 366 366 362 362 367 367 364 364 363 363 363 363 364 364 360 360 366 366 367 367 362 362 362 362 367 367 363 363 370 370 371 371 368 368 368 368 369 369 370 370 372 372 375 375 374 374 374 374 373 373 372 372 372 372 373 373 368 368 368 368 373 373 369 369 373 373 374 374 369 369 369 369 374 374 370 370 375 375 372 372 371 371 371 371 372 372 368 368 374 374 375 375 370 370 370 370 375 375 371 371 376 376 378 378 379 379 378 378 376 376 377 377 383 383 382 382 380 380 381 381 380 380 382 382 380 380 381 381 376 376 376 376 381 381 377 377 381 381 382 382 377 377 377 377 382 382 378 378 383 383 380 380 379 379 379 379 380 380 376 376 382 382 383 383 378 378 378 378 383 383 379 379 384 384 386 386 387 387 386 386 384 384 385 385 391 391 390 390 388 388 389 389 388 388 390 390 388 388 389 389 384 384 384 384 389 389 385 385 389 389 390 390 385 385 385 385 390 390 386 386 391 391 388 388 387 387 387 387 388 388 384 384 390 390 391 391 386 386 386 386 391 391 387 387 394 394 395 395 392 392 392 392 393 393 394 394 396 396 399 399 398 398 398 398 397 397 396 396 396 396 397 397 392 392 392 392 397 397 393 393 397 397 398 398 393 393 393 393 398 398 394 394 399 399 396 396 395 395 395 395 396 396 392 392 398 398 399 399 394 394 394 394 399 399 395 395 401 401 402 402 403 403 403 403 400 400 401 401 407 407 406 406 405 405 405 405 404 404 407 407 404 404 405 405 400 400 400 400 405 405 401 401 405 405 406 406 401 401 401 401 406 406 402 402 407 407 404 404 403 403 403 403 404 404 400 400 406 406 407 407 402 402 402 402 407 407 403 403 412 412 410 410 411 411 413 413 410 410 412 412 410 410 413 413 408 408 409 409 410 410 408 408 417 417 416 416 418 418 418 418 416 416 419 419 414 414 419 419 416 416 414 414 416 416 415 415 414 414 415 415 408 408 408 408 415 415 409 409 415 415 416 416 409 409 409 409 416 416 410 410 416 416 417 417 410 410 410 410 417 417 411 411 417 417 418 418 411 411 411 411 418 418 412 412 419 419 414 414 413 413 413 413 414 414 408 408 418 418 419 419 412 412 412 412 419 419 413 413 422 422 423 423 420 420 420 420 421 421 422 422 424 424 427 427 426 426 426 426 425 425 424 424 424 424 425 425 420 420 420 420 425 425 421 421 425 425 426 426 421 421 421 421 426 426 422 422 427 427 424 424 423 423 423 423 424 424 420 420 426 426 427 427 422 422 422 422 427 427 423 423 430 430 431 431 428 428 428 428 429 429 430 430 432 432 435 435 434 434 434 434 433 433 432 432 432 432 433 433 428 428 428 428 433 433 429 429 433 433 434 434 429 429 429 429 434 434 430 430 435 435 432 432 431 431 431 431 432 432 428 428 434 434 435 435 430 430 430 430 435 435 431 431 438 438 439 439 436 436 436 436 437 437 438 438 440 440 443 443 442 442 442 442 441 441 440 440 440 440 441 441 436 436 436 436 441 441 437 437 441 441 442 442 437 437 437 437 442 442 438 438 443 443 440 440 439 439 439 439 440 440 436 436 442 442 443 443 438 438 438 438 443 443 439 439 445 445 447 447 444 444 447 447 445 445 446 446 448 448 451 451 449 449 450 450 449 449 451 451 448 448 449 449 444 444 444 444 449 449 445 445 449 449 450 450 445 445 445 445 450 450 446 446 451 451 448 448 447 447 447 447 448 448 444 444 450 450 451 451 446 446 446 446 451 451 447 447 452 452 454 454 455 455 454 454 452 452 453 453 459 459 458 458 456 456 457 457 456 456 458 458 456 456 457 457 452 452 452 452 457 457 453 453 457 457 458 458 453 453 453 453 458 458 454 454 459 459 456 456 455 455 455 455 456 456 452 452 458 458 459 459 454 454 454 454 459 459 455 455 462 462 463 463 460 460 460 460 461 461 462 462 464 464 467 467 466 466 466 466 465 465 464 464 464 464 465 465 460 460 460 460 465 465 461 461 465 465 466 466 461 461 461 461 466 466 462 462 467 467 464 464 463 463 463 463 464 464 460 460 466 466 467 467 462 462 462 462 467 467 463 463 469 469 470 470 471 471 471 471 468 468 469 469 475 475 474 474 473 473 473 473 472 472 475 475 472 472 473 473 468 468 468 468 473 473 469 469 473 473 474 474 469 469 469 469 474 474 470 470 475 475 472 472 471 471 471 471 472 472 468 468 474 474 475 475 470 470 470 470 475 475 471 471 478 478 479 479 476 476 476 476 477 477 478 478 480 480 483 483 482 482 482 482 481 481 480 480 480 480 481 481 476 476 476 476 481 481 477 477 481 481 482 482 477 477 477 477 482 482 478 478 483 483 480 480 479 479 479 479 480 480 476 476 482 482 483 483 478 478 478 478 483 483 479 479 486 486 487 487 484 484 484 484 485 485 486 486 488 488 491 491 490 490 490 490 489 489 488 488 488 488 489 489 484 484 484 484 489 489 485 485 489 489 490 490 485 485 485 485 490 490 486 486 491 491 488 488 487 487 487 487 488 488 484 484 490 490 491 491 486 486 486 486 491 491 487 487 493 493 494 494 495 495 495 495 492 492 493 493 499 499 498 498 497 497 497 497 496 496 499 499 496 496 497 497 492 492 492 492 497 497 493 493 497 497 498 498 493 493 493 493 498 498 494 494 499 499 496 496 495 495 495 495 496 496 492 492 498 498 499 499 494 494 494 494 499 499 495 495 501 501 503 503 500 500 503 503 501 501 502 502 504 504 507 507 505 505 506 506 505 505 507 507 504 504 505 505 500 500 500 500 505 505 501 501 505 505 506 506 501 501 501 501 506 506 502 502 507 507 504 504 503 503 503 503 504 504 500 500 506 506 507 507 502 502 502 502 507 507 503 503 510 510 511 511 508 508 508 508 509 509 510 510 512 512 515 515 514 514 514 514 513 513 512 512 512 512 513 513 508 508 508 508 513 513 509 509 513 513 514 514 509 509 509 509 514 514 510 510 515 515 512 512 511 511 511 511 512 512 508 508 514 514 515 515 510 510 510 510 515 515 511 511 518 518 519 519 516 516 516 516 517 517 518 518 520 520 523 523 522 522 522 522 521 521 520 520 520 520 521 521 516 516 516 516 521 521 517 517 521 521 522 522 517 517 517 517 522 522 518 518 523 523 520 520 519 519 519 519 520 520 516 516 522 522 523 523 518 518 518 518 523 523 519 519 525 525 527 527 524 524 527 527 525 525 526 526 528 528 531 531 529 529 530 530 529 529 531 531 528 528 529 529 524 524 524 524 529 529 525 525 529 529 530 530 525 525 525 525 530 530 526 526 531 531 528 528 527 527 527 527 528 528 524 524 530 530 531 531 526 526 526 526 531 531 527 527 533 533 535 535 532 532 535 535 533 533 534 534 536 536 539 539 537 537 538 538 537 537 539 539 536 536 537 537 532 532 532 532 537 537 533 533 537 537 538 538 533 533 533 533 538 538 534 534 539 539 536 536 535 535 535 535 536 536 532 532 538 538 539 539 534 534 534 534 539 539 535 535 542 542 543 543 540 540 540 540 541 541 542 542 544 544 547 547 546 546 546 546 545 545 544 544 544 544 545 545 540 540 540 540 545 545 541 541 545 545 546 546 541 541 541 541 546 546 542 542 547 547 544 544 543 543 543 543 544 544 540 540 546 546 547 547 542 542 542 542 547 547 543 543 548 548 550 550 551 551 550 550 548 548 549 549 555 555 554 554 552 552 553 553 552 552 554 554 552 552 553 553 548 548 548 548 553 553 549 549 553 553 554 554 549 549 549 549 554 554 550 550 555 555 552 552 551 551 551 551 552 552 548 548 554 554 555 555 550 550 550 550 555 555 551 551 557 557 559 559 556 556 559 559 557 557 558 558 560 560 563 563 561 561 562 562 561 561 563 563 560 560 561 561 556 556 556 556 561 561 557 557 561 561 562 562 557 557 557 557 562 562 558 558 563 563 560 560 559 559 559 559 560 560 556 556 562 562 563 563 558 558 558 558 563 563 559 559 566 566 567 567 564 564 564 564 565 565 566 566 568 568 571 571 570 570 570 570 569 569 568 568 568 568 569 569 564 564 564 564 569 569 565 565 569 569 570 570 565 565 565 565 570 570 566 566 571 571 568 568 567 567 567 567 568 568 564 564 570 570 571 571 566 566 566 566 571 571 567 567 574 574 575 575 572 572 572 572 573 573 574 574 576 576 579 579 578 578 578 578 577 577 576 576 576 576 577 577 572 572 572 572 577 577 573 573 577 577 578 578 573 573 573 573 578 578 574 574 579 579 576 576 575 575 575 575 576 576 572 572 578 578 579 579 574 574 574 574 579 579 575 575 580 580 582 582 583 583 582 582 580 580 581 581 587 587 586 586 584 584 585 585 584 584 586 586 584 584 585 585 580 580 580 580 585 585 581 581 585 585 586 586 581 581 581 581 586 586 582 582 587 587 584 584 583 583 583 583 584 584 580 580 586 586 587 587 582 582 582 582 587 587 583 583 590 590 591 591 588 588 588 588 589 589 590 590 592 592 595 595 594 594 594 594 593 593 592 592 592 592 593 593 588 588 588 588 593 593 589 589 593 593 594 594 589 589 589 589 594 594 590 590 595 595 592 592 591 591 591 591 592 592 588 588 594 594 595 595 590 590 590 590 595 595 591 591 596 596 598 598 599 599 598 598 596 596 597 597 603 603 602 602 600 600 601 601 600 600 602 602 600 600 601 601 596 596 596 596 601 601 597 597 601 601 602 602 597 597 597 597 602 602 598 598 603 603 600 600 599 599 599 599 600 600 596 596 602 602 603 603 598 598 598 598 603 603 599 599 605 605 607 607 604 604 607 607 605 605 606 606 608 608 611 611 609 609 610 610 609 609 611 611 608 608 609 609 604 604 604 604 609 609 605 605 609 609 610 610 605 605 605 605 610 610 606 606 611 611 608 608 607 607 607 607 608 608 604 604 610 610 611 611 606 606 606 606 611 611 607 607 613 613 615 615 612 612 615 615 613 613 614 614 616 616 619 619 617 617 618 618 617 617 619 619 616 616 617 617 612 612 612 612 617 617 613 613 617 617 618 618 613 613 613 613 618 618 614 614 619 619 616 616 615 615 615 615 616 616 612 612 618 618 619 619 614 614 614 614 619 619 615 615 620 620 622 622 623 623 622 622 620 620 621 621 627 627 626 626 624 624 625 625 624 624 626 626 624 624 625 625 620 620 620 620 625 625 621 621 625 625 626 626 621 621 621 621 626 626 622 622 627 627 624 624 623 623 623 623 624 624 620 620 626 626 627 627 622 622 622 622 627 627 623 623 630 630 631 631 628 628 628 628 629 629 630 630 632 632 635 635 634 634 634 634 633 633 632 632 632 632 633 633 628 628 628 628 633 633 629 629 633 633 634 634 629 629 629 629 634 634 630 630 635 635 632 632 631 631 631 631 632 632 628 628 634 634 635 635 630 630 630 630 635 635 631 631 638 638 639 639 636 636 636 636 637 637 638 638 640 640 643 643 642 642 642 642 641 641 640 640 640 640 641 641 636 636 636 636 641 641 637 637 641 641 642 642 637 637 637 637 642 642 638 638 643 643 640 640 639 639 639 639 640 640 636 636 642 642 643 643 638 638 638 638 643 643 639 639 645 645 646 646 647 647 647 647 644 644 645 645 651 651 650 650 649 649 649 649 648 648 651 651 648 648 649 649 644 644 644 644 649 649 645 645 649 649 650 650 645 645 645 645 650 650 646 646 651 651 648 648 647 647 647 647 648 648 644 644 650 650 651 651 646 646 646 646 651 651 647 647 654 654 655 655 652 652 652 652 653 653 654 654 656 656 659 659 658 658 658 658 657 657 656 656 656 656 657 657 652 652 652 652 657 657 653 653 657 657 658 658 653 653 653 653 658 658 654 654 659 659 656 656 655 655 655 655 656 656 652 652 658 658 659 659 654 654 654 654 659 659 655 655 661 661 663 663 660 660 663 663 661 661 662 662 664 664 667 667 665 665 666 666 665 665 667 667 664 664 665 665 660 660 660 660 665 665 661 661 665 665 666 666 661 661 661 661 666 666 662 662 667 667 664 664 663 663 663 663 664 664 660 660 666 666 667 667 662 662 662 662 667 667 663 663 670 670 671 671 668 668 668 668 669 669 670 670 672 672 675 675 674 674 674 674 673 673 672 672 672 672 673 673 668 668 668 668 673 673 669 669 673 673 674 674 669 669 669 669 674 674 670 670 675 675 672 672 671 671 671 671 672 672 668 668 674 674 675 675 670 670 670 670 675 675 671 671 677 677 679 679 676 676 679 679 677 677 678 678 680 680 683 683 681 681 682 682 681 681 683 683 680 680 681 681 676 676 676 676 681 681 677 677 681 681 682 682 677 677 677 677 682 682 678 678 683 683 680 680 679 679 679 679 680 680 676 676 682 682 683 683 678 678 678 678 683 683 679 679 686 686 687 687 684 684 684 684 685 685 686 686 688 688 691 691 690 690 690 690 689 689 688 688 688 688 689 689 684 684 684 684 689 689 685 685 689 689 690 690 685 685 685 685 690 690 686 686 691 691 688 688 687 687 687 687 688 688 684 684 690 690 691 691 686 686 686 686 691 691 687 687 694 694 695 695 692 692 692 692 693 693 694 694 696 696 699 699 698 698 698 698 697 697 696 696 696 696 697 697 692 692 692 692 697 697 693 693 697 697 698 698 693 693 693 693 698 698 694 694 699 699 696 696 695 695 695 695 696 696 692 692 698 698 699 699 694 694 694 694 699 699 695 695 702 702 703 703 700 700 700 700 701 701 702 702 704 704 707 707 706 706 706 706 705 705 704 704 704 704 705 705 700 700 700 700 705 705 701 701 705 705 706 706 701 701 701 701 706 706 702 702 707 707 704 704 703 703 703 703 704 704 700 700 706 706 707 707 702 702 702 702 707 707 703 703 710 710 711 711 708 708 708 708 709 709 710 710 712 712 715 715 714 714 714 714 713 713 712 712 712 712 713 713 708 708 708 708 713 713 709 709 713 713 714 714 709 709 709 709 714 714 710 710 715 715 712 712 711 711 711 711 712 712 708 708 714 714 715 715 710 710 710 710 715 715 711 711 717 717 719 719 716 716 719 719 717 717 718 718 720 720 723 723 721 721 722 722 721 721 723 723 720 720 721 721 716 716 716 716 721 721 717 717 721 721 722 722 717 717 717 717 722 722 718 718 723 723 720 720 719 719 719 719 720 720 716 716 722 722 723 723 718 718 718 718 723 723 719 719 725 725 727 727 724 724 727 727 725 725 726 726 728 728 731 731 729 729 730 730 729 729 731 731 728 728 729 729 724 724 724 724 729 729 725 725 729 729 730 730 725 725 725 725 730 730 726 726 731 731 728 728 727 727 727 727 728 728 724 724 730 730 731 731 726 726 726 726 731 731 727 727 732 732 734 734 735 735 734 734 732 732 733 733 739 739 738 738 736 736 737 737 736 736 738 738 736 736 737 737 732 732 732 732 737 737 733 733 737 737 738 738 733 733 733 733 738 738 734 734 739 739 736 736 735 735 735 735 736 736 732 732 738 738 739 739 734 734 734 734 739 739 735 735 742 742 743 743 740 740 740 740 741 741 742 742 744 744 747 747 746 746 746 746 745 745 744 744 744 744 745 745 740 740 740 740 745 745 741 741 745 745 746 746 741 741 741 741 746 746 742 742 747 747 744 744 743 743 743 743 744 744 740 740 746 746 747 747 742 742 742 742 747 747 743 743 749 749 751 751 748 748 751 751 749 749 750 750 752 752 755 755 753 753 754 754 753 753 755 755 752 752 753 753 748 748 748 748 753 753 749 749 753 753 754 754 749 749 749 749 754 754 750 750 755 755 752 752 751 751 751 751 752 752 748 748 754 754 755 755 750 750 750 750 755 755 751 751 758 758 759 759 756 756 756 756 757 757 758 758 760 760 763 763 762 762 762 762 761 761 760 760 760 760 761 761 756 756 756 756 761 761 757 757 761 761 762 762 757 757 757 757 762 762 758 758 763 763 760 760 759 759 759 759 760 760 756 756 762 762 763 763 758 758 758 758 763 763 759 759 766 766 767 767 764 764 764 764 765 765 766 766 768 768 771 771 770 770 770 770 769 769 768 768 768 768 769 769 764 764 764 764 769 769 765 765 769 769 770 770 765 765 765 765 770 770 766 766 771 771 768 768 767 767 767 767 768 768 764 764 770 770 771 771 766 766 766 766 771 771 767 767 774 774 775 775 772 772 772 772 773 773 774 774 776 776 779 779 778 778 778 778 777 777 776 776 776 776 777 777 772 772 772 772 777 777 773 773 777 777 778 778 773 773 773 773 778 778 774 774 779 779 776 776 775 775 775 775 776 776 772 772 778 778 779 779 774 774 774 774 779 779 775 775 782 782 783 783 780 780 780 780 781 781 782 782 784 784 787 787 786 786 786 786 785 785 784 784 784 784 785 785 780 780 780 780 785 785 781 781 785 785 786 786 781 781 781 781 786 786 782 782 787 787 784 784 783 783 783 783 784 784 780 780 786 786 787 787 782 782 782 782 787 787 783 783 790 790 791 791 788 788 788 788 789 789 790 790 792 792 795 795 794 794 794 794 793 793 792 792 792 792 793 793 788 788 788 788 793 793 789 789 793 793 794 794 789 789 789 789 794 794 790 790 795 795 792 792 791 791 791 791 792 792 788 788 794 794 795 795 790 790 790 790 795 795 791 791 796 796 798 798 799 799 798 798 796 796 797 797 803 803 802 802 800 800 801 801 800 800 802 802 800 800 801 801 796 796 796 796 801 801 797 797 801 801 802 802 797 797 797 797 802 802 798 798 803 803 800 800 799 799 799 799 800 800 796 796 802 802 803 803 798 798 798 798 803 803 799 799 805 805 807 807 804 804 807 807 805 805 806 806 808 808 811 811 809 809 810 810 809 809 811 811 808 808 809 809 804 804 804 804 809 809 805 805 809 809 810 810 805 805 805 805 810 810 806 806 811 811 808 808 807 807 807 807 808 808 804 804 810 810 811 811 806 806 806 806 811 811 807 807 814 814 815 815 812 812 812 812 813 813 814 814 816 816 819 819 818 818 818 818 817 817 816 816 816 816 817 817 812 812 812 812 817 817 813 813 817 817 818 818 813 813 813 813 818 818 814 814 819 819 816 816 815 815 815 815 816 816 812 812 818 818 819 819 814 814 814 814 819 819 815 815 822 822 823 823 820 820 820 820 821 821 822 822 824 824 827 827 826 826 826 826 825 825 824 824 824 824 825 825 820 820 820 820 825 825 821 821 825 825 826 826 821 821 821 821 826 826 822 822 827 827 824 824 823 823 823 823 824 824 820 820 826 826 827 827 822 822 822 822 827 827 823 823 830 830 831 831 828 828 828 828 829 829 830 830 832 832 835 835 834 834 834 834 833 833 832 832 832 832 833 833 828 828 828 828 833 833 829 829 833 833 834 834 829 829 829 829 834 834 830 830 835 835 832 832 831 831 831 831 832 832 828 828 834 834 835 835 830 830 830 830 835 835 831 831 838 838 839 839 836 836 836 836 837 837 838 838 840 840 843 843 842 842 842 842 841 841 840 840 840 840 841 841 836 836 836 836 841 841 837 837 841 841 842 842 837 837 837 837 842 842 838 838 843 843 840 840 839 839 839 839 840 840 836 836 842 842 843 843 838 838 838 838 843 843 839 839 844 844 845 845 846 846 846 846 847 847 844 844 850 850 849 849 848 848 848 848 851 851 850 850 848 848 849 849 844 844 844 844 849 849 845 845 849 849 850 850 845 845 845 845 850 850 846 846 851 851 848 848 847 847 847 847 848 848 844 844 850 850 851 851 846 846 846 846 851 851 847 847 852 852 854 854 855 855 854 854 852 852 853 853 859 859 858 858 856 856 857 857 856 856 858 858 856 856 857 857 852 852 852 852 857 857 853 853 857 857 858 858 853 853 853 853 858 858 854 854 859 859 856 856 855 855 855 855 856 856 852 852 858 858 859 859 854 854 854 854 859 859 855 855 862 862 863 863 860 860 860 860 861 861 862 862 864 864 867 867 866 866 866 866 865 865 864 864 864 864 865 865 860 860 860 860 865 865 861 861 865 865 866 866 861 861 861 861 866 866 862 862 867 867 864 864 863 863 863 863 864 864 860 860 866 866 867 867 862 862 862 862 867 867 863 863 868 868 870 870 871 871 870 870 868 868 869 869 875 875 874 874 872 872 873 873 872 872 874 874 872 872 873 873 868 868 868 868 873 873 869 869 873 873 874 874 869 869 869 869 874 874 870 870 875 875 872 872 871 871 871 871 872 872 868 868 874 874 875 875 870 870 870 870 875 875 871 871 878 878 879 879 876 876 876 876 877 877 878 878 880 880 883 883 882 882 882 882 881 881 880 880 880 880 881 881 876 876 876 876 881 881 877 877 881 881 882 882 877 877 877 877 882 882 878 878 883 883 880 880 879 879 879 879 880 880 876 876 882 882 883 883 878 878 878 878 883 883 879 879 886 886 887 887 884 884 884 884 885 885 886 886 888 888 891 891 890 890 890 890 889 889 888 888 888 888 889 889 884 884 884 884 889 889 885 885 889 889 890 890 885 885 885 885 890 890 886 886 891 891 888 888 887 887 887 887 888 888 884 884 890 890 891 891 886 886 886 886 891 891 887 887 894 894 895 895 892 892 892 892 893 893 894 894 896 896 899 899 898 898 898 898 897 897 896 896 896 896 897 897 892 892 892 892 897 897 893 893 897 897 898 898 893 893 893 893 898 898 894 894 899 899 896 896 895 895 895 895 896 896 892 892 898 898 899 899 894 894 894 894 899 899 895 895 901 901 903 903 900 900 903 903 901 901 902 902 904 904 907 907 905 905 906 906 905 905 907 907 904 904 905 905 900 900 900 900 905 905 901 901 905 905 906 906 901 901 901 901 906 906 902 902 907 907 904 904 903 903 903 903 904 904 900 900 906 906 907 907 902 902 902 902 907 907 903 903 909 909 911 911 908 908 911 911 909 909 910 910 912 912 915 915 913 913 914 914 913 913 915 915 912 912 913 913 908 908 908 908 913 913 909 909 913 913 914 914 909 909 909 909 914 914 910 910 915 915 912 912 911 911 911 911 912 912 908 908 914 914 915 915 910 910 910 910 915 915 911 911 917 917 919 919 916 916 919 919 917 917 918 918 920 920 923 923 921 921 922 922 921 921 923 923 920 920 921 921 916 916 916 916 921 921 917 917 921 921 922 922 917 917 917 917 922 922 918 918 923 923 920 920 919 919 919 919 920 920 916 916 922 922 923 923 918 918 918 918 923 923 919 919 926 926 927 927 924 924 924 924 925 925 926 926 928 928 931 931 930 930 930 930 929 929 928 928 928 928 929 929 924 924 924 924 929 929 925 925 929 929 930 930 925 925 925 925 930 930 926 926 931 931 928 928 927 927 927 927 928 928 924 924 930 930 931 931 926 926 926 926 931 931 927 927 934 934 935 935 932 932 932 932 933 933 934 934 936 936 939 939 938 938 938 938 937 937 936 936 936 936 937 937 932 932 932 932 937 937 933 933 937 937 938 938 933 933 933 933 938 938 934 934 939 939 936 936 935 935 935 935 936 936 932 932 938 938 939 939 934 934 934 934 939 939 935 935 941 941 943 943 940 940 943 943 941 941 942 942 944 944 947 947 945 945 946 946 945 945 947 947 944 944 945 945 940 940 940 940 945 945 941 941 945 945 946 946 941 941 941 941 946 946 942 942 947 947 944 944 943 943 943 943 944 944 940 940 946 946 947 947 942 942 942 942 947 947 943 943 949 949 951 951 948 948 951 951 949 949 950 950 952 952 955 955 953 953 954 954 953 953 955 955 952 952 953 953 948 948 948 948 953 953 949 949 953 953 954 954 949 949 949 949 954 954 950 950 955 955 952 952 951 951 951 951 952 952 948 948 954 954 955 955 950 950 950 950 955 955 951 951 958 958 959 959 956 956 956 956 957 957 958 958 960 960 963 963 962 962 962 962 961 961 960 960 960 960 961 961 956 956 956 956 961 961 957 957 961 961 962 962 957 957 957 957 962 962 958 958 963 963 960 960 959 959 959 959 960 960 956 956 962 962 963 963 958 958 958 958 963 963 959 959 965 965 967 967 964 964 967 967 965 965 966 966 968 968 971 971 969 969 970 970 969 969 971 971 968 968 969 969 964 964 964 964 969 969 965 965 969 969 970 970 965 965 965 965 970 970 966 966 971 971 968 968 967 967 967 967 968 968 964 964 970 970 971 971 966 966 966 966 971 971 967 967 973 973 974 974 975 975 975 975 972 972 973 973 979 979 978 978 977 977 977 977 976 976 979 979 976 976 977 977 972 972 972 972 977 977 973 973 977 977 978 978 973 973 973 973 978 978 974 974 979 979 976 976 975 975 975 975 976 976 972 972 978 978 979 979 974 974 974 974 979 979 975 975 980 980 982 982 983 983 982 982 980 980 981 981 987 987 986 986 984 984 985 985 984 984 986 986 984 984 985 985 980 980 980 980 985 985 981 981 985 985 986 986 981 981 981 981 986 986 982 982 987 987 984 984 983 983 983 983 984 984 980 980 986 986 987 987 982 982 982 982 987 987 983 983 990 990 991 991 988 988 988 988 989 989 990 990 992 992 995 995 994 994 994 994 993 993 992 992 992 992 993 993 988 988 988 988 993 993 989 989 993 993 994 994 989 989 989 989 994 994 990 990 995 995 992 992 991 991 991 991 992 992 988 988 994 994 995 995 990 990 990 990 995 995 991 991 997 997 998 998 999 999 999 999 996 996 997 997 1003 1003 1002 1002 1001 1001 1001 1001 1000 1000 1003 1003 1000 1000 1001 1001 996 996 996 996 1001 1001 997 997 1001 1001 1002 1002 997 997 997 997 1002 1002 998 998 1003 1003 1000 1000 999 999 999 999 1000 1000 996 996 1002 1002 1003 1003 998 998 998 998 1003 1003 999 999 1004 1004 1006 1006 1007 1007 1006 1006 1004 1004 1005 1005 1011 1011 1010 1010 1008 1008 1009 1009 1008 1008 1010 1010 1008 1008 1009 1009 1004 1004 1004 1004 1009 1009 1005 1005 1009 1009 1010 1010 1005 1005 1005 1005 1010 1010 1006 1006 1011 1011 1008 1008 1007 1007 1007 1007 1008 1008 1004 1004 1010 1010 1011 1011 1006 1006 1006 1006 1011 1011 1007 1007 1012 1012 1014 1014 1015 1015 1014 1014 1012 1012 1013 1013 1019 1019 1018 1018 1016 1016 1017 1017 1016 1016 1018 1018 1016 1016 1017 1017 1012 1012 1012 1012 1017 1017 1013 1013 1017 1017 1018 1018 1013 1013 1013 1013 1018 1018 1014 1014 1019 1019 1016 1016 1015 1015 1015 1015 1016 1016 1012 1012 1018 1018 1019 1019 1014 1014 1014 1014 1019 1019 1015 1015 1021 1021 1022 1022 1023 1023 1023 1023 1020 1020 1021 1021 1027 1027 1026 1026 1025 1025 1025 1025 1024 1024 1027 1027 1024 1024 1025 1025 1020 1020 1020 1020 1025 1025 1021 1021 1025 1025 1026 1026 1021 1021 1021 1021 1026 1026 1022 1022 1027 1027 1024 1024 1023 1023 1023 1023 1024 1024 1020 1020 1026 1026 1027 1027 1022 1022 1022 1022 1027 1027 1023 1023 1030 1030 1031 1031 1028 1028 1028 1028 1029 1029 1030 1030 1032 1032 1035 1035 1034 1034 1034 1034 1033 1033 1032 1032 1032 1032 1033 1033 1028 1028 1028 1028 1033 1033 1029 1029 1033 1033 1034 1034 1029 1029 1029 1029 1034 1034 1030 1030 1035 1035 1032 1032 1031 1031 1031 1031 1032 1032 1028 1028 1034 1034 1035 1035 1030 1030 1030 1030 1035 1035 1031 1031 1037 1037 1039 1039 1036 1036 1039 1039 1037 1037 1038 1038 1040 1040 1043 1043 1041 1041 1042 1042 1041 1041 1043 1043 1040 1040 1041 1041 1036 1036 1036 1036 1041 1041 1037 1037 1041 1041 1042 1042 1037 1037 1037 1037 1042 1042 1038 1038 1043 1043 1040 1040 1039 1039 1039 1039 1040 1040 1036 1036 1042 1042 1043 1043 1038 1038 1038 1038 1043 1043 1039 1039 1046 1046 1047 1047 1044 1044 1044 1044 1045 1045 1046 1046 1048 1048 1051 1051 1050 1050 1050 1050 1049 1049 1048 1048 1048 1048 1049 1049 1044 1044 1044 1044 1049 1049 1045 1045 1049 1049 1050 1050 1045 1045 1045 1045 1050 1050 1046 1046 1051 1051 1048 1048 1047 1047 1047 1047 1048 1048 1044 1044 1050 1050 1051 1051 1046 1046 1046 1046 1051 1051 1047 1047 1054 1054 1055 1055 1052 1052 1052 1052 1053 1053 1054 1054 1056 1056 1059 1059 1058 1058 1058 1058 1057 1057 1056 1056 1056 1056 1057 1057 1052 1052 1052 1052 1057 1057 1053 1053 1057 1057 1058 1058 1053 1053 1053 1053 1058 1058 1054 1054 1059 1059 1056 1056 1055 1055 1055 1055 1056 1056 1052 1052 1058 1058 1059 1059 1054 1054 1054 1054 1059 1059 1055 1055 1061 1061 1063 1063 1060 1060 1063 1063 1061 1061 1062 1062 1064 1064 1067 1067 1065 1065 1066 1066 1065 1065 1067 1067 1064 1064 1065 1065 1060 1060 1060 1060 1065 1065 1061 1061 1065 1065 1066 1066 1061 1061 1061 1061 1066 1066 1062 1062 1067 1067 1064 1064 1063 1063 1063 1063 1064 1064 1060 1060 1066 1066 1067 1067 1062 1062 1062 1062 1067 1067 1063 1063 1069 1069 1071 1071 1068 1068 1071 1071 1069 1069 1070 1070 1072 1072 1075 1075 1073 1073 1074 1074 1073 1073 1075 1075 1072 1072 1073 1073 1068 1068 1068 1068 1073 1073 1069 1069 1073 1073 1074 1074 1069 1069 1069 1069 1074 1074 1070 1070 1075 1075 1072 1072 1071 1071 1071 1071 1072 1072 1068 1068 1074 1074 1075 1075 1070 1070 1070 1070 1075 1075 1071 1071 1077 1077 1079 1079 1076 1076 1079 1079 1077 1077 1078 1078 1080 1080 1083 1083 1081 1081 1082 1082 1081 1081 1083 1083 1080 1080 1081 1081 1076 1076 1076 1076 1081 1081 1077 1077 1081 1081 1082 1082 1077 1077 1077 1077 1082 1082 1078 1078 1083 1083 1080 1080 1079 1079 1079 1079 1080 1080 1076 1076 1082 1082 1083 1083 1078 1078 1078 1078 1083 1083 1079 1079 1085 1085 1087 1087 1084 1084 1087 1087 1085 1085 1086 1086 1088 1088 1091 1091 1089 1089 1090 1090 1089 1089 1091 1091 1088 1088 1089 1089 1084 1084 1084 1084 1089 1089 1085 1085 1089 1089 1090 1090 1085 1085 1085 1085 1090 1090 1086 1086 1091 1091 1088 1088 1087 1087 1087 1087 1088 1088 1084 1084 1090 1090 1091 1091 1086 1086 1086 1086 1091 1091 1087 1087 1094 1094 1095 1095 1092 1092 1092 1092 1093 1093 1094 1094 1096 1096 1099 1099 1098 1098 1098 1098 1097 1097 1096 1096 1096 1096 1097 1097 1092 1092 1092 1092 1097 1097 1093 1093 1097 1097 1098 1098 1093 1093 1093 1093 1098 1098 1094 1094 1099 1099 1096 1096 1095 1095 1095 1095 1096 1096 1092 1092 1098 1098 1099 1099 1094 1094 1094 1094 1099 1099 1095 1095 1101 1101 1103 1103 1100 1100 1103 1103 1101 1101 1102 1102 1104 1104 1107 1107 1105 1105 1106 1106 1105 1105 1107 1107 1104 1104 1105 1105 1100 1100 1100 1100 1105 1105 1101 1101 1105 1105 1106 1106 1101 1101 1101 1101 1106 1106 1102 1102 1107 1107 1104 1104 1103 1103 1103 1103 1104 1104 1100 1100 1106 1106 1107 1107 1102 1102 1102 1102 1107 1107 1103 1103 1109 1109 1111 1111 1108 1108 1111 1111 1109 1109 1110 1110 1112 1112 1115 1115 1113 1113 1114 1114 1113 1113 1115 1115 1112 1112 1113 1113 1108 1108 1108 1108 1113 1113 1109 1109 1113 1113 1114 1114 1109 1109 1109 1109 1114 1114 1110 1110 1115 1115 1112 1112 1111 1111 1111 1111 1112 1112 1108 1108 1114 1114 1115 1115 1110 1110 1110 1110 1115 1115 1111 1111 1116 1116 1118 1118 1119 1119 1118 1118 1116 1116 1117 1117 1123 1123 1122 1122 1120 1120 1121 1121 1120 1120 1122 1122 1120 1120 1121 1121 1116 1116 1116 1116 1121 1121 1117 1117 1121 1121 1122 1122 1117 1117 1117 1117 1122 1122 1118 1118 1123 1123 1120 1120 1119 1119 1119 1119 1120 1120 1116 1116 1122 1122 1123 1123 1118 1118 1118 1118 1123 1123 1119 1119 1126 1126 1127 1127 1124 1124 1124 1124 1125 1125 1126 1126 1128 1128 1131 1131 1130 1130 1130 1130 1129 1129 1128 1128 1128 1128 1129 1129 1124 1124 1124 1124 1129 1129 1125 1125 1129 1129 1130 1130 1125 1125 1125 1125 1130 1130 1126 1126 1131 1131 1128 1128 1127 1127 1127 1127 1128 1128 1124 1124 1130 1130 1131 1131 1126 1126 1126 1126 1131 1131 1127 1127 1134 1134 1135 1135 1132 1132 1132 1132 1133 1133 1134 1134 1136 1136 1139 1139 1138 1138 1138 1138 1137 1137 1136 1136 1136 1136 1137 1137 1132 1132 1132 1132 1137 1137 1133 1133 1137 1137 1138 1138 1133 1133 1133 1133 1138 1138 1134 1134 1139 1139 1136 1136 1135 1135 1135 1135 1136 1136 1132 1132 1138 1138 1139 1139 1134 1134 1134 1134 1139 1139 1135 1135 1141 1141 1143 1143 1140 1140 1143 1143 1141 1141 1142 1142 1144 1144 1147 1147 1145 1145 1146 1146 1145 1145 1147 1147 1144 1144 1145 1145 1140 1140 1140 1140 1145 1145 1141 1141 1145 1145 1146 1146 1141 1141 1141 1141 1146 1146 1142 1142 1147 1147 1144 1144 1143 1143 1143 1143 1144 1144 1140 1140 1146 1146 1147 1147 1142 1142 1142 1142 1147 1147 1143 1143 1149 1149 1151 1151 1148 1148 1151 1151 1149 1149 1150 1150 1152 1152 1155 1155 1153 1153 1154 1154 1153 1153 1155 1155 1152 1152 1153 1153 1148 1148 1148 1148 1153 1153 1149 1149 1153 1153 1154 1154 1149 1149 1149 1149 1154 1154 1150 1150 1155 1155 1152 1152 1151 1151 1151 1151 1152 1152 1148 1148 1154 1154 1155 1155 1150 1150 1150 1150 1155 1155 1151 1151 1157 1157 1159 1159 1156 1156 1159 1159 1157 1157 1158 1158 1160 1160 1163 1163 1161 1161 1162 1162 1161 1161 1163 1163 1160 1160 1161 1161 1156 1156 1156 1156 1161 1161 1157 1157 1161 1161 1162 1162 1157 1157 1157 1157 1162 1162 1158 1158 1163 1163 1160 1160 1159 1159 1159 1159 1160 1160 1156 1156 1162 1162 1163 1163 1158 1158 1158 1158 1163 1163 1159 1159 1166 1166 1167 1167 1164 1164 1164 1164 1165 1165 1166 1166 1168 1168 1171 1171 1170 1170 1170 1170 1169 1169 1168 1168 1168 1168 1169 1169 1164 1164 1164 1164 1169 1169 1165 1165 1169 1169 1170 1170 1165 1165 1165 1165 1170 1170 1166 1166 1171 1171 1168 1168 1167 1167 1167 1167 1168 1168 1164 1164 1170 1170 1171 1171 1166 1166 1166 1166 1171 1171 1167 1167 1174 1174 1175 1175 1172 1172 1172 1172 1173 1173 1174 1174 1176 1176 1179 1179 1178 1178 1178 1178 1177 1177 1176 1176 1176 1176 1177 1177 1172 1172 1172 1172 1177 1177 1173 1173 1177 1177 1178 1178 1173 1173 1173 1173 1178 1178 1174 1174 1179 1179 1176 1176 1175 1175 1175 1175 1176 1176 1172 1172 1178 1178 1179 1179 1174 1174 1174 1174 1179 1179 1175 1175 1182 1182 1183 1183 1180 1180 1180 1180 1181 1181 1182 1182 1184 1184 1187 1187 1186 1186 1186 1186 1185 1185 1184 1184 1184 1184 1185 1185 1180 1180 1180 1180 1185 1185 1181 1181 1185 1185 1186 1186 1181 1181 1181 1181 1186 1186 1182 1182 1187 1187 1184 1184 1183 1183 1183 1183 1184 1184 1180 1180 1186 1186 1187 1187 1182 1182 1182 1182 1187 1187 1183 1183 1189 1189 1191 1191 1188 1188 1191 1191 1189 1189 1190 1190 1192 1192 1195 1195 1193 1193 1194 1194 1193 1193 1195 1195 1192 1192 1193 1193 1188 1188 1188 1188 1193 1193 1189 1189 1193 1193 1194 1194 1189 1189 1189 1189 1194 1194 1190 1190 1195 1195 1192 1192 1191 1191 1191 1191 1192 1192 1188 1188 1194 1194 1195 1195 1190 1190 1190 1190 1195 1195 1191 1191 1198 1198 1199 1199 1196 1196 1196 1196 1197 1197 1198 1198 1200 1200 1203 1203 1202 1202 1202 1202 1201 1201 1200 1200 1200 1200 1201 1201 1196 1196 1196 1196 1201 1201 1197 1197 1201 1201 1202 1202 1197 1197 1197 1197 1202 1202 1198 1198 1203 1203 1200 1200 1199 1199 1199 1199 1200 1200 1196 1196 1202 1202 1203 1203 1198 1198 1198 1198 1203 1203 1199 1199 1206 1206 1207 1207 1204 1204 1204 1204 1205 1205 1206 1206 1208 1208 1211 1211 1210 1210 1210 1210 1209 1209 1208 1208 1208 1208 1209 1209 1204 1204 1204 1204 1209 1209 1205 1205 1209 1209 1210 1210 1205 1205 1205 1205 1210 1210 1206 1206 1211 1211 1208 1208 1207 1207 1207 1207 1208 1208 1204 1204 1210 1210 1211 1211 1206 1206 1206 1206 1211 1211 1207 1207 1213 1213 1214 1214 1215 1215 1215 1215 1212 1212 1213 1213 1219 1219 1218 1218 1217 1217 1217 1217 1216 1216 1219 1219 1216 1216 1217 1217 1212 1212 1212 1212 1217 1217 1213 1213 1217 1217 1218 1218 1213 1213 1213 1213 1218 1218 1214 1214 1219 1219 1216 1216 1215 1215 1215 1215 1216 1216 1212 1212 1218 1218 1219 1219 1214 1214 1214 1214 1219 1219 1215 1215 1221 1221 1223 1223 1220 1220 1223 1223 1221 1221 1222 1222 1224 1224 1227 1227 1225 1225 1226 1226 1225 1225 1227 1227 1224 1224 1225 1225 1220 1220 1220 1220 1225 1225 1221 1221 1225 1225 1226 1226 1221 1221 1221 1221 1226 1226 1222 1222 1227 1227 1224 1224 1223 1223 1223 1223 1224 1224 1220 1220 1226 1226 1227 1227 1222 1222 1222 1222 1227 1227 1223 1223 1229 1229 1231 1231 1228 1228 1231 1231 1229 1229 1230 1230 1232 1232 1235 1235 1233 1233 1234 1234 1233 1233 1235 1235 1232 1232 1233 1233 1228 1228 1228 1228 1233 1233 1229 1229 1233 1233 1234 1234 1229 1229 1229 1229 1234 1234 1230 1230 1235 1235 1232 1232 1231 1231 1231 1231 1232 1232 1228 1228 1234 1234 1235 1235 1230 1230 1230 1230 1235 1235 1231 1231 1237 1237 1238 1238 1239 1239 1239 1239 1236 1236 1237 1237 1243 1243 1242 1242 1241 1241 1241 1241 1240 1240 1243 1243 1240 1240 1241 1241 1236 1236 1236 1236 1241 1241 1237 1237 1241 1241 1242 1242 1237 1237 1237 1237 1242 1242 1238 1238 1243 1243 1240 1240 1239 1239 1239 1239 1240 1240 1236 1236 1242 1242 1243 1243 1238 1238 1238 1238 1243 1243 1239 1239 1246 1246 1247 1247 1244 1244 1244 1244 1245 1245 1246 1246 1248 1248 1251 1251 1250 1250 1250 1250 1249 1249 1248 1248 1248 1248 1249 1249 1244 1244 1244 1244 1249 1249 1245 1245 1249 1249 1250 1250 1245 1245 1245 1245 1250 1250 1246 1246 1251 1251 1248 1248 1247 1247 1247 1247 1248 1248 1244 1244 1250 1250 1251 1251 1246 1246 1246 1246 1251 1251 1247 1247 1254 1254 1255 1255 1252 1252 1252 1252 1253 1253 1254 1254 1256 1256 1259 1259 1258 1258 1258 1258 1257 1257 1256 1256 1256 1256 1257 1257 1252 1252 1252 1252 1257 1257 1253 1253 1257 1257 1258 1258 1253 1253 1253 1253 1258 1258 1254 1254 1259 1259 1256 1256 1255 1255 1255 1255 1256 1256 1252 1252 1258 1258 1259 1259 1254 1254 1254 1254 1259 1259 1255 1255 1262 1262 1263 1263 1260 1260 1260 1260 1261 1261 1262 1262 1264 1264 1267 1267 1266 1266 1266 1266 1265 1265 1264 1264 1264 1264 1265 1265 1260 1260 1260 1260 1265 1265 1261 1261 1265 1265 1266 1266 1261 1261 1261 1261 1266 1266 1262 1262 1267 1267 1264 1264 1263 1263 1263 1263 1264 1264 1260 1260 1266 1266 1267 1267 1262 1262 1262 1262 1267 1267 1263 1263 1268 1268 1270 1270 1271 1271 1270 1270 1268 1268 1269 1269 1275 1275 1274 1274 1272 1272 1273 1273 1272 1272 1274 1274 1272 1272 1273 1273 1268 1268 1268 1268 1273 1273 1269 1269 1273 1273 1274 1274 1269 1269 1269 1269 1274 1274 1270 1270 1275 1275 1272 1272 1271 1271 1271 1271 1272 1272 1268 1268 1274 1274 1275 1275 1270 1270 1270 1270 1275 1275 1271 1271 1277 1277 1278 1278 1279 1279 1279 1279 1276 1276 1277 1277 1283 1283 1282 1282 1281 1281 1281 1281 1280 1280 1283 1283 1280 1280 1281 1281 1276 1276 1276 1276 1281 1281 1277 1277 1281 1281 1282 1282 1277 1277 1277 1277 1282 1282 1278 1278 1283 1283 1280 1280 1279 1279 1279 1279 1280 1280 1276 1276 1282 1282 1283 1283 1278 1278 1278 1278 1283 1283 1279 1279 1285 1285 1287 1287 1284 1284 1287 1287 1285 1285 1286 1286 1288 1288 1291 1291 1289 1289 1290 1290 1289 1289 1291 1291 1288 1288 1289 1289 1284 1284 1284 1284 1289 1289 1285 1285 1289 1289 1290 1290 1285 1285 1285 1285 1290 1290 1286 1286 1291 1291 1288 1288 1287 1287 1287 1287 1288 1288 1284 1284 1290 1290 1291 1291 1286 1286 1286 1286 1291 1291 1287 1287 1292 1292 1294 1294 1295 1295 1294 1294 1292 1292 1293 1293 1299 1299 1298 1298 1296 1296 1297 1297 1296 1296 1298 1298 1296 1296 1297 1297 1292 1292 1292 1292 1297 1297 1293 1293 1297 1297 1298 1298 1293 1293 1293 1293 1298 1298 1294 1294 1299 1299 1296 1296 1295 1295 1295 1295 1296 1296 1292 1292 1298 1298 1299 1299 1294 1294 1294 1294 1299 1299 1295 1295 1301 1301 1303 1303 1300 1300 1303 1303 1301 1301 1302 1302 1304 1304 1307 1307 1305 1305 1306 1306 1305 1305 1307 1307 1304 1304 1305 1305 1300 1300 1300 1300 1305 1305 1301 1301 1305 1305 1306 1306 1301 1301 1301 1301 1306 1306 1302 1302 1307 1307 1304 1304 1303 1303 1303 1303 1304 1304 1300 1300 1306 1306 1307 1307 1302 1302 1302 1302 1307 1307 1303 1303 1308 1308 1310 1310 1311 1311 1310 1310 1308 1308 1309 1309 1315 1315 1314 1314 1312 1312 1313 1313 1312 1312 1314 1314 1312 1312 1313 1313 1308 1308 1308 1308 1313 1313 1309 1309 1313 1313 1314 1314 1309 1309 1309 1309 1314 1314 1310 1310 1315 1315 1312 1312 1311 1311 1311 1311 1312 1312 1308 1308 1314 1314 1315 1315 1310 1310 1310 1310 1315 1315 1311 1311 1317 1317 1319 1319 1316 1316 1319 1319 1317 1317 1318 1318 1320 1320 1323 1323 1321 1321 1322 1322 1321 1321 1323 1323 1320 1320 1321 1321 1316 1316 1316 1316 1321 1321 1317 1317 1321 1321 1322 1322 1317 1317 1317 1317 1322 1322 1318 1318 1323 1323 1320 1320 1319 1319 1319 1319 1320 1320 1316 1316 1322 1322 1323 1323 1318 1318 1318 1318 1323 1323 1319 1319 1324 1324 1326 1326 1327 1327 1326 1326 1324 1324 1325 1325 1331 1331 1330 1330 1328 1328 1329 1329 1328 1328 1330 1330 1328 1328 1329 1329 1324 1324 1324 1324 1329 1329 1325 1325 1329 1329 1330 1330 1325 1325 1325 1325 1330 1330 1326 1326 1331 1331 1328 1328 1327 1327 1327 1327 1328 1328 1324 1324 1330 1330 1331 1331 1326 1326 1326 1326 1331 1331 1327 1327 1333 1333 1335 1335 1332 1332 1335 1335 1333 1333 1334 1334 1336 1336 1339 1339 1337 1337 1338 1338 1337 1337 1339 1339 1336 1336 1337 1337 1332 1332 1332 1332 1337 1337 1333 1333 1337 1337 1338 1338 1333 1333 1333 1333 1338 1338 1334 1334 1339 1339 1336 1336 1335 1335 1335 1335 1336 1336 1332 1332 1338 1338 1339 1339 1334 1334 1334 1334 1339 1339 1335 1335 1342 1342 1343 1343 1340 1340 1340 1340 1341 1341 1342 1342 1344 1344 1347 1347 1346 1346 1346 1346 1345 1345 1344 1344 1344 1344 1345 1345 1340 1340 1340 1340 1345 1345 1341 1341 1345 1345 1346 1346 1341 1341 1341 1341 1346 1346 1342 1342 1347 1347 1344 1344 1343 1343 1343 1343 1344 1344 1340 1340 1346 1346 1347 1347 1342 1342 1342 1342 1347 1347 1343 1343 1348 1348 1350 1350 1351 1351 1350 1350 1348 1348 1349 1349 1355 1355 1354 1354 1352 1352 1353 1353 1352 1352 1354 1354 1352 1352 1353 1353 1348 1348 1348 1348 1353 1353 1349 1349 1353 1353 1354 1354 1349 1349 1349 1349 1354 1354 1350 1350 1355 1355 1352 1352 1351 1351 1351 1351 1352 1352 1348 1348 1354 1354 1355 1355 1350 1350 1350 1350 1355 1355 1351 1351 1357 1357 1359 1359 1356 1356 1359 1359 1357 1357 1358 1358 1360 1360 1363 1363 1361 1361 1362 1362 1361 1361 1363 1363 1360 1360 1361 1361 1356 1356 1356 1356 1361 1361 1357 1357 1361 1361 1362 1362 1357 1357 1357 1357 1362 1362 1358 1358 1363 1363 1360 1360 1359 1359 1359 1359 1360 1360 1356 1356 1362 1362 1363 1363 1358 1358 1358 1358 1363 1363 1359 1359 1365 1365 1367 1367 1364 1364 1367 1367 1365 1365 1366 1366 1368 1368 1371 1371 1369 1369 1370 1370 1369 1369 1371 1371 1368 1368 1369 1369 1364 1364 1364 1364 1369 1369 1365 1365 1369 1369 1370 1370 1365 1365 1365 1365 1370 1370 1366 1366 1371 1371 1368 1368 1367 1367 1367 1367 1368 1368 1364 1364 1370 1370 1371 1371 1366 1366 1366 1366 1371 1371 1367 1367 1374 1374 1375 1375 1372 1372 1372 1372 1373 1373 1374 1374 1376 1376 1379 1379 1378 1378 1378 1378 1377 1377 1376 1376 1376 1376 1377 1377 1372 1372 1372 1372 1377 1377 1373 1373 1377 1377 1378 1378 1373 1373 1373 1373 1378 1378 1374 1374 1379 1379 1376 1376 1375 1375 1375 1375 1376 1376 1372 1372 1378 1378 1379 1379 1374 1374 1374 1374 1379 1379 1375 1375 1380 1380 1382 1382 1383 1383 1382 1382 1380 1380 1381 1381 1387 1387 1386 1386 1384 1384 1385 1385 1384 1384 1386 1386 1384 1384 1385 1385 1380 1380 1380 1380 1385 1385 1381 1381 1385 1385 1386 1386 1381 1381 1381 1381 1386 1386 1382 1382 1387 1387 1384 1384 1383 1383 1383 1383 1384 1384 1380 1380 1386 1386 1387 1387 1382 1382 1382 1382 1387 1387 1383 1383 1388 1388 1390 1390 1391 1391 1390 1390 1388 1388 1389 1389 1395 1395 1394 1394 1392 1392 1393 1393 1392 1392 1394 1394 1392 1392 1393 1393 1388 1388 1388 1388 1393 1393 1389 1389 1393 1393 1394 1394 1389 1389 1389 1389 1394 1394 1390 1390 1395 1395 1392 1392 1391 1391 1391 1391 1392 1392 1388 1388 1394 1394 1395 1395 1390 1390 1390 1390 1395 1395 1391 1391 1397 1397 1399 1399 1396 1396 1399 1399 1397 1397 1398 1398 1400 1400 1403 1403 1401 1401 1402 1402 1401 1401 1403 1403 1400 1400 1401 1401 1396 1396 1396 1396 1401 1401 1397 1397 1401 1401 1402 1402 1397 1397 1397 1397 1402 1402 1398 1398 1403 1403 1400 1400 1399 1399 1399 1399 1400 1400 1396 1396 1402 1402 1403 1403 1398 1398 1398 1398 1403 1403 1399 1399 1406 1406 1407 1407 1404 1404 1404 1404 1405 1405 1406 1406 1408 1408 1411 1411 1410 1410 1410 1410 1409 1409 1408 1408 1408 1408 1409 1409 1404 1404 1404 1404 1409 1409 1405 1405 1409 1409 1410 1410 1405 1405 1405 1405 1410 1410 1406 1406 1411 1411 1408 1408 1407 1407 1407 1407 1408 1408 1404 1404 1410 1410 1411 1411 1406 1406 1406 1406 1411 1411 1407 1407 1414 1414 1415 1415 1412 1412 1412 1412 1413 1413 1414 1414 1416 1416 1419 1419 1418 1418 1418 1418 1417 1417 1416 1416 1416 1416 1417 1417 1412 1412 1412 1412 1417 1417 1413 1413 1417 1417 1418 1418 1413 1413 1413 1413 1418 1418 1414 1414 1419 1419 1416 1416 1415 1415 1415 1415 1416 1416 1412 1412 1418 1418 1419 1419 1414 1414 1414 1414 1419 1419 1415 1415 1420 1420 1422 1422 1423 1423 1422 1422 1420 1420 1421 1421 1427 1427 1426 1426 1424 1424 1425 1425 1424 1424 1426 1426 1424 1424 1425 1425 1420 1420 1420 1420 1425 1425 1421 1421 1425 1425 1426 1426 1421 1421 1421 1421 1426 1426 1422 1422 1427 1427 1424 1424 1423 1423 1423 1423 1424 1424 1420 1420 1426 1426 1427 1427 1422 1422 1422 1422 1427 1427 1423 1423 1430 1430 1431 1431 1428 1428 1428 1428 1429 1429 1430 1430 1432 1432 1435 1435 1434 1434 1434 1434 1433 1433 1432 1432 1432 1432 1433 1433 1428 1428 1428 1428 1433 1433 1429 1429 1433 1433 1434 1434 1429 1429 1429 1429 1434 1434 1430 1430 1435 1435 1432 1432 1431 1431 1431 1431 1432 1432 1428 1428 1434 1434 1435 1435 1430 1430 1430 1430 1435 1435 1431 1431 1438 1438 1439 1439 1436 1436 1436 1436 1437 1437 1438 1438 1440 1440 1443 1443 1442 1442 1442 1442 1441 1441 1440 1440 1440 1440 1441 1441 1436 1436 1436 1436 1441 1441 1437 1437 1441 1441 1442 1442 1437 1437 1437 1437 1442 1442 1438 1438 1443 1443 1440 1440 1439 1439 1439 1439 1440 1440 1436 1436 1442 1442 1443 1443 1438 1438 1438 1438 1443 1443 1439 1439 1445 1445 1447 1447 1444 1444 1447 1447 1445 1445 1446 1446 1448 1448 1451 1451 1449 1449 1450 1450 1449 1449 1451 1451 1448 1448 1449 1449 1444 1444 1444 1444 1449 1449 1445 1445 1449 1449 1450 1450 1445 1445 1445 1445 1450 1450 1446 1446 1451 1451 1448 1448 1447 1447 1447 1447 1448 1448 1444 1444 1450 1450 1451 1451 1446 1446 1446 1446 1451 1451 1447 1447 1454 1454 1455 1455 1452 1452 1452 1452 1453 1453 1454 1454 1456 1456 1459 1459 1458 1458 1458 1458 1457 1457 1456 1456 1456 1456 1457 1457 1452 1452 1452 1452 1457 1457 1453 1453 1457 1457 1458 1458 1453 1453 1453 1453 1458 1458 1454 1454 1459 1459 1456 1456 1455 1455 1455 1455 1456 1456 1452 1452 1458 1458 1459 1459 1454 1454 1454 1454 1459 1459 1455 1455 1462 1462 1463 1463 1460 1460 1460 1460 1461 1461 1462 1462 1464 1464 1467 1467 1466 1466 1466 1466 1465 1465 1464 1464 1464 1464 1465 1465 1460 1460 1460 1460 1465 1465 1461 1461 1465 1465 1466 1466 1461 1461 1461 1461 1466 1466 1462 1462 1467 1467 1464 1464 1463 1463 1463 1463 1464 1464 1460 1460 1466 1466 1467 1467 1462 1462 1462 1462 1467 1467 1463 1463 1468 1468 1470 1470 1471 1471 1470 1470 1468 1468 1469 1469 1475 1475 1474 1474 1472 1472 1473 1473 1472 1472 1474 1474 1472 1472 1473 1473 1468 1468 1468 1468 1473 1473 1469 1469 1473 1473 1474 1474 1469 1469 1469 1469 1474 1474 1470 1470 1475 1475 1472 1472 1471 1471 1471 1471 1472 1472 1468 1468 1474 1474 1475 1475 1470 1470 1470 1470 1475 1475 1471 1471 1476 1476 1478 1478 1479 1479 1478 1478 1476 1476 1477 1477 1483 1483 1482 1482 1480 1480 1481 1481 1480 1480 1482 1482 1480 1480 1481 1481 1476 1476 1476 1476 1481 1481 1477 1477 1481 1481 1482 1482 1477 1477 1477 1477 1482 1482 1478 1478 1483 1483 1480 1480 1479 1479 1479 1479 1480 1480 1476 1476 1482 1482 1483 1483 1478 1478 1478 1478 1483 1483 1479 1479 1486 1486 1487 1487 1484 1484 1484 1484 1485 1485 1486 1486 1488 1488 1491 1491 1490 1490 1490 1490 1489 1489 1488 1488 1488 1488 1489 1489 1484 1484 1484 1484 1489 1489 1485 1485 1489 1489 1490 1490 1485 1485 1485 1485 1490 1490 1486 1486 1491 1491 1488 1488 1487 1487 1487 1487 1488 1488 1484 1484 1490 1490 1491 1491 1486 1486 1486 1486 1491 1491 1487 1487 1494 1494 1495 1495 1492 1492 1492 1492 1493 1493 1494 1494 1496 1496 1499 1499 1498 1498 1498 1498 1497 1497 1496 1496 1496 1496 1497 1497 1492 1492 1492 1492 1497 1497 1493 1493 1497 1497 1498 1498 1493 1493 1493 1493 1498 1498 1494 1494 1499 1499 1496 1496 1495 1495 1495 1495 1496 1496 1492 1492 1498 1498 1499 1499 1494 1494 1494 1494 1499 1499 1495 1495 1501 1501 1503 1503 1500 1500 1503 1503 1501 1501 1502 1502 1504 1504 1507 1507 1505 1505 1506 1506 1505 1505 1507 1507 1504 1504 1505 1505 1500 1500 1500 1500 1505 1505 1501 1501 1505 1505 1506 1506 1501 1501 1501 1501 1506 1506 1502 1502 1507 1507 1504 1504 1503 1503 1503 1503 1504 1504 1500 1500 1506 1506 1507 1507 1502 1502 1502 1502 1507 1507 1503 1503 1512 1512 1513 1513 1514 1514 1508 1508 1512 1512 1515 1515 1514 1514 1515 1515 1512 1512 1512 1512 1508 1508 1510 1510 1510 1510 1508 1508 1509 1509 1511 1511 1512 1512 1510 1510 1522 1522 1521 1521 1520 1520 1523 1523 1520 1520 1516 1516 1520 1520 1523 1523 1522 1522 1518 1518 1516 1516 1520 1520 1517 1517 1516 1516 1518 1518 1518 1518 1520 1520 1519 1519 1516 1516 1517 1517 1508 1508 1508 1508 1517 1517 1509 1509 1517 1517 1518 1518 1509 1509 1509 1509 1518 1518 1510 1510 1518 1518 1519 1519 1510 1510 1510 1510 1519 1519 1511 1511 1519 1519 1520 1520 1511 1511 1511 1511 1520 1520 1512 1512 1520 1520 1521 1521 1512 1512 1512 1512 1521 1521 1513 1513 1521 1521 1522 1522 1513 1513 1513 1513 1522 1522 1514 1514 1523 1523 1516 1516 1515 1515 1515 1515 1516 1516 1508 1508 1522 1522 1523 1523 1514 1514 1514 1514 1523 1523 1515 1515 1528 1528 1529 1529 1527 1527 1526 1526 1527 1527 1529 1529 1529 1529 1524 1524 1525 1525 1526 1526 1529 1529 1525 1525 1533 1533 1535 1535 1534 1534 1535 1535 1533 1533 1532 1532 1531 1531 1530 1530 1535 1535 1531 1531 1535 1535 1532 1532 1530 1530 1531 1531 1524 1524 1524 1524 1531 1531 1525 1525 1531 1531 1532 1532 1525 1525 1525 1525 1532 1532 1526 1526 1532 1532 1533 1533 1526 1526 1526 1526 1533 1533 1527 1527 1533 1533 1534 1534 1527 1527 1527 1527 1534 1534 1528 1528 1535 1535 1530 1530 1529 1529 1529 1529 1530 1530 1524 1524 1534 1534 1535 1535 1528 1528 1528 1528 1535 1535 1529 1529 1538 1538 1539 1539 1540 1540 1536 1536 1540 1540 1541 1541 1536 1536 1537 1537 1540 1540 1538 1538 1540 1540 1537 1537 1546 1546 1545 1545 1544 1544 1547 1547 1546 1546 1542 1542 1546 1546 1543 1543 1542 1542 1543 1543 1546 1546 1544 1544 1542 1542 1543 1543 1536 1536 1536 1536 1543 1543 1537 1537 1543 1543 1544 1544 1537 1537 1537 1537 1544 1544 1538 1538 1544 1544 1545 1545 1538 1538 1538 1538 1545 1545 1539 1539 1545 1545 1546 1546 1539 1539 1539 1539 1546 1546 1540 1540 1547 1547 1542 1542 1541 1541 1541 1541 1542 1542 1536 1536 1546 1546 1547 1547 1540 1540 1540 1540 1547 1547 1541 1541 1550 1550 1551 1551 1552 1552 1548 1548 1552 1552 1553 1553 1552 1552 1548 1548 1549 1549 1550 1550 1552 1552 1549 1549 1558 1558 1557 1557 1556 1556 1559 1559 1558 1558 1554 1554 1555 1555 1554 1554 1558 1558 1555 1555 1558 1558 1556 1556 1554 1554 1555 1555 1548 1548 1548 1548 1555 1555 1549 1549 1555 1555 1556 1556 1549 1549 1549 1549 1556 1556 1550 1550 1556 1556 1557 1557 1550 1550 1550 1550 1557 1557 1551 1551 1557 1557 1558 1558 1551 1551 1551 1551 1558 1558 1552 1552 1559 1559 1554 1554 1553 1553 1553 1553 1554 1554 1548 1548 1558 1558 1559 1559 1552 1552 1552 1552 1559 1559 1553 1553 1562 1562 1563 1563 1564 1564 1560 1560 1564 1564 1565 1565 1560 1560 1561 1561 1564 1564 1562 1562 1564 1564 1561 1561 1570 1570 1569 1569 1568 1568 1571 1571 1570 1570 1566 1566 1570 1570 1567 1567 1566 1566 1567 1567 1570 1570 1568 1568 1566 1566 1567 1567 1560 1560 1560 1560 1567 1567 1561 1561 1567 1567 1568 1568 1561 1561 1561 1561 1568 1568 1562 1562 1568 1568 1569 1569 1562 1562 1562 1562 1569 1569 1563 1563 1569 1569 1570 1570 1563 1563 1563 1563 1570 1570 1564 1564 1571 1571 1566 1566 1565 1565 1565 1565 1566 1566 1560 1560 1570 1570 1571 1571 1564 1564 1564 1564 1571 1571 1565 1565 1575 1575 1577 1577 1572 1572 1576 1576 1577 1577 1575 1575 1573 1573 1574 1574 1575 1575 1572 1572 1573 1573 1575 1575 1578 1578 1583 1583 1581 1581 1581 1581 1583 1583 1582 1582 1581 1581 1580 1580 1579 1579 1581 1581 1579 1579 1578 1578 1578 1578 1579 1579 1572 1572 1572 1572 1579 1579 1573 1573 1579 1579 1580 1580 1573 1573 1573 1573 1580 1580 1574 1574 1580 1580 1581 1581 1574 1574 1574 1574 1581 1581 1575 1575 1581 1581 1582 1582 1575 1575 1575 1575 1582 1582 1576 1576 1583 1583 1578 1578 1577 1577 1577 1577 1578 1578 1572 1572 1582 1582 1583 1583 1576 1576 1576 1576 1583 1583 1577 1577 1584 1584 1585 1585 1589 1589 1588 1588 1589 1589 1585 1585 1585 1585 1586 1586 1587 1587 1588 1588 1585 1585 1587 1587 1595 1595 1591 1591 1590 1590 1591 1591 1595 1595 1594 1594 1593 1593 1592 1592 1591 1591 1593 1593 1591 1591 1594 1594 1590 1590 1591 1591 1584 1584 1584 1584 1591 1591 1585 1585 1591 1591 1592 1592 1585 1585 1585 1585 1592 1592 1586 1586 1592 1592 1593 1593 1586 1586 1586 1586 1593 1593 1587 1587 1593 1593 1594 1594 1587 1587 1587 1587 1594 1594 1588 1588 1595 1595 1590 1590 1589 1589 1589 1589 1590 1590 1584 1584 1594 1594 1595 1595 1588 1588 1588 1588 1595 1595 1589 1589 1599 1599 1600 1600 1601 1601 1596 1596 1597 1597 1599 1599 1598 1598 1599 1599 1597 1597 1601 1601 1596 1596 1599 1599 1607 1607 1606 1606 1605 1605 1605 1605 1603 1603 1602 1602 1603 1603 1605 1605 1604 1604 1605 1605 1602 1602 1607 1607 1602 1602 1603 1603 1596 1596 1596 1596 1603 1603 1597 1597 1603 1603 1604 1604 1597 1597 1597 1597 1604 1604 1598 1598 1604 1604 1605 1605 1598 1598 1598 1598 1605 1605 1599 1599 1605 1605 1606 1606 1599 1599 1599 1599 1606 1606 1600 1600 1607 1607 1602 1602 1601 1601 1601 1601 1602 1602 1596 1596 1606 1606 1607 1607 1600 1600 1600 1600 1607 1607 1601 1601 1611 1611 1612 1612 1610 1610 1609 1609 1610 1610 1612 1612 1613 1613 1608 1608 1612 1612 1609 1609 1612 1612 1608 1608 1616 1616 1618 1618 1617 1617 1618 1618 1616 1616 1615 1615 1618 1618 1614 1614 1619 1619 1614 1614 1618 1618 1615 1615 1614 1614 1615 1615 1608 1608 1608 1608 1615 1615 1609 1609 1615 1615 1616 1616 1609 1609 1609 1609 1616 1616 1610 1610 1616 1616 1617 1617 1610 1610 1610 1610 1617 1617 1611 1611 1617 1617 1618 1618 1611 1611 1611 1611 1618 1618 1612 1612 1619 1619 1614 1614 1613 1613 1613 1613 1614 1614 1608 1608 1618 1618 1619 1619 1612 1612 1612 1612 1619 1619 1613 1613 1624 1624 1625 1625 1620 1620 1621 1621 1622 1622 1624 1624 1623 1623 1624 1624 1622 1622 1620 1620 1621 1621 1624 1624 1626 1626 1631 1631 1630 1630 1630 1630 1628 1628 1627 1627 1628 1628 1630 1630 1629 1629 1630 1630 1627 1627 1626 1626 1626 1626 1627 1627 1620 1620 1620 1620 1627 1627 1621 1621 1627 1627 1628 1628 1621 1621 1621 1621 1628 1628 1622 1622 1628 1628 1629 1629 1622 1622 1622 1622 1629 1629 1623 1623 1629 1629 1630 1630 1623 1623 1623 1623 1630 1630 1624 1624 1631 1631 1626 1626 1625 1625 1625 1625 1626 1626 1620 1620 1630 1630 1631 1631 1624 1624 1624 1624 1631 1631 1625 1625 1636 1636 1634 1634 1635 1635 1633 1633 1634 1634 1636 1636 1637 1637 1632 1632 1636 1636 1633 1633 1636 1636 1632 1632 1641 1641 1640 1640 1642 1642 1642 1642 1640 1640 1639 1639 1642 1642 1638 1638 1643 1643 1638 1638 1642 1642 1639 1639 1638 1638 1639 1639 1632 1632 1632 1632 1639 1639 1633 1633 1639 1639 1640 1640 1633 1633 1633 1633 1640 1640 1634 1634 1640 1640 1641 1641 1634 1634 1634 1634 1641 1641 1635 1635 1641 1641 1642 1642 1635 1635 1635 1635 1642 1642 1636 1636 1643 1643 1638 1638 1637 1637 1637 1637 1638 1638 1632 1632 1642 1642 1643 1643 1636 1636 1636 1636 1643 1643 1637 1637 1646 1646 1649 1649 1644 1644 1648 1648 1649 1649 1646 1646 1648 1648 1646 1646 1647 1647 1644 1644 1645 1645 1646 1646 1650 1650 1655 1655 1652 1652 1652 1652 1655 1655 1654 1654 1653 1653 1652 1652 1654 1654 1652 1652 1651 1651 1650 1650 1650 1650 1651 1651 1644 1644 1644 1644 1651 1651 1645 1645 1651 1651 1652 1652 1645 1645 1645 1645 1652 1652 1646 1646 1652 1652 1653 1653 1646 1646 1646 1646 1653 1653 1647 1647 1653 1653 1654 1654 1647 1647 1647 1647 1654 1654 1648 1648 1655 1655 1650 1650 1649 1649 1649 1649 1650 1650 1644 1644 1654 1654 1655 1655 1648 1648 1648 1648 1655 1655 1649 1649 1658 1658 1661 1661 1656 1656 1660 1660 1661 1661 1658 1658 1660 1660 1658 1658 1659 1659 1656 1656 1657 1657 1658 1658 1662 1662 1667 1667 1664 1664 1664 1664 1667 1667 1666 1666 1665 1665 1664 1664 1666 1666 1664 1664 1663 1663 1662 1662 1662 1662 1663 1663 1656 1656 1656 1656 1663 1663 1657 1657 1663 1663 1664 1664 1657 1657 1657 1657 1664 1664 1658 1658 1664 1664 1665 1665 1658 1658 1658 1658 1665 1665 1659 1659 1665 1665 1666 1666 1659 1659 1659 1659 1666 1666 1660 1660 1667 1667 1662 1662 1661 1661 1661 1661 1662 1662 1656 1656 1666 1666 1667 1667 1660 1660 1660 1660 1667 1667 1661 1661 1670 1670 1673 1673 1668 1668 1672 1672 1673 1673 1670 1670 1672 1672 1670 1670 1671 1671 1668 1668 1669 1669 1670 1670 1674 1674 1679 1679 1676 1676 1676 1676 1679 1679 1678 1678 1677 1677 1676 1676 1678 1678 1676 1676 1675 1675 1674 1674 1674 1674 1675 1675 1668 1668 1668 1668 1675 1675 1669 1669 1675 1675 1676 1676 1669 1669 1669 1669 1676 1676 1670 1670 1676 1676 1677 1677 1670 1670 1670 1670 1677 1677 1671 1671 1677 1677 1678 1678 1671 1671 1671 1671 1678 1678 1672 1672 1679 1679 1674 1674 1673 1673 1673 1673 1674 1674 1668 1668 1678 1678 1679 1679 1672 1672 1672 1672 1679 1679 1673 1673 1682 1682 1685 1685 1680 1680 1684 1684 1685 1685 1682 1682 1684 1684 1682 1682 1683 1683 1680 1680 1681 1681 1682 1682 1686 1686 1691 1691 1688 1688 1688 1688 1691 1691 1690 1690 1689 1689 1688 1688 1690 1690 1688 1688 1687 1687 1686 1686 1686 1686 1687 1687 1680 1680 1680 1680 1687 1687 1681 1681 1687 1687 1688 1688 1681 1681 1681 1681 1688 1688 1682 1682 1688 1688 1689 1689 1682 1682 1682 1682 1689 1689 1683 1683 1689 1689 1690 1690 1683 1683 1683 1683 1690 1690 1684 1684 1691 1691 1686 1686 1685 1685 1685 1685 1686 1686 1680 1680 1690 1690 1691 1691 1684 1684 1684 1684 1691 1691 1685 1685 1696 1696 1697 1697 1695 1695 1694 1694 1695 1695 1697 1697 1692 1692 1693 1693 1697 1697 1694 1694 1697 1697 1693 1693 1701 1701 1703 1703 1702 1702 1703 1703 1701 1701 1700 1700 1703 1703 1699 1699 1698 1698 1699 1699 1703 1703 1700 1700 1698 1698 1699 1699 1692 1692 1692 1692 1699 1699 1693 1693 1699 1699 1700 1700 1693 1693 1693 1693 1700 1700 1694 1694 1700 1700 1701 1701 1694 1694 1694 1694 1701 1701 1695 1695 1701 1701 1702 1702 1695 1695 1695 1695 1702 1702 1696 1696 1703 1703 1698 1698 1697 1697 1697 1697 1698 1698 1692 1692 1702 1702 1703 1703 1696 1696 1696 1696 1703 1703 1697 1697 1707 1707 1709 1709 1704 1704 1708 1708 1709 1709 1707 1707 1705 1705 1706 1706 1707 1707 1704 1704 1705 1705 1707 1707 1710 1710 1715 1715 1713 1713 1713 1713 1715 1715 1714 1714 1713 1713 1712 1712 1711 1711 1713 1713 1711 1711 1710 1710 1710 1710 1711 1711 1704 1704 1704 1704 1711 1711 1705 1705 1711 1711 1712 1712 1705 1705 1705 1705 1712 1712 1706 1706 1712 1712 1713 1713 1706 1706 1706 1706 1713 1713 1707 1707 1713 1713 1714 1714 1707 1707 1707 1707 1714 1714 1708 1708 1715 1715 1710 1710 1709 1709 1709 1709 1710 1710 1704 1704 1714 1714 1715 1715 1708 1708 1708 1708 1715 1715 1709 1709 1718 1718 1720 1720 1721 1721 1719 1719 1720 1720 1718 1718 1716 1716 1717 1717 1718 1718 1721 1721 1716 1716 1718 1718 1727 1727 1726 1726 1724 1724 1724 1724 1726 1726 1725 1725 1724 1724 1723 1723 1722 1722 1724 1724 1722 1722 1727 1727 1722 1722 1723 1723 1716 1716 1716 1716 1723 1723 1717 1717 1723 1723 1724 1724 1717 1717 1717 1717 1724 1724 1718 1718 1724 1724 1725 1725 1718 1718 1718 1718 1725 1725 1719 1719 1725 1725 1726 1726 1719 1719 1719 1719 1726 1726 1720 1720 1727 1727 1722 1722 1721 1721 1721 1721 1722 1722 1716 1716 1726 1726 1727 1727 1720 1720 1720 1720 1727 1727 1721 1721 1730 1730 1731 1731 1732 1732 1728 1728 1732 1732 1733 1733 1728 1728 1729 1729 1732 1732 1730 1730 1732 1732 1729 1729 1738 1738 1737 1737 1736 1736 1739 1739 1738 1738 1734 1734 1738 1738 1735 1735 1734 1734 1735 1735 1738 1738 1736 1736 1734 1734 1735 1735 1728 1728 1728 1728 1735 1735 1729 1729 1735 1735 1736 1736 1729 1729 1729 1729 1736 1736 1730 1730 1736 1736 1737 1737 1730 1730 1730 1730 1737 1737 1731 1731 1737 1737 1738 1738 1731 1731 1731 1731 1738 1738 1732 1732 1739 1739 1734 1734 1733 1733 1733 1733 1734 1734 1728 1728 1738 1738 1739 1739 1732 1732 1732 1732 1739 1739 1733 1733 1743 1743 1745 1745 1740 1740 1744 1744 1745 1745 1743 1743 1741 1741 1742 1742 1743 1743 1740 1740 1741 1741 1743 1743 1746 1746 1751 1751 1749 1749 1749 1749 1751 1751 1750 1750 1749 1749 1748 1748 1747 1747 1749 1749 1747 1747 1746 1746 1746 1746 1747 1747 1740 1740 1740 1740 1747 1747 1741 1741 1747 1747 1748 1748 1741 1741 1741 1741 1748 1748 1742 1742 1748 1748 1749 1749 1742 1742 1742 1742 1749 1749 1743 1743 1749 1749 1750 1750 1743 1743 1743 1743 1750 1750 1744 1744 1751 1751 1746 1746 1745 1745 1745 1745 1746 1746 1740 1740 1750 1750 1751 1751 1744 1744 1744 1744 1751 1751 1745 1745 1756 1756 1757 1757 1752 1752 1753 1753 1754 1754 1756 1756 1755 1755 1756 1756 1754 1754 1752 1752 1753 1753 1756 1756 1758 1758 1763 1763 1762 1762 1762 1762 1760 1760 1759 1759 1760 1760 1762 1762 1761 1761 1762 1762 1759 1759 1758 1758 1758 1758 1759 1759 1752 1752 1752 1752 1759 1759 1753 1753 1759 1759 1760 1760 1753 1753 1753 1753 1760 1760 1754 1754 1760 1760 1761 1761 1754 1754 1754 1754 1761 1761 1755 1755 1761 1761 1762 1762 1755 1755 1755 1755 1762 1762 1756 1756 1763 1763 1758 1758 1757 1757 1757 1757 1758 1758 1752 1752 1762 1762 1763 1763 1756 1756 1756 1756 1763 1763 1757 1757 1768 1768 1769 1769 1764 1764 1765 1765 1766 1766 1768 1768 1767 1767 1768 1768 1766 1766 1764 1764 1765 1765 1768 1768 1770 1770 1775 1775 1774 1774 1774 1774 1772 1772 1771 1771 1772 1772 1774 1774 1773 1773 1774 1774 1771 1771 1770 1770 1770 1770 1771 1771 1764 1764 1764 1764 1771 1771 1765 1765 1771 1771 1772 1772 1765 1765 1765 1765 1772 1772 1766 1766 1772 1772 1773 1773 1766 1766 1766 1766 1773 1773 1767 1767 1773 1773 1774 1774 1767 1767 1767 1767 1774 1774 1768 1768 1775 1775 1770 1770 1769 1769 1769 1769 1770 1770 1764 1764 1774 1774 1775 1775 1768 1768 1768 1768 1775 1775 1769 1769 1779 1779 1781 1781 1776 1776 1780 1780 1781 1781 1779 1779 1777 1777 1778 1778 1779 1779 1776 1776 1777 1777 1779 1779 1782 1782 1787 1787 1785 1785 1785 1785 1787 1787 1786 1786 1785 1785 1784 1784 1783 1783 1785 1785 1783 1783 1782 1782 1782 1782 1783 1783 1776 1776 1776 1776 1783 1783 1777 1777 1783 1783 1784 1784 1777 1777 1777 1777 1784 1784 1778 1778 1784 1784 1785 1785 1778 1778 1778 1778 1785 1785 1779 1779 1785 1785 1786 1786 1779 1779 1779 1779 1786 1786 1780 1780 1787 1787 1782 1782 1781 1781 1781 1781 1782 1782 1776 1776 1786 1786 1787 1787 1780 1780 1780 1780 1787 1787 1781 1781 1791 1791 1792 1792 1793 1793 1788 1788 1791 1791 1793 1793 1788 1788 1789 1789 1791 1791 1790 1790 1791 1791 1789 1789 1799 1799 1798 1798 1797 1797 1799 1799 1797 1797 1794 1794 1797 1797 1795 1795 1794 1794 1795 1795 1797 1797 1796 1796 1794 1794 1795 1795 1788 1788 1788 1788 1795 1795 1789 1789 1795 1795 1796 1796 1789 1789 1789 1789 1796 1796 1790 1790 1796 1796 1797 1797 1790 1790 1790 1790 1797 1797 1791 1791 1797 1797 1798 1798 1791 1791 1791 1791 1798 1798 1792 1792 1799 1799 1794 1794 1793 1793 1793 1793 1794 1794 1788 1788 1798 1798 1799 1799 1792 1792 1792 1792 1799 1799 1793 1793 1803 1803 1805 1805 1800 1800 1804 1804 1805 1805 1803 1803 1801 1801 1802 1802 1803 1803 1800 1800 1801 1801 1803 1803 1806 1806 1811 1811 1809 1809 1809 1809 1811 1811 1810 1810 1809 1809 1808 1808 1807 1807 1809 1809 1807 1807 1806 1806 1806 1806 1807 1807 1800 1800 1800 1800 1807 1807 1801 1801 1807 1807 1808 1808 1801 1801 1801 1801 1808 1808 1802 1802 1808 1808 1809 1809 1802 1802 1802 1802 1809 1809 1803 1803 1809 1809 1810 1810 1803 1803 1803 1803 1810 1810 1804 1804 1811 1811 1806 1806 1805 1805 1805 1805 1806 1806 1800 1800 1810 1810 1811 1811 1804 1804 1804 1804 1811 1811 1805 1805 1814 1814 1815 1815 1816 1816 1812 1812 1816 1816 1817 1817 1812 1812 1813 1813 1816 1816 1814 1814 1816 1816 1813 1813 1822 1822 1821 1821 1820 1820 1823 1823 1822 1822 1818 1818 1822 1822 1819 1819 1818 1818 1819 1819 1822 1822 1820 1820 1818 1818 1819 1819 1812 1812 1812 1812 1819 1819 1813 1813 1819 1819 1820 1820 1813 1813 1813 1813 1820 1820 1814 1814 1820 1820 1821 1821 1814 1814 1814 1814 1821 1821 1815 1815 1821 1821 1822 1822 1815 1815 1815 1815 1822 1822 1816 1816 1823 1823 1818 1818 1817 1817 1817 1817 1818 1818 1812 1812 1822 1822 1823 1823 1816 1816 1816 1816 1823 1823 1817 1817 1828 1828 1829 1829 1827 1827 1826 1826 1827 1827 1829 1829 1824 1824 1825 1825 1829 1829 1826 1826 1829 1829 1825 1825 1833 1833 1835 1835 1834 1834 1835 1835 1833 1833 1832 1832 1835 1835 1831 1831 1830 1830 1831 1831 1835 1835 1832 1832 1830 1830 1831 1831 1824 1824 1824 1824 1831 1831 1825 1825 1831 1831 1832 1832 1825 1825 1825 1825 1832 1832 1826 1826 1832 1832 1833 1833 1826 1826 1826 1826 1833 1833 1827 1827 1833 1833 1834 1834 1827 1827 1827 1827 1834 1834 1828 1828 1835 1835 1830 1830 1829 1829 1829 1829 1830 1830 1824 1824 1834 1834 1835 1835 1828 1828 1828 1828 1835 1835 1829 1829 1840 1840 1841 1841 1836 1836 1837 1837 1838 1838 1840 1840 1839 1839 1840 1840 1838 1838 1836 1836 1837 1837 1840 1840 1842 1842 1847 1847 1846 1846 1846 1846 1844 1844 1843 1843 1844 1844 1846 1846 1845 1845 1846 1846 1843 1843 1842 1842 1842 1842 1843 1843 1836 1836 1836 1836 1843 1843 1837 1837 1843 1843 1844 1844 1837 1837 1837 1837 1844 1844 1838 1838 1844 1844 1845 1845 1838 1838 1838 1838 1845 1845 1839 1839 1845 1845 1846 1846 1839 1839 1839 1839 1846 1846 1840 1840 1847 1847 1842 1842 1841 1841 1841 1841 1842 1842 1836 1836 1846 1846 1847 1847 1840 1840 1840 1840 1847 1847 1841 1841 1852 1852 1853 1853 1848 1848 1849 1849 1850 1850 1852 1852 1851 1851 1852 1852 1850 1850 1848 1848 1849 1849 1852 1852 1854 1854 1859 1859 1858 1858 1858 1858 1856 1856 1855 1855 1856 1856 1858 1858 1857 1857 1858 1858 1855 1855 1854 1854 1854 1854 1855 1855 1848 1848 1848 1848 1855 1855 1849 1849 1855 1855 1856 1856 1849 1849 1849 1849 1856 1856 1850 1850 1856 1856 1857 1857 1850 1850 1850 1850 1857 1857 1851 1851 1857 1857 1858 1858 1851 1851 1851 1851 1858 1858 1852 1852 1859 1859 1854 1854 1853 1853 1853 1853 1854 1854 1848 1848 1858 1858 1859 1859 1852 1852 1852 1852 1859 1859 1853 1853 1863 1863 1865 1865 1860 1860 1864 1864 1865 1865 1863 1863 1861 1861 1862 1862 1863 1863 1860 1860 1861 1861 1863 1863 1866 1866 1871 1871 1869 1869 1869 1869 1871 1871 1870 1870 1869 1869 1868 1868 1867 1867 1869 1869 1867 1867 1866 1866 1866 1866 1867 1867 1860 1860 1860 1860 1867 1867 1861 1861 1867 1867 1868 1868 1861 1861 1861 1861 1868 1868 1862 1862 1868 1868 1869 1869 1862 1862 1862 1862 1869 1869 1863 1863 1869 1869 1870 1870 1863 1863 1863 1863 1870 1870 1864 1864 1871 1871 1866 1866 1865 1865 1865 1865 1866 1866 1860 1860 1870 1870 1871 1871 1864 1864 1864 1864 1871 1871 1865 1865 1875 1875 1877 1877 1872 1872 1876 1876 1877 1877 1875 1875 1873 1873 1874 1874 1875 1875 1872 1872 1873 1873 1875 1875 1878 1878 1883 1883 1881 1881 1881 1881 1883 1883 1882 1882 1881 1881 1880 1880 1879 1879 1881 1881 1879 1879 1878 1878 1878 1878 1879 1879 1872 1872 1872 1872 1879 1879 1873 1873 1879 1879 1880 1880 1873 1873 1873 1873 1880 1880 1874 1874 1880 1880 1881 1881 1874 1874 1874 1874 1881 1881 1875 1875 1881 1881 1882 1882 1875 1875 1875 1875 1882 1882 1876 1876 1883 1883 1878 1878 1877 1877 1877 1877 1878 1878 1872 1872 1882 1882 1883 1883 1876 1876 1876 1876 1883 1883 1877 1877 1888 1888 1889 1889 1887 1887 1886 1886 1887 1887 1889 1889 1884 1884 1885 1885 1889 1889 1886 1886 1889 1889 1885 1885 1893 1893 1895 1895 1894 1894 1895 1895 1893 1893 1892 1892 1895 1895 1891 1891 1890 1890 1891 1891 1895 1895 1892 1892 1890 1890 1891 1891 1884 1884 1884 1884 1891 1891 1885 1885 1891 1891 1892 1892 1885 1885 1885 1885 1892 1892 1886 1886 1892 1892 1893 1893 1886 1886 1886 1886 1893 1893 1887 1887 1893 1893 1894 1894 1887 1887 1887 1887 1894 1894 1888 1888 1895 1895 1890 1890 1889 1889 1889 1889 1890 1890 1884 1884 1894 1894 1895 1895 1888 1888 1888 1888 1895 1895 1889 1889 1897 1897 1899 1899 1896 1896 1899 1899 1897 1897 1898 1898 1900 1900 1903 1903 1901 1901 1902 1902 1901 1901 1903 1903 1900 1900 1901 1901 1896 1896 1896 1896 1901 1901 1897 1897 1901 1901 1902 1902 1897 1897 1897 1897 1902 1902 1898 1898 1903 1903 1900 1900 1899 1899 1899 1899 1900 1900 1896 1896 1902 1902 1903 1903 1898 1898 1898 1898 1903 1903 1899 1899 1908 1908 1909 1909 1904 1904 1905 1905 1906 1906 1908 1908 1907 1907 1908 1908 1906 1906 1904 1904 1905 1905 1908 1908 1910 1910 1915 1915 1914 1914 1914 1914 1912 1912 1911 1911 1912 1912 1914 1914 1913 1913 1914 1914 1911 1911 1910 1910 1910 1910 1911 1911 1904 1904 1904 1904 1911 1911 1905 1905 1911 1911 1912 1912 1905 1905 1905 1905 1912 1912 1906 1906 1912 1912 1913 1913 1906 1906 1906 1906 1913 1913 1907 1907 1913 1913 1914 1914 1907 1907 1907 1907 1914 1914 1908 1908 1915 1915 1910 1910 1909 1909 1909 1909 1910 1910 1904 1904 1914 1914 1915 1915 1908 1908 1908 1908 1915 1915 1909 1909 1920 1920 1921 1921 1919 1919 1918 1918 1919 1919 1921 1921 1916 1916 1917 1917 1921 1921 1918 1918 1921 1921 1917 1917 1925 1925 1927 1927 1926 1926 1927 1927 1925 1925 1924 1924 1927 1927 1923 1923 1922 1922 1923 1923 1927 1927 1924 1924 1922 1922 1923 1923 1916 1916 1916 1916 1923 1923 1917 1917 1923 1923 1924 1924 1917 1917 1917 1917 1924 1924 1918 1918 1924 1924 1925 1925 1918 1918 1918 1918 1925 1925 1919 1919 1925 1925 1926 1926 1919 1919 1919 1919 1926 1926 1920 1920 1927 1927 1922 1922 1921 1921 1921 1921 1922 1922 1916 1916 1926 1926 1927 1927 1920 1920 1920 1920 1927 1927 1921 1921 1928 1928 1929 1929 1933 1933 1932 1932 1933 1933 1929 1929 1929 1929 1930 1930 1931 1931 1932 1932 1929 1929 1931 1931 1939 1939 1935 1935 1934 1934 1935 1935 1939 1939 1938 1938 1937 1937 1936 1936 1935 1935 1937 1937 1935 1935 1938 1938 1934 1934 1935 1935 1928 1928 1928 1928 1935 1935 1929 1929 1935 1935 1936 1936 1929 1929 1929 1929 1936 1936 1930 1930 1936 1936 1937 1937 1930 1930 1930 1930 1937 1937 1931 1931 1937 1937 1938 1938 1931 1931 1931 1931 1938 1938 1932 1932 1939 1939 1934 1934 1933 1933 1933 1933 1934 1934 1928 1928 1938 1938 1939 1939 1932 1932 1932 1932 1939 1939 1933 1933 1942 1942 1943 1943 1944 1944 1940 1940 1944 1944 1945 1945 1940 1940 1941 1941 1944 1944 1942 1942 1944 1944 1941 1941 1950 1950 1949 1949 1948 1948 1951 1951 1950 1950 1946 1946 1950 1950 1947 1947 1946 1946 1947 1947 1950 1950 1948 1948 1946 1946 1947 1947 1940 1940 1940 1940 1947 1947 1941 1941 1947 1947 1948 1948 1941 1941 1941 1941 1948 1948 1942 1942 1948 1948 1949 1949 1942 1942 1942 1942 1949 1949 1943 1943 1949 1949 1950 1950 1943 1943 1943 1943 1950 1950 1944 1944 1951 1951 1946 1946 1945 1945 1945 1945 1946 1946 1940 1940 1950 1950 1951 1951 1944 1944 1944 1944 1951 1951 1945 1945 1952 1952 1954 1954 1957 1957 1956 1956 1957 1957 1954 1954 1953 1953 1954 1954 1952 1952 1956 1956 1954 1954 1955 1955 1963 1963 1960 1960 1958 1958 1960 1960 1963 1963 1962 1962 1958 1958 1960 1960 1959 1959 1961 1961 1960 1960 1962 1962 1958 1958 1959 1959 1952 1952 1952 1952 1959 1959 1953 1953 1959 1959 1960 1960 1953 1953 1953 1953 1960 1960 1954 1954 1960 1960 1961 1961 1954 1954 1954 1954 1961 1961 1955 1955 1961 1961 1962 1962 1955 1955 1955 1955 1962 1962 1956 1956 1963 1963 1958 1958 1957 1957 1957 1957 1958 1958 1952 1952 1962 1962 1963 1963 1956 1956 1956 1956 1963 1963 1957 1957 1967 1967 1969 1969 1964 1964 1968 1968 1969 1969 1967 1967 1965 1965 1966 1966 1967 1967 1964 1964 1965 1965 1967 1967 1970 1970 1975 1975 1973 1973 1973 1973 1975 1975 1974 1974 1973 1973 1972 1972 1971 1971 1973 1973 1971 1971 1970 1970 1970 1970 1971 1971 1964 1964 1964 1964 1971 1971 1965 1965 1971 1971 1972 1972 1965 1965 1965 1965 1972 1972 1966 1966 1972 1972 1973 1973 1966 1966 1966 1966 1973 1973 1967 1967 1973 1973 1974 1974 1967 1967 1967 1967 1974 1974 1968 1968 1975 1975 1970 1970 1969 1969 1969 1969 1970 1970 1964 1964 1974 1974 1975 1975 1968 1968 1968 1968 1975 1975 1969 1969 1978 1978 1981 1981 1976 1976 1980 1980 1981 1981 1978 1978 1980 1980 1978 1978 1979 1979 1976 1976 1977 1977 1978 1978 1982 1982 1987 1987 1984 1984 1984 1984 1987 1987 1986 1986 1985 1985 1984 1984 1986 1986 1984 1984 1983 1983 1982 1982 1982 1982 1983 1983 1976 1976 1976 1976 1983 1983 1977 1977 1983 1983 1984 1984 1977 1977 1977 1977 1984 1984 1978 1978 1984 1984 1985 1985 1978 1978 1978 1978 1985 1985 1979 1979 1985 1985 1986 1986 1979 1979 1979 1979 1986 1986 1980 1980 1987 1987 1982 1982 1981 1981 1981 1981 1982 1982 1976 1976 1986 1986 1987 1987 1980 1980 1980 1980 1987 1987 1981 1981 1990 1990 1991 1991 1992 1992 1988 1988 1989 1989 1992 1992 1990 1990 1992 1992 1989 1989 1993 1993 1988 1988 1992 1992 1998 1998 1997 1997 1996 1996 1998 1998 1995 1995 1994 1994 1995 1995 1998 1998 1996 1996 1998 1998 1994 1994 1999 1999 1994 1994 1995 1995 1988 1988 1988 1988 1995 1995 1989 1989 1995 1995 1996 1996 1989 1989 1989 1989 1996 1996 1990 1990 1996 1996 1997 1997 1990 1990 1990 1990 1997 1997 1991 1991 1997 1997 1998 1998 1991 1991 1991 1991 1998 1998 1992 1992 1999 1999 1994 1994 1993 1993 1993 1993 1994 1994 1988 1988 1998 1998 1999 1999 1992 1992 1992 1992 1999 1999 1993 1993 2004 2004 2005 2005 2000 2000 2001 2001 2002 2002 2004 2004 2003 2003 2004 2004 2002 2002 2000 2000 2001 2001 2004 2004 2006 2006 2011 2011 2010 2010 2010 2010 2008 2008 2007 2007 2008 2008 2010 2010 2009 2009 2010 2010 2007 2007 2006 2006 2006 2006 2007 2007 2000 2000 2000 2000 2007 2007 2001 2001 2007 2007 2008 2008 2001 2001 2001 2001 2008 2008 2002 2002 2008 2008 2009 2009 2002 2002 2002 2002 2009 2009 2003 2003 2009 2009 2010 2010 2003 2003 2003 2003 2010 2010 2004 2004 2011 2011 2006 2006 2005 2005 2005 2005 2006 2006 2000 2000 2010 2010 2011 2011 2004 2004 2004 2004 2011 2011 2005 2005 2017 2017 2015 2015 2016 2016 2014 2014 2015 2015 2017 2017 2012 2012 2013 2013 2017 2017 2014 2014 2017 2017 2013 2013 2022 2022 2021 2021 2023 2023 2023 2023 2021 2021 2020 2020 2023 2023 2019 2019 2018 2018 2019 2019 2023 2023 2020 2020 2018 2018 2019 2019 2012 2012 2012 2012 2019 2019 2013 2013 2019 2019 2020 2020 2013 2013 2013 2013 2020 2020 2014 2014 2020 2020 2021 2021 2014 2014 2014 2014 2021 2021 2015 2015 2021 2021 2022 2022 2015 2015 2015 2015 2022 2022 2016 2016 2023 2023 2018 2018 2017 2017 2017 2017 2018 2018 2012 2012 2022 2022 2023 2023 2016 2016 2016 2016 2023 2023 2017 2017 2028 2028 2029 2029 2024 2024 2025 2025 2026 2026 2028 2028 2027 2027 2028 2028 2026 2026 2024 2024 2025 2025 2028 2028 2030 2030 2035 2035 2034 2034 2034 2034 2032 2032 2031 2031 2032 2032 2034 2034 2033 2033 2034 2034 2031 2031 2030 2030 2030 2030 2031 2031 2024 2024 2024 2024 2031 2031 2025 2025 2031 2031 2032 2032 2025 2025 2025 2025 2032 2032 2026 2026 2032 2032 2033 2033 2026 2026 2026 2026 2033 2033 2027 2027 2033 2033 2034 2034 2027 2027 2027 2027 2034 2034 2028 2028 2035 2035 2030 2030 2029 2029 2029 2029 2030 2030 2024 2024 2034 2034 2035 2035 2028 2028 2028 2028 2035 2035 2029 2029 2038 2038 2041 2041 2036 2036 2040 2040 2041 2041 2038 2038 2040 2040 2038 2038 2039 2039 2036 2036 2037 2037 2038 2038 2042 2042 2047 2047 2044 2044 2044 2044 2047 2047 2046 2046 2045 2045 2044 2044 2046 2046 2044 2044 2043 2043 2042 2042 2042 2042 2043 2043 2036 2036 2036 2036 2043 2043 2037 2037 2043 2043 2044 2044 2037 2037 2037 2037 2044 2044 2038 2038 2044 2044 2045 2045 2038 2038 2038 2038 2045 2045 2039 2039 2045 2045 2046 2046 2039 2039 2039 2039 2046 2046 2040 2040 2047 2047 2042 2042 2041 2041 2041 2041 2042 2042 2036 2036 2046 2046 2047 2047 2040 2040 2040 2040 2047 2047 2041 2041 2048 2048 2049 2049 2053 2053 2052 2052 2053 2053 2049 2049 2050 2050 2051 2051 2049 2049 2052 2052 2049 2049 2051 2051 2059 2059 2055 2055 2054 2054 2055 2055 2059 2059 2058 2058 2055 2055 2057 2057 2056 2056 2057 2057 2055 2055 2058 2058 2054 2054 2055 2055 2048 2048 2048 2048 2055 2055 2049 2049 2055 2055 2056 2056 2049 2049 2049 2049 2056 2056 2050 2050 2056 2056 2057 2057 2050 2050 2050 2050 2057 2057 2051 2051 2057 2057 2058 2058 2051 2051 2051 2051 2058 2058 2052 2052 2059 2059 2054 2054 2053 2053 2053 2053 2054 2054 2048 2048 2058 2058 2059 2059 2052 2052 2052 2052 2059 2059 2053 2053 2062 2062 2063 2063 2064 2064 2060 2060 2064 2064 2065 2065 2060 2060 2061 2061 2064 2064 2062 2062 2064 2064 2061 2061 2070 2070 2069 2069 2068 2068 2071 2071 2070 2070 2066 2066 2070 2070 2067 2067 2066 2066 2067 2067 2070 2070 2068 2068 2066 2066 2067 2067 2060 2060 2060 2060 2067 2067 2061 2061 2067 2067 2068 2068 2061 2061 2061 2061 2068 2068 2062 2062 2068 2068 2069 2069 2062 2062 2062 2062 2069 2069 2063 2063 2069 2069 2070 2070 2063 2063 2063 2063 2070 2070 2064 2064 2071 2071 2066 2066 2065 2065 2065 2065 2066 2066 2060 2060 2070 2070 2071 2071 2064 2064 2064 2064 2071 2071 2065 2065 2075 2075 2077 2077 2072 2072 2076 2076 2077 2077 2075 2075 2073 2073 2074 2074 2075 2075 2072 2072 2073 2073 2075 2075 2078 2078 2083 2083 2081 2081 2081 2081 2083 2083 2082 2082 2081 2081 2080 2080 2079 2079 2081 2081 2079 2079 2078 2078 2078 2078 2079 2079 2072 2072 2072 2072 2079 2079 2073 2073 2079 2079 2080 2080 2073 2073 2073 2073 2080 2080 2074 2074 2080 2080 2081 2081 2074 2074 2074 2074 2081 2081 2075 2075 2081 2081 2082 2082 2075 2075 2075 2075 2082 2082 2076 2076 2083 2083 2078 2078 2077 2077 2077 2077 2078 2078 2072 2072 2082 2082 2083 2083 2076 2076 2076 2076 2083 2083 2077 2077 2086 2086 2089 2089 2084 2084 2088 2088 2089 2089 2086 2086 2088 2088 2086 2086 2087 2087 2084 2084 2085 2085 2086 2086 2090 2090 2095 2095 2092 2092 2092 2092 2095 2095 2094 2094 2093 2093 2092 2092 2094 2094 2092 2092 2091 2091 2090 2090 2090 2090 2091 2091 2084 2084 2084 2084 2091 2091 2085 2085 2091 2091 2092 2092 2085 2085 2085 2085 2092 2092 2086 2086 2092 2092 2093 2093 2086 2086 2086 2086 2093 2093 2087 2087 2093 2093 2094 2094 2087 2087 2087 2087 2094 2094 2088 2088 2095 2095 2090 2090 2089 2089 2089 2089 2090 2090 2084 2084 2094 2094 2095 2095 2088 2088 2088 2088 2095 2095 2089 2089 2098 2098 2099 2099 2096 2096 2096 2096 2097 2097 2098 2098 2100 2100 2103 2103 2102 2102 2102 2102 2101 2101 2100 2100 2100 2100 2101 2101 2096 2096 2096 2096 2101 2101 2097 2097 2101 2101 2102 2102 2097 2097 2097 2097 2102 2102 2098 2098 2103 2103 2100 2100 2099 2099 2099 2099 2100 2100 2096 2096 2102 2102 2103 2103 2098 2098 2098 2098 2103 2103 2099 2099 2104 2104 2105 2105 2109 2109 2108 2108 2109 2109 2105 2105 2106 2106 2107 2107 2105 2105 2108 2108 2105 2105 2107 2107 2115 2115 2111 2111 2110 2110 2111 2111 2115 2115 2114 2114 2111 2111 2113 2113 2112 2112 2113 2113 2111 2111 2114 2114 2110 2110 2111 2111 2104 2104 2104 2104 2111 2111 2105 2105 2111 2111 2112 2112 2105 2105 2105 2105 2112 2112 2106 2106 2112 2112 2113 2113 2106 2106 2106 2106 2113 2113 2107 2107 2113 2113 2114 2114 2107 2107 2107 2107 2114 2114 2108 2108 2115 2115 2110 2110 2109 2109 2109 2109 2110 2110 2104 2104 2114 2114 2115 2115 2108 2108 2108 2108 2115 2115 2109 2109 2116 2116 2118 2118 2121 2121 2120 2120 2121 2121 2118 2118 2117 2117 2118 2118 2116 2116 2120 2120 2118 2118 2119 2119 2127 2127 2124 2124 2122 2122 2124 2124 2127 2127 2126 2126 2122 2122 2124 2124 2123 2123 2125 2125 2124 2124 2126 2126 2122 2122 2123 2123 2116 2116 2116 2116 2123 2123 2117 2117 2123 2123 2124 2124 2117 2117 2117 2117 2124 2124 2118 2118 2124 2124 2125 2125 2118 2118 2118 2118 2125 2125 2119 2119 2125 2125 2126 2126 2119 2119 2119 2119 2126 2126 2120 2120 2127 2127 2122 2122 2121 2121 2121 2121 2122 2122 2116 2116 2126 2126 2127 2127 2120 2120 2120 2120 2127 2127 2121 2121 2130 2130 2133 2133 2128 2128 2132 2132 2133 2133 2130 2130 2132 2132 2130 2130 2131 2131 2128 2128 2129 2129 2130 2130 2134 2134 2139 2139 2136 2136 2136 2136 2139 2139 2138 2138 2137 2137 2136 2136 2138 2138 2136 2136 2135 2135 2134 2134 2134 2134 2135 2135 2128 2128 2128 2128 2135 2135 2129 2129 2135 2135 2136 2136 2129 2129 2129 2129 2136 2136 2130 2130 2136 2136 2137 2137 2130 2130 2130 2130 2137 2137 2131 2131 2137 2137 2138 2138 2131 2131 2131 2131 2138 2138 2132 2132 2139 2139 2134 2134 2133 2133 2133 2133 2134 2134 2128 2128 2138 2138 2139 2139 2132 2132 2132 2132 2139 2139 2133 2133 2140 2140 2142 2142 2143 2143 2142 2142 2140 2140 2141 2141 2147 2147 2146 2146 2144 2144 2145 2145 2144 2144 2146 2146 2144 2144 2145 2145 2140 2140 2140 2140 2145 2145 2141 2141 2145 2145 2146 2146 2141 2141 2141 2141 2146 2146 2142 2142 2147 2147 2144 2144 2143 2143 2143 2143 2144 2144 2140 2140 2146 2146 2147 2147 2142 2142 2142 2142 2147 2147 2143 2143 2153 2153 2151 2151 2152 2152 2150 2150 2151 2151 2153 2153 2148 2148 2149 2149 2153 2153 2150 2150 2153 2153 2149 2149 2158 2158 2157 2157 2159 2159 2159 2159 2157 2157 2156 2156 2159 2159 2155 2155 2154 2154 2155 2155 2159 2159 2156 2156 2154 2154 2155 2155 2148 2148 2148 2148 2155 2155 2149 2149 2155 2155 2156 2156 2149 2149 2149 2149 2156 2156 2150 2150 2156 2156 2157 2157 2150 2150 2150 2150 2157 2157 2151 2151 2157 2157 2158 2158 2151 2151 2151 2151 2158 2158 2152 2152 2159 2159 2154 2154 2153 2153 2153 2153 2154 2154 2148 2148 2158 2158 2159 2159 2152 2152 2152 2152 2159 2159 2153 2153 2162 2162 2163 2163 2164 2164 2160 2160 2164 2164 2165 2165 2160 2160 2161 2161 2164 2164 2162 2162 2164 2164 2161 2161 2170 2170 2169 2169 2168 2168 2171 2171 2170 2170 2166 2166 2170 2170 2167 2167 2166 2166 2167 2167 2170 2170 2168 2168 2166 2166 2167 2167 2160 2160 2160 2160 2167 2167 2161 2161 2167 2167 2168 2168 2161 2161 2161 2161 2168 2168 2162 2162 2168 2168 2169 2169 2162 2162 2162 2162 2169 2169 2163 2163 2169 2169 2170 2170 2163 2163 2163 2163 2170 2170 2164 2164 2171 2171 2166 2166 2165 2165 2165 2165 2166 2166 2160 2160 2170 2170 2171 2171 2164 2164 2164 2164 2171 2171 2165 2165 2176 2176 2177 2177 2172 2172 2173 2173 2174 2174 2176 2176 2175 2175 2176 2176 2174 2174 2172 2172 2173 2173 2176 2176 2178 2178 2183 2183 2182 2182 2182 2182 2180 2180 2179 2179 2180 2180 2182 2182 2181 2181 2182 2182 2179 2179 2178 2178 2178 2178 2179 2179 2172 2172 2172 2172 2179 2179 2173 2173 2179 2179 2180 2180 2173 2173 2173 2173 2180 2180 2174 2174 2180 2180 2181 2181 2174 2174 2174 2174 2181 2181 2175 2175 2181 2181 2182 2182 2175 2175 2175 2175 2182 2182 2176 2176 2183 2183 2178 2178 2177 2177 2177 2177 2178 2178 2172 2172 2182 2182 2183 2183 2176 2176 2176 2176 2183 2183 2177 2177 2187 2187 2189 2189 2184 2184 2188 2188 2189 2189 2187 2187 2185 2185 2186 2186 2187 2187 2184 2184 2185 2185 2187 2187 2190 2190 2195 2195 2193 2193 2193 2193 2195 2195 2194 2194 2193 2193 2192 2192 2191 2191 2193 2193 2191 2191 2190 2190 2190 2190 2191 2191 2184 2184 2184 2184 2191 2191 2185 2185 2191 2191 2192 2192 2185 2185 2185 2185 2192 2192 2186 2186 2192 2192 2193 2193 2186 2186 2186 2186 2193 2193 2187 2187 2193 2193 2194 2194 2187 2187 2187 2187 2194 2194 2188 2188 2195 2195 2190 2190 2189 2189 2189 2189 2190 2190 2184 2184 2194 2194 2195 2195 2188 2188 2188 2188 2195 2195 2189 2189 2199 2199 2201 2201 2196 2196 2200 2200 2201 2201 2199 2199 2197 2197 2198 2198 2199 2199 2196 2196 2197 2197 2199 2199 2202 2202 2207 2207 2205 2205 2205 2205 2207 2207 2206 2206 2205 2205 2204 2204 2203 2203 2205 2205 2203 2203 2202 2202 2202 2202 2203 2203 2196 2196 2196 2196 2203 2203 2197 2197 2203 2203 2204 2204 2197 2197 2197 2197 2204 2204 2198 2198 2204 2204 2205 2205 2198 2198 2198 2198 2205 2205 2199 2199 2205 2205 2206 2206 2199 2199 2199 2199 2206 2206 2200 2200 2207 2207 2202 2202 2201 2201 2201 2201 2202 2202 2196 2196 2206 2206 2207 2207 2200 2200 2200 2200 2207 2207 2201 2201 2210 2210 2213 2213 2208 2208 2212 2212 2213 2213 2210 2210 2212 2212 2210 2210 2211 2211 2208 2208 2209 2209 2210 2210 2214 2214 2219 2219 2216 2216 2216 2216 2219 2219 2218 2218 2217 2217 2216 2216 2218 2218 2216 2216 2215 2215 2214 2214 2214 2214 2215 2215 2208 2208 2208 2208 2215 2215 2209 2209 2215 2215 2216 2216 2209 2209 2209 2209 2216 2216 2210 2210 2216 2216 2217 2217 2210 2210 2210 2210 2217 2217 2211 2211 2217 2217 2218 2218 2211 2211 2211 2211 2218 2218 2212 2212 2219 2219 2214 2214 2213 2213 2213 2213 2214 2214 2208 2208 2218 2218 2219 2219 2212 2212 2212 2212 2219 2219 2213 2213 2222 2222 2223 2223 2224 2224 2220 2220 2224 2224 2225 2225 2220 2220 2221 2221 2224 2224 2222 2222 2224 2224 2221 2221 2230 2230 2229 2229 2228 2228 2231 2231 2230 2230 2226 2226 2230 2230 2227 2227 2226 2226 2227 2227 2230 2230 2228 2228 2226 2226 2227 2227 2220 2220 2220 2220 2227 2227 2221 2221 2227 2227 2228 2228 2221 2221 2221 2221 2228 2228 2222 2222 2228 2228 2229 2229 2222 2222 2222 2222 2229 2229 2223 2223 2229 2229 2230 2230 2223 2223 2223 2223 2230 2230 2224 2224 2231 2231 2226 2226 2225 2225 2225 2225 2226 2226 2220 2220 2230 2230 2231 2231 2224 2224 2224 2224 2231 2231 2225 2225 2234 2234 2235 2235 2236 2236 2232 2232 2236 2236 2237 2237 2232 2232 2233 2233 2236 2236 2234 2234 2236 2236 2233 2233 2242 2242 2241 2241 2240 2240 2243 2243 2242 2242 2238 2238 2242 2242 2239 2239 2238 2238 2239 2239 2242 2242 2240 2240 2238 2238 2239 2239 2232 2232 2232 2232 2239 2239 2233 2233 2239 2239 2240 2240 2233 2233 2233 2233 2240 2240 2234 2234 2240 2240 2241 2241 2234 2234 2234 2234 2241 2241 2235 2235 2241 2241 2242 2242 2235 2235 2235 2235 2242 2242 2236 2236 2243 2243 2238 2238 2237 2237 2237 2237 2238 2238 2232 2232 2242 2242 2243 2243 2236 2236 2236 2236 2243 2243 2237 2237 2246 2246 2249 2249 2244 2244 2248 2248 2249 2249 2246 2246 2248 2248 2246 2246 2247 2247 2244 2244 2245 2245 2246 2246 2250 2250 2255 2255 2252 2252 2252 2252 2255 2255 2254 2254 2253 2253 2252 2252 2254 2254 2252 2252 2251 2251 2250 2250 2250 2250 2251 2251 2244 2244 2244 2244 2251 2251 2245 2245 2251 2251 2252 2252 2245 2245 2245 2245 2252 2252 2246 2246 2252 2252 2253 2253 2246 2246 2246 2246 2253 2253 2247 2247 2253 2253 2254 2254 2247 2247 2247 2247 2254 2254 2248 2248 2255 2255 2250 2250 2249 2249 2249 2249 2250 2250 2244 2244 2254 2254 2255 2255 2248 2248 2248 2248 2255 2255 2249 2249 2259 2259 2261 2261 2256 2256 2260 2260 2261 2261 2259 2259 2257 2257 2258 2258 2259 2259 2256 2256 2257 2257 2259 2259 2262 2262 2267 2267 2265 2265 2265 2265 2267 2267 2266 2266 2265 2265 2264 2264 2263 2263 2265 2265 2263 2263 2262 2262 2262 2262 2263 2263 2256 2256 2256 2256 2263 2263 2257 2257 2263 2263 2264 2264 2257 2257 2257 2257 2264 2264 2258 2258 2264 2264 2265 2265 2258 2258 2258 2258 2265 2265 2259 2259 2265 2265 2266 2266 2259 2259 2259 2259 2266 2266 2260 2260 2267 2267 2262 2262 2261 2261 2261 2261 2262 2262 2256 2256 2266 2266 2267 2267 2260 2260 2260 2260 2267 2267 2261 2261 2268 2268 2271 2271 2273 2273 2272 2272 2273 2273 2271 2271 2269 2269 2271 2271 2268 2268 2271 2271 2269 2269 2270 2270 2279 2279 2277 2277 2274 2274 2277 2277 2279 2279 2278 2278 2274 2274 2277 2277 2275 2275 2276 2276 2275 2275 2277 2277 2274 2274 2275 2275 2268 2268 2268 2268 2275 2275 2269 2269 2275 2275 2276 2276 2269 2269 2269 2269 2276 2276 2270 2270 2276 2276 2277 2277 2270 2270 2270 2270 2277 2277 2271 2271 2277 2277 2278 2278 2271 2271 2271 2271 2278 2278 2272 2272 2279 2279 2274 2274 2273 2273 2273 2273 2274 2274 2268 2268 2278 2278 2279 2279 2272 2272 2272 2272 2279 2279 2273 2273 2284 2284 2285 2285 2280 2280 2281 2281 2282 2282 2284 2284 2283 2283 2284 2284 2282 2282 2280 2280 2281 2281 2284 2284 2286 2286 2291 2291 2290 2290 2290 2290 2288 2288 2287 2287 2288 2288 2290 2290 2289 2289 2290 2290 2287 2287 2286 2286 2286 2286 2287 2287 2280 2280 2280 2280 2287 2287 2281 2281 2287 2287 2288 2288 2281 2281 2281 2281 2288 2288 2282 2282 2288 2288 2289 2289 2282 2282 2282 2282 2289 2289 2283 2283 2289 2289 2290 2290 2283 2283 2283 2283 2290 2290 2284 2284 2291 2291 2286 2286 2285 2285 2285 2285 2286 2286 2280 2280 2290 2290 2291 2291 2284 2284 2284 2284 2291 2291 2285 2285 2294 2294 2297 2297 2292 2292 2296 2296 2297 2297 2294 2294 2296 2296 2294 2294 2295 2295 2292 2292 2293 2293 2294 2294 2298 2298 2303 2303 2300 2300 2300 2300 2303 2303 2302 2302 2301 2301 2300 2300 2302 2302 2300 2300 2299 2299 2298 2298 2298 2298 2299 2299 2292 2292 2292 2292 2299 2299 2293 2293 2299 2299 2300 2300 2293 2293 2293 2293 2300 2300 2294 2294 2300 2300 2301 2301 2294 2294 2294 2294 2301 2301 2295 2295 2301 2301 2302 2302 2295 2295 2295 2295 2302 2302 2296 2296 2303 2303 2298 2298 2297 2297 2297 2297 2298 2298 2292 2292 2302 2302 2303 2303 2296 2296 2296 2296 2303 2303 2297 2297 2306 2306 2308 2308 2309 2309 2307 2307 2308 2308 2306 2306 2304 2304 2305 2305 2306 2306 2309 2309 2304 2304 2306 2306 2315 2315 2314 2314 2312 2312 2312 2312 2314 2314 2313 2313 2312 2312 2311 2311 2310 2310 2312 2312 2310 2310 2315 2315 2310 2310 2311 2311 2304 2304 2304 2304 2311 2311 2305 2305 2311 2311 2312 2312 2305 2305 2305 2305 2312 2312 2306 2306 2312 2312 2313 2313 2306 2306 2306 2306 2313 2313 2307 2307 2313 2313 2314 2314 2307 2307 2307 2307 2314 2314 2308 2308 2315 2315 2310 2310 2309 2309 2309 2309 2310 2310 2304 2304 2314 2314 2315 2315 2308 2308 2308 2308 2315 2315 2309 2309 2316 2316 2318 2318 2321 2321 2320 2320 2321 2321 2318 2318 2317 2317 2318 2318 2316 2316 2320 2320 2318 2318 2319 2319 2327 2327 2324 2324 2322 2322 2324 2324 2327 2327 2326 2326 2322 2322 2324 2324 2323 2323 2325 2325 2324 2324 2326 2326 2322 2322 2323 2323 2316 2316 2316 2316 2323 2323 2317 2317 2323 2323 2324 2324 2317 2317 2317 2317 2324 2324 2318 2318 2324 2324 2325 2325 2318 2318 2318 2318 2325 2325 2319 2319 2325 2325 2326 2326 2319 2319 2319 2319 2326 2326 2320 2320 2327 2327 2322 2322 2321 2321 2321 2321 2322 2322 2316 2316 2326 2326 2327 2327 2320 2320 2320 2320 2327 2327 2321 2321 2332 2332 2333 2333 2331 2331 2330 2330 2331 2331 2333 2333 2328 2328 2329 2329 2333 2333 2330 2330 2333 2333 2329 2329 2337 2337 2339 2339 2338 2338 2339 2339 2337 2337 2336 2336 2339 2339 2335 2335 2334 2334 2335 2335 2339 2339 2336 2336 2334 2334 2335 2335 2328 2328 2328 2328 2335 2335 2329 2329 2335 2335 2336 2336 2329 2329 2329 2329 2336 2336 2330 2330 2336 2336 2337 2337 2330 2330 2330 2330 2337 2337 2331 2331 2337 2337 2338 2338 2331 2331 2331 2331 2338 2338 2332 2332 2339 2339 2334 2334 2333 2333 2333 2333 2334 2334 2328 2328 2338 2338 2339 2339 2332 2332 2332 2332 2339 2339 2333 2333 2343 2343 2344 2344 2345 2345 2340 2340 2343 2343 2345 2345 2340 2340 2341 2341 2343 2343 2342 2342 2343 2343 2341 2341 2351 2351 2350 2350 2349 2349 2351 2351 2349 2349 2346 2346 2349 2349 2347 2347 2346 2346 2347 2347 2349 2349 2348 2348 2346 2346 2347 2347 2340 2340 2340 2340 2347 2347 2341 2341 2347 2347 2348 2348 2341 2341 2341 2341 2348 2348 2342 2342 2348 2348 2349 2349 2342 2342 2342 2342 2349 2349 2343 2343 2349 2349 2350 2350 2343 2343 2343 2343 2350 2350 2344 2344 2351 2351 2346 2346 2345 2345 2345 2345 2346 2346 2340 2340 2350 2350 2351 2351 2344 2344 2344 2344 2351 2351 2345 2345 2356 2356 2357 2357 2352 2352 2353 2353 2354 2354 2356 2356 2355 2355 2356 2356 2354 2354 2352 2352 2353 2353 2356 2356 2358 2358 2363 2363 2362 2362 2362 2362 2360 2360 2359 2359 2360 2360 2362 2362 2361 2361 2362 2362 2359 2359 2358 2358 2358 2358 2359 2359 2352 2352 2352 2352 2359 2359 2353 2353 2359 2359 2360 2360 2353 2353 2353 2353 2360 2360 2354 2354 2360 2360 2361 2361 2354 2354 2354 2354 2361 2361 2355 2355 2361 2361 2362 2362 2355 2355 2355 2355 2362 2362 2356 2356 2363 2363 2358 2358 2357 2357 2357 2357 2358 2358 2352 2352 2362 2362 2363 2363 2356 2356 2356 2356 2363 2363 2357 2357 2368 2368 2369 2369 2364 2364 2365 2365 2366 2366 2368 2368 2367 2367 2368 2368 2366 2366 2364 2364 2365 2365 2368 2368 2370 2370 2375 2375 2374 2374 2374 2374 2372 2372 2371 2371 2372 2372 2374 2374 2373 2373 2374 2374 2371 2371 2370 2370 2370 2370 2371 2371 2364 2364 2364 2364 2371 2371 2365 2365 2371 2371 2372 2372 2365 2365 2365 2365 2372 2372 2366 2366 2372 2372 2373 2373 2366 2366 2366 2366 2373 2373 2367 2367 2373 2373 2374 2374 2367 2367 2367 2367 2374 2374 2368 2368 2375 2375 2370 2370 2369 2369 2369 2369 2370 2370 2364 2364 2374 2374 2375 2375 2368 2368 2368 2368 2375 2375 2369 2369 2379 2379 2380 2380 2378 2378 2377 2377 2378 2378 2380 2380 2381 2381 2382 2382 2380 2380 2382 2382 2376 2376 2377 2377 2376 2376 2382 2382 2383 2383 2380 2380 2382 2382 2377 2377 2386 2386 2388 2388 2387 2387 2388 2388 2386 2386 2385 2385 2388 2388 2390 2390 2389 2389 2385 2385 2384 2384 2390 2390 2391 2391 2390 2390 2384 2384 2385 2385 2390 2390 2388 2388 2384 2384 2385 2385 2376 2376 2376 2376 2385 2385 2377 2377 2385 2385 2386 2386 2377 2377 2377 2377 2386 2386 2378 2378 2386 2386 2387 2387 2378 2378 2378 2378 2387 2387 2379 2379 2387 2387 2388 2388 2379 2379 2379 2379 2388 2388 2380 2380 2388 2388 2389 2389 2380 2380 2380 2380 2389 2389 2381 2381 2389 2389 2390 2390 2381 2381 2381 2381 2390 2390 2382 2382 2391 2391 2384 2384 2383 2383 2383 2383 2384 2384 2376 2376 2390 2390 2391 2391 2382 2382 2382 2382 2391 2391 2383 2383 2395 2395 2396 2396 2397 2397 2392 2392 2395 2395 2397 2397 2392 2392 2393 2393 2395 2395 2394 2394 2395 2395 2393 2393 2403 2403 2402 2402 2401 2401 2403 2403 2401 2401 2398 2398 2401 2401 2399 2399 2398 2398 2399 2399 2401 2401 2400 2400 2398 2398 2399 2399 2392 2392 2392 2392 2399 2399 2393 2393 2399 2399 2400 2400 2393 2393 2393 2393 2400 2400 2394 2394 2400 2400 2401 2401 2394 2394 2394 2394 2401 2401 2395 2395 2401 2401 2402 2402 2395 2395 2395 2395 2402 2402 2396 2396 2403 2403 2398 2398 2397 2397 2397 2397 2398 2398 2392 2392 2402 2402 2403 2403 2396 2396 2396 2396 2403 2403 2397 2397 2407 2407 2409 2409 2404 2404 2408 2408 2409 2409 2407 2407 2405 2405 2406 2406 2407 2407 2404 2404 2405 2405 2407 2407 2410 2410 2415 2415 2413 2413 2413 2413 2415 2415 2414 2414 2413 2413 2412 2412 2411 2411 2413 2413 2411 2411 2410 2410 2410 2410 2411 2411 2404 2404 2404 2404 2411 2411 2405 2405 2411 2411 2412 2412 2405 2405 2405 2405 2412 2412 2406 2406 2412 2412 2413 2413 2406 2406 2406 2406 2413 2413 2407 2407 2413 2413 2414 2414 2407 2407 2407 2407 2414 2414 2408 2408 2415 2415 2410 2410 2409 2409 2409 2409 2410 2410 2404 2404 2414 2414 2415 2415 2408 2408 2408 2408 2415 2415 2409 2409 2419 2419 2421 2421 2416 2416 2420 2420 2421 2421 2419 2419 2417 2417 2418 2418 2419 2419 2416 2416 2417 2417 2419 2419 2422 2422 2427 2427 2425 2425 2425 2425 2427 2427 2426 2426 2425 2425 2424 2424 2423 2423 2425 2425 2423 2423 2422 2422 2422 2422 2423 2423 2416 2416 2416 2416 2423 2423 2417 2417 2423 2423 2424 2424 2417 2417 2417 2417 2424 2424 2418 2418 2424 2424 2425 2425 2418 2418 2418 2418 2425 2425 2419 2419 2425 2425 2426 2426 2419 2419 2419 2419 2426 2426 2420 2420 2427 2427 2422 2422 2421 2421 2421 2421 2422 2422 2416 2416 2426 2426 2427 2427 2420 2420 2420 2420 2427 2427 2421 2421 2432 2432 2433 2433 2428 2428 2429 2429 2430 2430 2432 2432 2431 2431 2432 2432 2430 2430 2428 2428 2429 2429 2432 2432 2434 2434 2439 2439 2438 2438 2438 2438 2436 2436 2435 2435 2436 2436 2438 2438 2437 2437 2438 2438 2435 2435 2434 2434 2434 2434 2435 2435 2428 2428 2428 2428 2435 2435 2429 2429 2435 2435 2436 2436 2429 2429 2429 2429 2436 2436 2430 2430 2436 2436 2437 2437 2430 2430 2430 2430 2437 2437 2431 2431 2437 2437 2438 2438 2431 2431 2431 2431 2438 2438 2432 2432 2439 2439 2434 2434 2433 2433 2433 2433 2434 2434 2428 2428 2438 2438 2439 2439 2432 2432 2432 2432 2439 2439 2433 2433 2443 2443 2444 2444 2445 2445 2440 2440 2443 2443 2445 2445 2440 2440 2441 2441 2443 2443 2442 2442 2443 2443 2441 2441 2451 2451 2450 2450 2449 2449 2451 2451 2449 2449 2446 2446 2449 2449 2447 2447 2446 2446 2447 2447 2449 2449 2448 2448 2446 2446 2447 2447 2440 2440 2440 2440 2447 2447 2441 2441 2447 2447 2448 2448 2441 2441 2441 2441 2448 2448 2442 2442 2448 2448 2449 2449 2442 2442 2442 2442 2449 2449 2443 2443 2449 2449 2450 2450 2443 2443 2443 2443 2450 2450 2444 2444 2451 2451 2446 2446 2445 2445 2445 2445 2446 2446 2440 2440 2450 2450 2451 2451 2444 2444 2444 2444 2451 2451 2445 2445 2455 2455 2457 2457 2452 2452 2456 2456 2457 2457 2455 2455 2453 2453 2454 2454 2455 2455 2452 2452 2453 2453 2455 2455 2458 2458 2463 2463 2461 2461 2461 2461 2463 2463 2462 2462 2461 2461 2460 2460 2459 2459 2461 2461 2459 2459 2458 2458 2458 2458 2459 2459 2452 2452 2452 2452 2459 2459 2453 2453 2459 2459 2460 2460 2453 2453 2453 2453 2460 2460 2454 2454 2460 2460 2461 2461 2454 2454 2454 2454 2461 2461 2455 2455 2461 2461 2462 2462 2455 2455 2455 2455 2462 2462 2456 2456 2463 2463 2458 2458 2457 2457 2457 2457 2458 2458 2452 2452 2462 2462 2463 2463 2456 2456 2456 2456 2463 2463 2457 2457 2466 2466 2467 2467 2468 2468 2464 2464 2468 2468 2469 2469 2464 2464 2465 2465 2468 2468 2466 2466 2468 2468 2465 2465 2474 2474 2473 2473 2472 2472 2475 2475 2474 2474 2470 2470 2474 2474 2471 2471 2470 2470 2471 2471 2474 2474 2472 2472 2470 2470 2471 2471 2464 2464 2464 2464 2471 2471 2465 2465 2471 2471 2472 2472 2465 2465 2465 2465 2472 2472 2466 2466 2472 2472 2473 2473 2466 2466 2466 2466 2473 2473 2467 2467 2473 2473 2474 2474 2467 2467 2467 2467 2474 2474 2468 2468 2475 2475 2470 2470 2469 2469 2469 2469 2470 2470 2464 2464 2474 2474 2475 2475 2468 2468 2468 2468 2475 2475 2469 2469 2478 2478 2481 2481 2476 2476 2480 2480 2481 2481 2478 2478 2480 2480 2478 2478 2479 2479 2476 2476 2477 2477 2478 2478 2482 2482 2487 2487 2484 2484 2484 2484 2487 2487 2486 2486 2485 2485 2484 2484 2486 2486 2484 2484 2483 2483 2482 2482 2482 2482 2483 2483 2476 2476 2476 2476 2483 2483 2477 2477 2483 2483 2484 2484 2477 2477 2477 2477 2484 2484 2478 2478 2484 2484 2485 2485 2478 2478 2478 2478 2485 2485 2479 2479 2485 2485 2486 2486 2479 2479 2479 2479 2486 2486 2480 2480 2487 2487 2482 2482 2481 2481 2481 2481 2482 2482 2476 2476 2486 2486 2487 2487 2480 2480 2480 2480 2487 2487 2481 2481 2490 2490 2491 2491 2492 2492 2488 2488 2492 2492 2493 2493 2488 2488 2489 2489 2492 2492 2490 2490 2492 2492 2489 2489 2498 2498 2497 2497 2496 2496 2499 2499 2498 2498 2494 2494 2498 2498 2495 2495 2494 2494 2495 2495 2498 2498 2496 2496 2494 2494 2495 2495 2488 2488 2488 2488 2495 2495 2489 2489 2495 2495 2496 2496 2489 2489 2489 2489 2496 2496 2490 2490 2496 2496 2497 2497 2490 2490 2490 2490 2497 2497 2491 2491 2497 2497 2498 2498 2491 2491 2491 2491 2498 2498 2492 2492 2499 2499 2494 2494 2493 2493 2493 2493 2494 2494 2488 2488 2498 2498 2499 2499 2492 2492 2492 2492 2499 2499 2493 2493 2501 2501 2506 2506 2500 2500 2505 2505 2506 2506 2501 2501 2505 2505 2501 2501 2503 2503 2503 2503 2501 2501 2502 2502 2504 2504 2505 2505 2503 2503 2507 2507 2513 2513 2508 2508 2508 2508 2513 2513 2512 2512 2510 2510 2508 2508 2512 2512 2509 2509 2508 2508 2510 2510 2510 2510 2512 2512 2511 2511 2507 2507 2508 2508 2500 2500 2500 2500 2508 2508 2501 2501 2508 2508 2509 2509 2501 2501 2501 2501 2509 2509 2502 2502 2509 2509 2510 2510 2502 2502 2502 2502 2510 2510 2503 2503 2510 2510 2511 2511 2503 2503 2503 2503 2511 2511 2504 2504 2511 2511 2512 2512 2504 2504 2504 2504 2512 2512 2505 2505 2513 2513 2507 2507 2506 2506 2506 2506 2507 2507 2500 2500 2512 2512 2513 2513 2505 2505 2505 2505 2513 2513 2506 2506 2517 2517 2518 2518 2516 2516 2515 2515 2516 2516 2518 2518 2519 2519 2521 2521 2518 2518 2518 2518 2521 2521 2514 2514 2521 2521 2519 2519 2520 2520 2514 2514 2515 2515 2518 2518 2524 2524 2526 2526 2525 2525 2526 2526 2524 2524 2523 2523 2526 2526 2529 2529 2527 2527 2522 2522 2529 2529 2526 2526 2528 2528 2527 2527 2529 2529 2526 2526 2523 2523 2522 2522 2522 2522 2523 2523 2514 2514 2514 2514 2523 2523 2515 2515 2523 2523 2524 2524 2515 2515 2515 2515 2524 2524 2516 2516 2524 2524 2525 2525 2516 2516 2516 2516 2525 2525 2517 2517 2525 2525 2526 2526 2517 2517 2517 2517 2526 2526 2518 2518 2526 2526 2527 2527 2518 2518 2518 2518 2527 2527 2519 2519 2527 2527 2528 2528 2519 2519 2519 2519 2528 2528 2520 2520 2529 2529 2522 2522 2521 2521 2521 2521 2522 2522 2514 2514 2528 2528 2529 2529 2520 2520 2520 2520 2529 2529 2521 2521 2534 2534 2535 2535 2533 2533 2530 2530 2531 2531 2533 2533 2532 2532 2533 2533 2531 2531 2535 2535 2530 2530 2533 2533 2539 2539 2541 2541 2540 2540 2539 2539 2537 2537 2536 2536 2537 2537 2539 2539 2538 2538 2539 2539 2536 2536 2541 2541 2536 2536 2537 2537 2530 2530 2530 2530 2537 2537 2531 2531 2537 2537 2538 2538 2531 2531 2531 2531 2538 2538 2532 2532 2538 2538 2539 2539 2532 2532 2532 2532 2539 2539 2533 2533 2539 2539 2540 2540 2533 2533 2533 2533 2540 2540 2534 2534 2541 2541 2536 2536 2535 2535 2535 2535 2536 2536 2530 2530 2540 2540 2541 2541 2534 2534 2534 2534 2541 2541 2535 2535 2543 2543 2546 2546 2547 2547 2545 2545 2546 2546 2543 2543 2542 2542 2543 2543 2547 2547 2545 2545 2543 2543 2544 2544 2553 2553 2552 2552 2549 2549 2549 2549 2552 2552 2551 2551 2553 2553 2549 2549 2548 2548 2550 2550 2549 2549 2551 2551 2548 2548 2549 2549 2542 2542 2542 2542 2549 2549 2543 2543 2549 2549 2550 2550 2543 2543 2543 2543 2550 2550 2544 2544 2550 2550 2551 2551 2544 2544 2544 2544 2551 2551 2545 2545 2551 2551 2552 2552 2545 2545 2545 2545 2552 2552 2546 2546 2553 2553 2548 2548 2547 2547 2547 2547 2548 2548 2542 2542 2552 2552 2553 2553 2546 2546 2546 2546 2553 2553 2547 2547 2557 2557 2558 2558 2559 2559 2554 2554 2557 2557 2559 2559 2554 2554 2555 2555 2557 2557 2556 2556 2557 2557 2555 2555 2565 2565 2564 2564 2563 2563 2565 2565 2563 2563 2560 2560 2563 2563 2561 2561 2560 2560 2561 2561 2563 2563 2562 2562 2560 2560 2561 2561 2554 2554 2554 2554 2561 2561 2555 2555 2561 2561 2562 2562 2555 2555 2555 2555 2562 2562 2556 2556 2562 2562 2563 2563 2556 2556 2556 2556 2563 2563 2557 2557 2563 2563 2564 2564 2557 2557 2557 2557 2564 2564 2558 2558 2565 2565 2560 2560 2559 2559 2559 2559 2560 2560 2554 2554 2564 2564 2565 2565 2558 2558 2558 2558 2565 2565 2559 2559 2566 2566 2568 2568 2571 2571 2570 2570 2571 2571 2568 2568 2567 2567 2568 2568 2566 2566 2570 2570 2568 2568 2569 2569 2577 2577 2574 2574 2572 2572 2574 2574 2577 2577 2576 2576 2572 2572 2574 2574 2573 2573 2575 2575 2574 2574 2576 2576 2572 2572 2573 2573 2566 2566 2566 2566 2573 2573 2567 2567 2573 2573 2574 2574 2567 2567 2567 2567 2574 2574 2568 2568 2574 2574 2575 2575 2568 2568 2568 2568 2575 2575 2569 2569 2575 2575 2576 2576 2569 2569 2569 2569 2576 2576 2570 2570 2577 2577 2572 2572 2571 2571 2571 2571 2572 2572 2566 2566 2576 2576 2577 2577 2570 2570 2570 2570 2577 2577 2571 2571 2579 2579 2584 2584 2585 2585 2585 2585 2578 2578 2579 2579 2579 2579 2583 2583 2584 2584 2581 2581 2582 2582 2583 2583 2583 2583 2580 2580 2581 2581 2579 2579 2580 2580 2583 2583 2593 2593 2592 2592 2587 2587 2587 2587 2586 2586 2593 2593 2592 2592 2591 2591 2587 2587 2591 2591 2590 2590 2589 2589 2589 2589 2588 2588 2591 2591 2591 2591 2588 2588 2587 2587 2586 2586 2587 2587 2578 2578 2578 2578 2587 2587 2579 2579 2587 2587 2588 2588 2579 2579 2579 2579 2588 2588 2580 2580 2588 2588 2589 2589 2580 2580 2580 2580 2589 2589 2581 2581 2589 2589 2590 2590 2581 2581 2581 2581 2590 2590 2582 2582 2590 2590 2591 2591 2582 2582 2582 2582 2591 2591 2583 2583 2591 2591 2592 2592 2583 2583 2583 2583 2592 2592 2584 2584 2593 2593 2586 2586 2585 2585 2585 2585 2586 2586 2578 2578 2592 2592 2593 2593 2584 2584 2584 2584 2593 2593 2585 2585 2596 2596 2597 2597 2598 2598 2599 2599 2600 2600 2601 2601 2601 2601 2598 2598 2599 2599 2595 2595 2596 2596 2601 2601 2598 2598 2601 2601 2596 2596 2601 2601 2594 2594 2595 2595 2606 2606 2605 2605 2604 2604 2609 2609 2608 2608 2607 2607 2607 2607 2606 2606 2609 2609 2609 2609 2604 2604 2603 2603 2604 2604 2609 2609 2606 2606 2603 2603 2602 2602 2609 2609 2602 2602 2603 2603 2594 2594 2594 2594 2603 2603 2595 2595 2603 2603 2604 2604 2595 2595 2595 2595 2604 2604 2596 2596 2604 2604 2605 2605 2596 2596 2596 2596 2605 2605 2597 2597 2605 2605 2606 2606 2597 2597 2597 2597 2606 2606 2598 2598 2606 2606 2607 2607 2598 2598 2598 2598 2607 2607 2599 2599 2607 2607 2608 2608 2599 2599 2599 2599 2608 2608 2600 2600 2609 2609 2602 2602 2601 2601 2601 2601 2602 2602 2594 2594 2608 2608 2609 2609 2600 2600 2600 2600 2609 2609 2601 2601 2615 2615 2616 2616 2614 2614 2612 2612 2614 2614 2616 2616 2617 2617 2610 2610 2616 2616 2612 2612 2616 2616 2611 2611 2610 2610 2611 2611 2616 2616 2614 2614 2612 2612 2613 2613 2622 2622 2624 2624 2623 2623 2624 2624 2622 2622 2620 2620 2624 2624 2618 2618 2625 2625 2619 2619 2624 2624 2620 2620 2624 2624 2619 2619 2618 2618 2621 2621 2620 2620 2622 2622 2618 2618 2619 2619 2610 2610 2610 2610 2619 2619 2611 2611 2619 2619 2620 2620 2611 2611 2611 2611 2620 2620 2612 2612 2620 2620 2621 2621 2612 2612 2612 2612 2621 2621 2613 2613 2621 2621 2622 2622 2613 2613 2613 2613 2622 2622 2614 2614 2622 2622 2623 2623 2614 2614 2614 2614 2623 2623 2615 2615 2623 2623 2624 2624 2615 2615 2615 2615 2624 2624 2616 2616 2625 2625 2618 2618 2617 2617 2617 2617 2618 2618 2610 2610 2624 2624 2625 2625 2616 2616 2616 2616 2625 2625 2617 2617 2631 2631 2629 2629 2630 2630 2633 2633 2626 2626 2632 2632 2632 2632 2628 2628 2631 2631 2629 2629 2631 2631 2628 2628 2626 2626 2627 2627 2632 2632 2628 2628 2632 2632 2627 2627 2638 2638 2637 2637 2639 2639 2640 2640 2634 2634 2641 2641 2639 2639 2636 2636 2640 2640 2636 2636 2639 2639 2637 2637 2640 2640 2635 2635 2634 2634 2635 2635 2640 2640 2636 2636 2634 2634 2635 2635 2626 2626 2626 2626 2635 2635 2627 2627 2635 2635 2636 2636 2627 2627 2627 2627 2636 2636 2628 2628 2636 2636 2637 2637 2628 2628 2628 2628 2637 2637 2629 2629 2637 2637 2638 2638 2629 2629 2629 2629 2638 2638 2630 2630 2638 2638 2639 2639 2630 2630 2630 2630 2639 2639 2631 2631 2639 2639 2640 2640 2631 2631 2631 2631 2640 2640 2632 2632 2641 2641 2634 2634 2633 2633 2633 2633 2634 2634 2626 2626 2640 2640 2641 2641 2632 2632 2632 2632 2641 2641 2633 2633 2647 2647 2648 2648 2649 2649 2644 2644 2647 2647 2642 2642 2649 2649 2642 2642 2647 2647 2647 2647 2644 2644 2645 2645 2642 2642 2643 2643 2644 2644 2646 2646 2647 2647 2645 2645 2657 2657 2656 2656 2655 2655 2650 2650 2655 2655 2652 2652 2655 2655 2650 2650 2657 2657 2653 2653 2652 2652 2655 2655 2652 2652 2651 2651 2650 2650 2653 2653 2655 2655 2654 2654 2650 2650 2651 2651 2642 2642 2642 2642 2651 2651 2643 2643 2651 2651 2652 2652 2643 2643 2643 2643 2652 2652 2644 2644 2652 2652 2653 2653 2644 2644 2644 2644 2653 2653 2645 2645 2653 2653 2654 2654 2645 2645 2645 2645 2654 2654 2646 2646 2654 2654 2655 2655 2646 2646 2646 2646 2655 2655 2647 2647 2655 2655 2656 2656 2647 2647 2647 2647 2656 2656 2648 2648 2657 2657 2650 2650 2649 2649 2649 2649 2650 2650 2642 2642 2656 2656 2657 2657 2648 2648 2648 2648 2657 2657 2649 2649 2663 2663 2664 2664 2662 2662 2661 2661 2662 2662 2664 2664 2665 2665 2659 2659 2664 2664 2659 2659 2660 2660 2661 2661 2665 2665 2658 2658 2659 2659 2664 2664 2659 2659 2661 2661 2670 2670 2672 2672 2671 2671 2672 2672 2670 2670 2669 2669 2672 2672 2667 2667 2673 2673 2669 2669 2668 2668 2667 2667 2667 2667 2666 2666 2673 2673 2669 2669 2667 2667 2672 2672 2666 2666 2667 2667 2658 2658 2658 2658 2667 2667 2659 2659 2667 2667 2668 2668 2659 2659 2659 2659 2668 2668 2660 2660 2668 2668 2669 2669 2660 2660 2660 2660 2669 2669 2661 2661 2669 2669 2670 2670 2661 2661 2661 2661 2670 2670 2662 2662 2670 2670 2671 2671 2662 2662 2662 2662 2671 2671 2663 2663 2671 2671 2672 2672 2663 2663 2663 2663 2672 2672 2664 2664 2673 2673 2666 2666 2665 2665 2665 2665 2666 2666 2658 2658 2672 2672 2673 2673 2664 2664 2664 2664 2673 2673 2665 2665 2680 2680 2681 2681 2679 2679 2678 2678 2679 2679 2681 2681 2674 2674 2675 2675 2681 2681 2676 2676 2677 2677 2678 2678 2681 2681 2675 2675 2676 2676 2681 2681 2676 2676 2678 2678 2687 2687 2689 2689 2688 2688 2689 2689 2687 2687 2686 2686 2689 2689 2683 2683 2682 2682 2686 2686 2685 2685 2684 2684 2684 2684 2683 2683 2689 2689 2686 2686 2684 2684 2689 2689 2682 2682 2683 2683 2674 2674 2674 2674 2683 2683 2675 2675 2683 2683 2684 2684 2675 2675 2675 2675 2684 2684 2676 2676 2684 2684 2685 2685 2676 2676 2676 2676 2685 2685 2677 2677 2685 2685 2686 2686 2677 2677 2677 2677 2686 2686 2678 2678 2686 2686 2687 2687 2678 2678 2678 2678 2687 2687 2679 2679 2687 2687 2688 2688 2679 2679 2679 2679 2688 2688 2680 2680 2689 2689 2682 2682 2681 2681 2681 2681 2682 2682 2674 2674 2688 2688 2689 2689 2680 2680 2680 2680 2689 2689 2681 2681 2694 2694 2695 2695 2696 2696 2697 2697 2690 2690 2692 2692 2692 2692 2696 2696 2697 2697 2696 2696 2692 2692 2693 2693 2690 2690 2691 2691 2692 2692 2694 2694 2696 2696 2693 2693 2704 2704 2703 2703 2702 2702 2700 2700 2698 2698 2705 2705 2705 2705 2704 2704 2700 2700 2701 2701 2700 2700 2704 2704 2700 2700 2699 2699 2698 2698 2701 2701 2704 2704 2702 2702 2698 2698 2699 2699 2690 2690 2690 2690 2699 2699 2691 2691 2699 2699 2700 2700 2691 2691 2691 2691 2700 2700 2692 2692 2700 2700 2701 2701 2692 2692 2692 2692 2701 2701 2693 2693 2701 2701 2702 2702 2693 2693 2693 2693 2702 2702 2694 2694 2702 2702 2703 2703 2694 2694 2694 2694 2703 2703 2695 2695 2703 2703 2704 2704 2695 2695 2695 2695 2704 2704 2696 2696 2705 2705 2698 2698 2697 2697 2697 2697 2698 2698 2690 2690 2704 2704 2705 2705 2696 2696 2696 2696 2705 2705 2697 2697 2712 2712 2710 2710 2711 2711 2708 2708 2712 2712 2713 2713 2712 2712 2708 2708 2710 2710 2710 2710 2708 2708 2709 2709 2708 2708 2706 2706 2707 2707 2713 2713 2706 2706 2708 2708 2719 2719 2718 2718 2720 2720 2721 2721 2720 2720 2716 2716 2718 2718 2716 2716 2720 2720 2717 2717 2716 2716 2718 2718 2715 2715 2714 2714 2716 2716 2716 2716 2714 2714 2721 2721 2714 2714 2715 2715 2706 2706 2706 2706 2715 2715 2707 2707 2715 2715 2716 2716 2707 2707 2707 2707 2716 2716 2708 2708 2716 2716 2717 2717 2708 2708 2708 2708 2717 2717 2709 2709 2717 2717 2718 2718 2709 2709 2709 2709 2718 2718 2710 2710 2718 2718 2719 2719 2710 2710 2710 2710 2719 2719 2711 2711 2719 2719 2720 2720 2711 2711 2711 2711 2720 2720 2712 2712 2721 2721 2714 2714 2713 2713 2713 2713 2714 2714 2706 2706 2720 2720 2721 2721 2712 2712 2712 2712 2721 2721 2713 2713 2726 2726 2727 2727 2728 2728 2728 2728 2729 2729 2722 2722 2722 2722 2725 2725 2728 2728 2722 2722 2723 2723 2725 2725 2724 2724 2725 2725 2723 2723 2728 2728 2725 2725 2726 2726 2736 2736 2735 2735 2734 2734 2730 2730 2737 2737 2736 2736 2736 2736 2733 2733 2730 2730 2733 2733 2731 2731 2730 2730 2731 2731 2733 2733 2732 2732 2734 2734 2733 2733 2736 2736 2730 2730 2731 2731 2722 2722 2722 2722 2731 2731 2723 2723 2731 2731 2732 2732 2723 2723 2723 2723 2732 2732 2724 2724 2732 2732 2733 2733 2724 2724 2724 2724 2733 2733 2725 2725 2733 2733 2734 2734 2725 2725 2725 2725 2734 2734 2726 2726 2734 2734 2735 2735 2726 2726 2726 2726 2735 2735 2727 2727 2735 2735 2736 2736 2727 2727 2727 2727 2736 2736 2728 2728 2737 2737 2730 2730 2729 2729 2729 2729 2730 2730 2722 2722 2736 2736 2737 2737 2728 2728 2728 2728 2737 2737 2729 2729 2742 2742 2743 2743 2744 2744 2745 2745 2738 2738 2739 2739 2739 2739 2744 2744 2745 2745 2744 2744 2739 2739 2741 2741 2741 2741 2739 2739 2740 2740 2742 2742 2744 2744 2741 2741 2752 2752 2751 2751 2750 2750 2747 2747 2746 2746 2753 2753 2753 2753 2752 2752 2747 2747 2749 2749 2747 2747 2752 2752 2748 2748 2747 2747 2749 2749 2749 2749 2752 2752 2750 2750 2746 2746 2747 2747 2738 2738 2738 2738 2747 2747 2739 2739 2747 2747 2748 2748 2739 2739 2739 2739 2748 2748 2740 2740 2748 2748 2749 2749 2740 2740 2740 2740 2749 2749 2741 2741 2749 2749 2750 2750 2741 2741 2741 2741 2750 2750 2742 2742 2750 2750 2751 2751 2742 2742 2742 2742 2751 2751 2743 2743 2751 2751 2752 2752 2743 2743 2743 2743 2752 2752 2744 2744 2753 2753 2746 2746 2745 2745 2745 2745 2746 2746 2738 2738 2752 2752 2753 2753 2744 2744 2744 2744 2753 2753 2745 2745 2755 2755 2760 2760 2761 2761 2761 2761 2754 2754 2755 2755 2755 2755 2759 2759 2760 2760 2757 2757 2758 2758 2759 2759 2757 2757 2755 2755 2756 2756 2759 2759 2755 2755 2757 2757 2769 2769 2768 2768 2763 2763 2763 2763 2762 2762 2769 2769 2768 2768 2767 2767 2763 2763 2767 2767 2766 2766 2765 2765 2764 2764 2763 2763 2765 2765 2765 2765 2763 2763 2767 2767 2762 2762 2763 2763 2754 2754 2754 2754 2763 2763 2755 2755 2763 2763 2764 2764 2755 2755 2755 2755 2764 2764 2756 2756 2764 2764 2765 2765 2756 2756 2756 2756 2765 2765 2757 2757 2765 2765 2766 2766 2757 2757 2757 2757 2766 2766 2758 2758 2766 2766 2767 2767 2758 2758 2758 2758 2767 2767 2759 2759 2767 2767 2768 2768 2759 2759 2759 2759 2768 2768 2760 2760 2769 2769 2762 2762 2761 2761 2761 2761 2762 2762 2754 2754 2768 2768 2769 2769 2760 2760 2760 2760 2769 2769 2761 2761 2770 2770 2772 2772 2777 2777 2774 2774 2777 2777 2772 2772 2772 2772 2770 2770 2771 2771 2774 2774 2775 2775 2776 2776 2772 2772 2773 2773 2774 2774 2777 2777 2774 2774 2776 2776 2785 2785 2780 2780 2778 2778 2780 2780 2785 2785 2782 2782 2779 2779 2778 2778 2780 2780 2784 2784 2783 2783 2782 2782 2782 2782 2781 2781 2780 2780 2784 2784 2782 2782 2785 2785 2778 2778 2779 2779 2770 2770 2770 2770 2779 2779 2771 2771 2779 2779 2780 2780 2771 2771 2771 2771 2780 2780 2772 2772 2780 2780 2781 2781 2772 2772 2772 2772 2781 2781 2773 2773 2781 2781 2782 2782 2773 2773 2773 2773 2782 2782 2774 2774 2782 2782 2783 2783 2774 2774 2774 2774 2783 2783 2775 2775 2783 2783 2784 2784 2775 2775 2775 2775 2784 2784 2776 2776 2785 2785 2778 2778 2777 2777 2777 2777 2778 2778 2770 2770 2784 2784 2785 2785 2776 2776 2776 2776 2785 2785 2777 2777 2791 2791 2793 2793 2788 2788 2787 2787 2788 2788 2786 2786 2793 2793 2786 2786 2788 2788 2791 2791 2792 2792 2793 2793 2789 2789 2790 2790 2791 2791 2791 2791 2788 2788 2789 2789 2796 2796 2801 2801 2799 2799 2794 2794 2796 2796 2795 2795 2796 2796 2794 2794 2801 2801 2801 2801 2800 2800 2799 2799 2799 2799 2798 2798 2797 2797 2797 2797 2796 2796 2799 2799 2794 2794 2795 2795 2786 2786 2786 2786 2795 2795 2787 2787 2795 2795 2796 2796 2787 2787 2787 2787 2796 2796 2788 2788 2796 2796 2797 2797 2788 2788 2788 2788 2797 2797 2789 2789 2797 2797 2798 2798 2789 2789 2789 2789 2798 2798 2790 2790 2798 2798 2799 2799 2790 2790 2790 2790 2799 2799 2791 2791 2799 2799 2800 2800 2791 2791 2791 2791 2800 2800 2792 2792 2801 2801 2794 2794 2793 2793 2793 2793 2794 2794 2786 2786 2800 2800 2801 2801 2792 2792 2792 2792 2801 2801 2793 2793 2804 2804 2807 2807 2808 2808 2808 2808 2809 2809 2802 2802 2802 2802 2803 2803 2808 2808 2804 2804 2805 2805 2806 2806 2808 2808 2803 2803 2804 2804 2807 2807 2804 2804 2806 2806 2816 2816 2815 2815 2812 2812 2810 2810 2817 2817 2816 2816 2816 2816 2811 2811 2810 2810 2814 2814 2813 2813 2812 2812 2812 2812 2811 2811 2816 2816 2814 2814 2812 2812 2815 2815 2810 2810 2811 2811 2802 2802 2802 2802 2811 2811 2803 2803 2811 2811 2812 2812 2803 2803 2803 2803 2812 2812 2804 2804 2812 2812 2813 2813 2804 2804 2804 2804 2813 2813 2805 2805 2813 2813 2814 2814 2805 2805 2805 2805 2814 2814 2806 2806 2814 2814 2815 2815 2806 2806 2806 2806 2815 2815 2807 2807 2815 2815 2816 2816 2807 2807 2807 2807 2816 2816 2808 2808 2817 2817 2810 2810 2809 2809 2809 2809 2810 2810 2802 2802 2816 2816 2817 2817 2808 2808 2808 2808 2817 2817 2809 2809 2823 2823 2824 2824 2825 2825 2825 2825 2818 2818 2823 2823 2821 2821 2823 2823 2818 2818 2818 2818 2819 2819 2821 2821 2820 2820 2821 2821 2819 2819 2823 2823 2821 2821 2822 2822 2833 2833 2832 2832 2831 2831 2831 2831 2826 2826 2833 2833 2826 2826 2831 2831 2829 2829 2829 2829 2827 2827 2826 2826 2827 2827 2829 2829 2828 2828 2830 2830 2829 2829 2831 2831 2826 2826 2827 2827 2818 2818 2818 2818 2827 2827 2819 2819 2827 2827 2828 2828 2819 2819 2819 2819 2828 2828 2820 2820 2828 2828 2829 2829 2820 2820 2820 2820 2829 2829 2821 2821 2829 2829 2830 2830 2821 2821 2821 2821 2830 2830 2822 2822 2830 2830 2831 2831 2822 2822 2822 2822 2831 2831 2823 2823 2831 2831 2832 2832 2823 2823 2823 2823 2832 2832 2824 2824 2833 2833 2826 2826 2825 2825 2825 2825 2826 2826 2818 2818 2832 2832 2833 2833 2824 2824 2824 2824 2833 2833 2825 2825 2838 2838 2839 2839 2840 2840 2840 2840 2841 2841 2834 2834 2834 2834 2835 2835 2840 2840 2835 2835 2837 2837 2838 2838 2837 2837 2835 2835 2836 2836 2840 2840 2835 2835 2838 2838 2848 2848 2847 2847 2846 2846 2842 2842 2849 2849 2848 2848 2848 2848 2843 2843 2842 2842 2846 2846 2845 2845 2843 2843 2844 2844 2843 2843 2845 2845 2846 2846 2843 2843 2848 2848 2842 2842 2843 2843 2834 2834 2834 2834 2843 2843 2835 2835 2843 2843 2844 2844 2835 2835 2835 2835 2844 2844 2836 2836 2844 2844 2845 2845 2836 2836 2836 2836 2845 2845 2837 2837 2845 2845 2846 2846 2837 2837 2837 2837 2846 2846 2838 2838 2846 2846 2847 2847 2838 2838 2838 2838 2847 2847 2839 2839 2847 2847 2848 2848 2839 2839 2839 2839 2848 2848 2840 2840 2849 2849 2842 2842 2841 2841 2841 2841 2842 2842 2834 2834 2848 2848 2849 2849 2840 2840 2840 2840 2849 2849 2841 2841 2856 2856 2857 2857 2855 2855 2854 2854 2855 2855 2857 2857 2850 2850 2853 2853 2857 2857 2850 2850 2851 2851 2853 2853 2852 2852 2853 2853 2851 2851 2857 2857 2853 2853 2854 2854 2863 2863 2865 2865 2864 2864 2865 2865 2863 2863 2862 2862 2865 2865 2861 2861 2858 2858 2861 2861 2859 2859 2858 2858 2859 2859 2861 2861 2860 2860 2862 2862 2861 2861 2865 2865 2858 2858 2859 2859 2850 2850 2850 2850 2859 2859 2851 2851 2859 2859 2860 2860 2851 2851 2851 2851 2860 2860 2852 2852 2860 2860 2861 2861 2852 2852 2852 2852 2861 2861 2853 2853 2861 2861 2862 2862 2853 2853 2853 2853 2862 2862 2854 2854 2862 2862 2863 2863 2854 2854 2854 2854 2863 2863 2855 2855 2863 2863 2864 2864 2855 2855 2855 2855 2864 2864 2856 2856 2865 2865 2858 2858 2857 2857 2857 2857 2858 2858 2850 2850 2864 2864 2865 2865 2856 2856 2856 2856 2865 2865 2857 2857 2869 2869 2871 2871 2872 2872 2872 2872 2873 2873 2866 2866 2866 2866 2867 2867 2872 2872 2872 2872 2867 2867 2869 2869 2868 2868 2869 2869 2867 2867 2871 2871 2869 2869 2870 2870 2880 2880 2879 2879 2877 2877 2874 2874 2881 2881 2880 2880 2880 2880 2875 2875 2874 2874 2877 2877 2875 2875 2880 2880 2875 2875 2877 2877 2876 2876 2878 2878 2877 2877 2879 2879 2874 2874 2875 2875 2866 2866 2866 2866 2875 2875 2867 2867 2875 2875 2876 2876 2867 2867 2867 2867 2876 2876 2868 2868 2876 2876 2877 2877 2868 2868 2868 2868 2877 2877 2869 2869 2877 2877 2878 2878 2869 2869 2869 2869 2878 2878 2870 2870 2878 2878 2879 2879 2870 2870 2870 2870 2879 2879 2871 2871 2879 2879 2880 2880 2871 2871 2871 2871 2880 2880 2872 2872 2881 2881 2874 2874 2873 2873 2873 2873 2874 2874 2866 2866 2880 2880 2881 2881 2872 2872 2872 2872 2881 2881 2873 2873 2888 2888 2889 2889 2887 2887 2884 2884 2887 2887 2889 2889 2882 2882 2883 2883 2889 2889 2884 2884 2885 2885 2886 2886 2889 2889 2883 2883 2884 2884 2887 2887 2884 2884 2886 2886 2895 2895 2897 2897 2896 2896 2897 2897 2895 2895 2892 2892 2897 2897 2891 2891 2890 2890 2894 2894 2893 2893 2892 2892 2892 2892 2891 2891 2897 2897 2894 2894 2892 2892 2895 2895 2890 2890 2891 2891 2882 2882 2882 2882 2891 2891 2883 2883 2891 2891 2892 2892 2883 2883 2883 2883 2892 2892 2884 2884 2892 2892 2893 2893 2884 2884 2884 2884 2893 2893 2885 2885 2893 2893 2894 2894 2885 2885 2885 2885 2894 2894 2886 2886 2894 2894 2895 2895 2886 2886 2886 2886 2895 2895 2887 2887 2895 2895 2896 2896 2887 2887 2887 2887 2896 2896 2888 2888 2897 2897 2890 2890 2889 2889 2889 2889 2890 2890 2882 2882 2896 2896 2897 2897 2888 2888 2888 2888 2897 2897 2889 2889 2903 2903 2904 2904 2905 2905 2901 2901 2903 2903 2898 2898 2905 2905 2898 2898 2903 2903 2898 2898 2899 2899 2901 2901 2900 2900 2901 2901 2899 2899 2903 2903 2901 2901 2902 2902 2913 2913 2912 2912 2911 2911 2906 2906 2911 2911 2909 2909 2911 2911 2906 2906 2913 2913 2909 2909 2907 2907 2906 2906 2907 2907 2909 2909 2908 2908 2910 2910 2909 2909 2911 2911 2906 2906 2907 2907 2898 2898 2898 2898 2907 2907 2899 2899 2907 2907 2908 2908 2899 2899 2899 2899 2908 2908 2900 2900 2908 2908 2909 2909 2900 2900 2900 2900 2909 2909 2901 2901 2909 2909 2910 2910 2901 2901 2901 2901 2910 2910 2902 2902 2910 2910 2911 2911 2902 2902 2902 2902 2911 2911 2903 2903 2911 2911 2912 2912 2903 2903 2903 2903 2912 2912 2904 2904 2913 2913 2906 2906 2905 2905 2905 2905 2906 2906 2898 2898 2912 2912 2913 2913 2904 2904 2904 2904 2913 2913 2905 2905 2914 2914 2916 2916 2921 2921 2920 2920 2921 2921 2916 2916 2916 2916 2914 2914 2915 2915 2916 2916 2917 2917 2919 2919 2918 2918 2919 2919 2917 2917 2916 2916 2919 2919 2920 2920 2929 2929 2924 2924 2922 2922 2924 2924 2929 2929 2928 2928 2923 2923 2922 2922 2924 2924 2927 2927 2925 2925 2924 2924 2925 2925 2927 2927 2926 2926 2928 2928 2927 2927 2924 2924 2922 2922 2923 2923 2914 2914 2914 2914 2923 2923 2915 2915 2923 2923 2924 2924 2915 2915 2915 2915 2924 2924 2916 2916 2924 2924 2925 2925 2916 2916 2916 2916 2925 2925 2917 2917 2925 2925 2926 2926 2917 2917 2917 2917 2926 2926 2918 2918 2926 2926 2927 2927 2918 2918 2918 2918 2927 2927 2919 2919 2927 2927 2928 2928 2919 2919 2919 2919 2928 2928 2920 2920 2929 2929 2922 2922 2921 2921 2921 2921 2922 2922 2914 2914 2928 2928 2929 2929 2920 2920 2920 2920 2929 2929 2921 2921 2934 2934 2935 2935 2936 2936 2937 2937 2930 2930 2932 2932 2932 2932 2936 2936 2937 2937 2932 2932 2933 2933 2934 2934 2930 2930 2931 2931 2932 2932 2936 2936 2932 2932 2934 2934 2944 2944 2943 2943 2942 2942 2940 2940 2938 2938 2945 2945 2945 2945 2944 2944 2940 2940 2942 2942 2941 2941 2940 2940 2940 2940 2939 2939 2938 2938 2942 2942 2940 2940 2944 2944 2938 2938 2939 2939 2930 2930 2930 2930 2939 2939 2931 2931 2939 2939 2940 2940 2931 2931 2931 2931 2940 2940 2932 2932 2940 2940 2941 2941 2932 2932 2932 2932 2941 2941 2933 2933 2941 2941 2942 2942 2933 2933 2933 2933 2942 2942 2934 2934 2942 2942 2943 2943 2934 2934 2934 2934 2943 2943 2935 2935 2943 2943 2944 2944 2935 2935 2935 2935 2944 2944 2936 2936 2945 2945 2938 2938 2937 2937 2937 2937 2938 2938 2930 2930 2944 2944 2945 2945 2936 2936 2936 2936 2945 2945 2937 2937 2951 2951 2953 2953 2948 2948 2947 2947 2948 2948 2946 2946 2953 2953 2946 2946 2948 2948 2951 2951 2952 2952 2953 2953 2949 2949 2950 2950 2951 2951 2951 2951 2948 2948 2949 2949 2956 2956 2961 2961 2959 2959 2954 2954 2956 2956 2955 2955 2956 2956 2954 2954 2961 2961 2961 2961 2960 2960 2959 2959 2959 2959 2958 2958 2957 2957 2957 2957 2956 2956 2959 2959 2954 2954 2955 2955 2946 2946 2946 2946 2955 2955 2947 2947 2955 2955 2956 2956 2947 2947 2947 2947 2956 2956 2948 2948 2956 2956 2957 2957 2948 2948 2948 2948 2957 2957 2949 2949 2957 2957 2958 2958 2949 2949 2949 2949 2958 2958 2950 2950 2958 2958 2959 2959 2950 2950 2950 2950 2959 2959 2951 2951 2959 2959 2960 2960 2951 2951 2951 2951 2960 2960 2952 2952 2961 2961 2954 2954 2953 2953 2953 2953 2954 2954 2946 2946 2960 2960 2961 2961 2952 2952 2952 2952 2961 2961 2953 2953 2962 2962 2963 2963 2969 2969 2966 2966 2969 2969 2963 2963 2964 2964 2965 2965 2963 2963 2966 2966 2967 2967 2968 2968 2963 2963 2965 2965 2966 2966 2969 2969 2966 2966 2968 2968 2977 2977 2971 2971 2970 2970 2971 2971 2977 2977 2974 2974 2971 2971 2973 2973 2972 2972 2976 2976 2975 2975 2974 2974 2974 2974 2973 2973 2971 2971 2976 2976 2974 2974 2977 2977 2970 2970 2971 2971 2962 2962 2962 2962 2971 2971 2963 2963 2971 2971 2972 2972 2963 2963 2963 2963 2972 2972 2964 2964 2972 2972 2973 2973 2964 2964 2964 2964 2973 2973 2965 2965 2973 2973 2974 2974 2965 2965 2965 2965 2974 2974 2966 2966 2974 2974 2975 2975 2966 2966 2966 2966 2975 2975 2967 2967 2975 2975 2976 2976 2967 2967 2967 2967 2976 2976 2968 2968 2977 2977 2970 2970 2969 2969 2969 2969 2970 2970 2962 2962 2976 2976 2977 2977 2968 2968 2968 2968 2977 2977 2969 2969 2985 2985 2983 2983 2984 2984 2985 2985 2978 2978 2980 2980 2980 2980 2983 2983 2985 2985 2980 2980 2981 2981 2982 2982 2978 2978 2979 2979 2980 2980 2983 2983 2980 2980 2982 2982 2992 2992 2991 2991 2993 2993 2988 2988 2986 2986 2993 2993 2993 2993 2991 2991 2988 2988 2990 2990 2989 2989 2988 2988 2988 2988 2987 2987 2986 2986 2990 2990 2988 2988 2991 2991 2986 2986 2987 2987 2978 2978 2978 2978 2987 2987 2979 2979 2987 2987 2988 2988 2979 2979 2979 2979 2988 2988 2980 2980 2988 2988 2989 2989 2980 2980 2980 2980 2989 2989 2981 2981 2989 2989 2990 2990 2981 2981 2981 2981 2990 2990 2982 2982 2990 2990 2991 2991 2982 2982 2982 2982 2991 2991 2983 2983 2991 2991 2992 2992 2983 2983 2983 2983 2992 2992 2984 2984 2993 2993 2986 2986 2985 2985 2985 2985 2986 2986 2978 2978 2992 2992 2993 2993 2984 2984 2984 2984 2993 2993 2985 2985 3000 3000 3001 3001 2999 2999 2996 2996 2999 2999 3001 3001 2994 2994 2996 2996 3001 3001 2996 2996 2997 2997 2998 2998 2994 2994 2995 2995 2996 2996 2999 2999 2996 2996 2998 2998 3007 3007 3009 3009 3008 3008 3009 3009 3007 3007 3004 3004 3009 3009 3004 3004 3002 3002 3006 3006 3005 3005 3004 3004 3004 3004 3003 3003 3002 3002 3006 3006 3004 3004 3007 3007 3002 3002 3003 3003 2994 2994 2994 2994 3003 3003 2995 2995 3003 3003 3004 3004 2995 2995 2995 2995 3004 3004 2996 2996 3004 3004 3005 3005 2996 2996 2996 2996 3005 3005 2997 2997 3005 3005 3006 3006 2997 2997 2997 2997 3006 3006 2998 2998 3006 3006 3007 3007 2998 2998 2998 2998 3007 3007 2999 2999 3007 3007 3008 3008 2999 2999 2999 2999 3008 3008 3000 3000 3009 3009 3002 3002 3001 3001 3001 3001 3002 3002 2994 2994 3008 3008 3009 3009 3000 3000 3000 3000 3009 3009 3001 3001 3015 3015 3016 3016 3014 3014 3013 3013 3014 3014 3016 3016 3017 3017 3010 3010 3016 3016 3013 3013 3011 3011 3012 3012 3013 3013 3016 3016 3011 3011 3010 3010 3011 3011 3016 3016 3022 3022 3024 3024 3023 3023 3024 3024 3022 3022 3021 3021 3024 3024 3018 3018 3025 3025 3020 3020 3019 3019 3021 3021 3019 3019 3024 3024 3021 3021 3024 3024 3019 3019 3018 3018 3018 3018 3019 3019 3010 3010 3010 3010 3019 3019 3011 3011 3019 3019 3020 3020 3011 3011 3011 3011 3020 3020 3012 3012 3020 3020 3021 3021 3012 3012 3012 3012 3021 3021 3013 3013 3021 3021 3022 3022 3013 3013 3013 3013 3022 3022 3014 3014 3022 3022 3023 3023 3014 3014 3014 3014 3023 3023 3015 3015 3023 3023 3024 3024 3015 3015 3015 3015 3024 3024 3016 3016 3025 3025 3018 3018 3017 3017 3017 3017 3018 3018 3010 3010 3024 3024 3025 3025 3016 3016 3016 3016 3025 3025 3017 3017 3026 3026 3028 3028 3033 3033 3030 3030 3033 3033 3028 3028 3028 3028 3026 3026 3027 3027 3030 3030 3031 3031 3032 3032 3028 3028 3029 3029 3030 3030 3033 3033 3030 3030 3032 3032 3041 3041 3036 3036 3034 3034 3036 3036 3041 3041 3038 3038 3035 3035 3034 3034 3036 3036 3040 3040 3039 3039 3038 3038 3038 3038 3037 3037 3036 3036 3040 3040 3038 3038 3041 3041 3034 3034 3035 3035 3026 3026 3026 3026 3035 3035 3027 3027 3035 3035 3036 3036 3027 3027 3027 3027 3036 3036 3028 3028 3036 3036 3037 3037 3028 3028 3028 3028 3037 3037 3029 3029 3037 3037 3038 3038 3029 3029 3029 3029 3038 3038 3030 3030 3038 3038 3039 3039 3030 3030 3030 3030 3039 3039 3031 3031 3039 3039 3040 3040 3031 3031 3031 3031 3040 3040 3032 3032 3041 3041 3034 3034 3033 3033 3033 3033 3034 3034 3026 3026 3040 3040 3041 3041 3032 3032 3032 3032 3041 3041 3033 3033 3046 3046 3049 3049 3053 3053 3048 3048 3046 3046 3047 3047 3048 3048 3049 3049 3046 3046 3044 3044 3045 3045 3046 3046 3042 3042 3043 3043 3044 3044 3053 3053 3042 3042 3044 3044 3052 3052 3053 3053 3050 3050 3053 3053 3049 3049 3050 3050 3051 3051 3052 3052 3050 3050 3044 3044 3046 3046 3053 3053 3065 3065 3061 3061 3058 3058 3059 3059 3058 3058 3060 3060 3058 3058 3061 3061 3060 3060 3058 3058 3057 3057 3056 3056 3056 3056 3055 3055 3054 3054 3056 3056 3054 3054 3065 3065 3062 3062 3065 3065 3064 3064 3062 3062 3061 3061 3065 3065 3062 3062 3064 3064 3063 3063 3065 3065 3058 3058 3056 3056 3054 3054 3055 3055 3042 3042 3042 3042 3055 3055 3043 3043 3055 3055 3056 3056 3043 3043 3043 3043 3056 3056 3044 3044 3056 3056 3057 3057 3044 3044 3044 3044 3057 3057 3045 3045 3057 3057 3058 3058 3045 3045 3045 3045 3058 3058 3046 3046 3058 3058 3059 3059 3046 3046 3046 3046 3059 3059 3047 3047 3059 3059 3060 3060 3047 3047 3047 3047 3060 3060 3048 3048 3060 3060 3061 3061 3048 3048 3048 3048 3061 3061 3049 3049 3061 3061 3062 3062 3049 3049 3049 3049 3062 3062 3050 3050 3062 3062 3063 3063 3050 3050 3050 3050 3063 3063 3051 3051 3063 3063 3064 3064 3051 3051 3051 3051 3064 3064 3052 3052 3065 3065 3054 3054 3053 3053 3053 3053 3054 3054 3042 3042 3064 3064 3065 3065 3052 3052 3052 3052 3065 3065 3053 3053 3070 3070 3068 3068 3069 3069 3072 3072 3073 3073 3071 3071 3071 3071 3067 3067 3070 3070 3068 3068 3070 3070 3067 3067 3073 3073 3066 3066 3071 3071 3067 3067 3071 3071 3066 3066 3077 3077 3076 3076 3078 3078 3079 3079 3081 3081 3080 3080 3078 3078 3075 3075 3079 3079 3075 3075 3078 3078 3076 3076 3079 3079 3074 3074 3081 3081 3074 3074 3079 3079 3075 3075 3074 3074 3075 3075 3066 3066 3066 3066 3075 3075 3067 3067 3075 3075 3076 3076 3067 3067 3067 3067 3076 3076 3068 3068 3076 3076 3077 3077 3068 3068 3068 3068 3077 3077 3069 3069 3077 3077 3078 3078 3069 3069 3069 3069 3078 3078 3070 3070 3078 3078 3079 3079 3070 3070 3070 3070 3079 3079 3071 3071 3079 3079 3080 3080 3071 3071 3071 3071 3080 3080 3072 3072 3081 3081 3074 3074 3073 3073 3073 3073 3074 3074 3066 3066 3080 3080 3081 3081 3072 3072 3072 3072 3081 3081 3073 3073 3085 3085 3086 3086 3084 3084 3083 3083 3084 3084 3086 3086 3087 3087 3088 3088 3086 3086 3083 3083 3089 3089 3082 3082 3086 3086 3088 3088 3083 3083 3089 3089 3083 3083 3088 3088 3092 3092 3094 3094 3093 3093 3094 3094 3092 3092 3091 3091 3094 3094 3096 3096 3095 3095 3090 3090 3097 3097 3091 3091 3091 3091 3096 3096 3094 3094 3096 3096 3091 3091 3097 3097 3090 3090 3091 3091 3082 3082 3082 3082 3091 3091 3083 3083 3091 3091 3092 3092 3083 3083 3083 3083 3092 3092 3084 3084 3092 3092 3093 3093 3084 3084 3084 3084 3093 3093 3085 3085 3093 3093 3094 3094 3085 3085 3085 3085 3094 3094 3086 3086 3094 3094 3095 3095 3086 3086 3086 3086 3095 3095 3087 3087 3095 3095 3096 3096 3087 3087 3087 3087 3096 3096 3088 3088 3097 3097 3090 3090 3089 3089 3089 3089 3090 3090 3082 3082 3096 3096 3097 3097 3088 3088 3088 3088 3097 3097 3089 3089 3100 3100 3104 3104 3105 3105 3099 3099 3100 3100 3098 3098 3105 3105 3098 3098 3100 3100 3100 3100 3101 3101 3104 3104 3102 3102 3103 3103 3101 3101 3104 3104 3101 3101 3103 3103 3113 3113 3112 3112 3108 3108 3106 3106 3108 3108 3107 3107 3108 3108 3106 3106 3113 3113 3112 3112 3109 3109 3108 3108 3109 3109 3111 3111 3110 3110 3111 3111 3109 3109 3112 3112 3106 3106 3107 3107 3098 3098 3098 3098 3107 3107 3099 3099 3107 3107 3108 3108 3099 3099 3099 3099 3108 3108 3100 3100 3108 3108 3109 3109 3100 3100 3100 3100 3109 3109 3101 3101 3109 3109 3110 3110 3101 3101 3101 3101 3110 3110 3102 3102 3110 3110 3111 3111 3102 3102 3102 3102 3111 3111 3103 3103 3111 3111 3112 3112 3103 3103 3103 3103 3112 3112 3104 3104 3113 3113 3106 3106 3105 3105 3105 3105 3106 3106 3098 3098 3112 3112 3113 3113 3104 3104 3104 3104 3113 3113 3105 3105 3117 3117 3119 3119 3120 3120 3120 3120 3121 3121 3114 3114 3114 3114 3115 3115 3120 3120 3120 3120 3115 3115 3117 3117 3116 3116 3117 3117 3115 3115 3119 3119 3117 3117 3118 3118 3128 3128 3127 3127 3125 3125 3122 3122 3129 3129 3128 3128 3128 3128 3123 3123 3122 3122 3125 3125 3123 3123 3128 3128 3123 3123 3125 3125 3124 3124 3126 3126 3125 3125 3127 3127 3122 3122 3123 3123 3114 3114 3114 3114 3123 3123 3115 3115 3123 3123 3124 3124 3115 3115 3115 3115 3124 3124 3116 3116 3124 3124 3125 3125 3116 3116 3116 3116 3125 3125 3117 3117 3125 3125 3126 3126 3117 3117 3117 3117 3126 3126 3118 3118 3126 3126 3127 3127 3118 3118 3118 3118 3127 3127 3119 3119 3127 3127 3128 3128 3119 3119 3119 3119 3128 3128 3120 3120 3129 3129 3122 3122 3121 3121 3121 3121 3122 3122 3114 3114 3128 3128 3129 3129 3120 3120 3120 3120 3129 3129 3121 3121 3132 3132 3135 3135 3136 3136 3136 3136 3137 3137 3130 3130 3130 3130 3131 3131 3136 3136 3132 3132 3133 3133 3134 3134 3136 3136 3131 3131 3132 3132 3135 3135 3132 3132 3134 3134 3144 3144 3143 3143 3140 3140 3138 3138 3145 3145 3144 3144 3144 3144 3139 3139 3138 3138 3142 3142 3141 3141 3140 3140 3140 3140 3139 3139 3144 3144 3142 3142 3140 3140 3143 3143 3138 3138 3139 3139 3130 3130 3130 3130 3139 3139 3131 3131 3139 3139 3140 3140 3131 3131 3131 3131 3140 3140 3132 3132 3140 3140 3141 3141 3132 3132 3132 3132 3141 3141 3133 3133 3141 3141 3142 3142 3133 3133 3133 3133 3142 3142 3134 3134 3142 3142 3143 3143 3134 3134 3134 3134 3143 3143 3135 3135 3143 3143 3144 3144 3135 3135 3135 3135 3144 3144 3136 3136 3145 3145 3138 3138 3137 3137 3137 3137 3138 3138 3130 3130 3144 3144 3145 3145 3136 3136 3136 3136 3145 3145 3137 3137 3151 3151 3153 3153 3154 3154 3146 3146 3154 3154 3155 3155 3154 3154 3146 3146 3148 3148 3152 3152 3153 3153 3151 3151 3148 3148 3150 3150 3151 3151 3150 3150 3148 3148 3149 3149 3148 3148 3146 3146 3147 3147 3151 3151 3154 3154 3148 3148 3164 3164 3163 3163 3161 3161 3165 3165 3164 3164 3156 3156 3158 3158 3156 3156 3164 3164 3161 3161 3163 3163 3162 3162 3161 3161 3160 3160 3158 3158 3159 3159 3158 3158 3160 3160 3157 3157 3156 3156 3158 3158 3158 3158 3164 3164 3161 3161 3156 3156 3157 3157 3146 3146 3146 3146 3157 3157 3147 3147 3157 3157 3158 3158 3147 3147 3147 3147 3158 3158 3148 3148 3158 3158 3159 3159 3148 3148 3148 3148 3159 3159 3149 3149 3159 3159 3160 3160 3149 3149 3149 3149 3160 3160 3150 3150 3160 3160 3161 3161 3150 3150 3150 3150 3161 3161 3151 3151 3161 3161 3162 3162 3151 3151 3151 3151 3162 3162 3152 3152 3162 3162 3163 3163 3152 3152 3152 3152 3163 3163 3153 3153 3163 3163 3164 3164 3153 3153 3153 3153 3164 3164 3154 3154 3165 3165 3156 3156 3155 3155 3155 3155 3156 3156 3146 3146 3164 3164 3165 3165 3154 3154 3154 3154 3165 3165 3155 3155 3172 3172 3174 3174 3175 3175 3175 3175 3166 3166 3171 3171 3171 3171 3166 3166 3167 3167 3172 3172 3175 3175 3171 3171 3174 3174 3172 3172 3173 3173 3171 3171 3168 3168 3170 3170 3170 3170 3168 3168 3169 3169 3171 3171 3167 3167 3168 3168 3185 3185 3184 3184 3182 3182 3181 3181 3176 3176 3185 3185 3177 3177 3176 3176 3181 3181 3181 3181 3185 3185 3182 3182 3183 3183 3182 3182 3184 3184 3180 3180 3178 3178 3181 3181 3179 3179 3178 3178 3180 3180 3178 3178 3177 3177 3181 3181 3176 3176 3177 3177 3166 3166 3166 3166 3177 3177 3167 3167 3177 3177 3178 3178 3167 3167 3167 3167 3178 3178 3168 3168 3178 3178 3179 3179 3168 3168 3168 3168 3179 3179 3169 3169 3179 3179 3180 3180 3169 3169 3169 3169 3180 3180 3170 3170 3180 3180 3181 3181 3170 3170 3170 3170 3181 3181 3171 3171 3181 3181 3182 3182 3171 3171 3171 3171 3182 3182 3172 3172 3182 3182 3183 3183 3172 3172 3172 3172 3183 3183 3173 3173 3183 3183 3184 3184 3173 3173 3173 3173 3184 3184 3174 3174 3185 3185 3176 3176 3175 3175 3175 3175 3176 3176 3166 3166 3184 3184 3185 3185 3174 3174 3174 3174 3185 3185 3175 3175 3189 3189 3192 3192 3195 3195 3193 3193 3194 3194 3192 3192 3195 3195 3192 3192 3194 3194 3190 3190 3191 3191 3192 3192 3187 3187 3189 3189 3186 3186 3189 3189 3195 3195 3186 3186 3188 3188 3189 3189 3187 3187 3190 3190 3192 3192 3189 3189 3205 3205 3202 3202 3199 3199 3202 3202 3204 3204 3203 3203 3204 3204 3202 3202 3205 3205 3202 3202 3201 3201 3200 3200 3196 3196 3199 3199 3197 3197 3196 3196 3205 3205 3199 3199 3197 3197 3199 3199 3198 3198 3199 3199 3202 3202 3200 3200 3196 3196 3197 3197 3186 3186 3186 3186 3197 3197 3187 3187 3197 3197 3198 3198 3187 3187 3187 3187 3198 3198 3188 3188 3198 3198 3199 3199 3188 3188 3188 3188 3199 3199 3189 3189 3199 3199 3200 3200 3189 3189 3189 3189 3200 3200 3190 3190 3200 3200 3201 3201 3190 3190 3190 3190 3201 3201 3191 3191 3201 3201 3202 3202 3191 3191 3191 3191 3202 3202 3192 3192 3202 3202 3203 3203 3192 3192 3192 3192 3203 3203 3193 3193 3203 3203 3204 3204 3193 3193 3193 3193 3204 3204 3194 3194 3205 3205 3196 3196 3195 3195 3195 3195 3196 3196 3186 3186 3204 3204 3205 3205 3194 3194 3194 3194 3205 3205 3195 3195 3214 3214 3215 3215 3208 3208 3207 3207 3208 3208 3206 3206 3215 3215 3206 3206 3208 3208 3211 3211 3208 3208 3209 3209 3212 3212 3214 3214 3211 3211 3210 3210 3211 3211 3209 3209 3214 3214 3208 3208 3211 3211 3213 3213 3214 3214 3212 3212 3218 3218 3225 3225 3224 3224 3216 3216 3218 3218 3217 3217 3218 3218 3216 3216 3225 3225 3219 3219 3218 3218 3221 3221 3221 3221 3224 3224 3222 3222 3219 3219 3221 3221 3220 3220 3221 3221 3218 3218 3224 3224 3222 3222 3224 3224 3223 3223 3216 3216 3217 3217 3206 3206 3206 3206 3217 3217 3207 3207 3217 3217 3218 3218 3207 3207 3207 3207 3218 3218 3208 3208 3218 3218 3219 3219 3208 3208 3208 3208 3219 3219 3209 3209 3219 3219 3220 3220 3209 3209 3209 3209 3220 3220 3210 3210 3220 3220 3221 3221 3210 3210 3210 3210 3221 3221 3211 3211 3221 3221 3222 3222 3211 3211 3211 3211 3222 3222 3212 3212 3222 3222 3223 3223 3212 3212 3212 3212 3223 3223 3213 3213 3223 3223 3224 3224 3213 3213 3213 3213 3224 3224 3214 3214 3225 3225 3216 3216 3215 3215 3215 3215 3216 3216 3206 3206 3224 3224 3225 3225 3214 3214 3214 3214 3225 3225 3215 3215 3229 3229 3231 3231 3232 3232 3234 3234 3232 3232 3233 3233 3235 3235 3232 3232 3234 3234 3229 3229 3230 3230 3231 3231 3235 3235 3228 3228 3229 3229 3226 3226 3227 3227 3235 3235 3228 3228 3235 3235 3227 3227 3229 3229 3232 3232 3235 3235 3242 3242 3241 3241 3239 3239 3243 3243 3242 3242 3244 3244 3244 3244 3242 3242 3245 3245 3241 3241 3240 3240 3239 3239 3239 3239 3238 3238 3245 3245 3245 3245 3237 3237 3236 3236 3237 3237 3245 3245 3238 3238 3245 3245 3242 3242 3239 3239 3236 3236 3237 3237 3226 3226 3226 3226 3237 3237 3227 3227 3237 3237 3238 3238 3227 3227 3227 3227 3238 3238 3228 3228 3238 3238 3239 3239 3228 3228 3228 3228 3239 3239 3229 3229 3239 3239 3240 3240 3229 3229 3229 3229 3240 3240 3230 3230 3240 3240 3241 3241 3230 3230 3230 3230 3241 3241 3231 3231 3241 3241 3242 3242 3231 3231 3231 3231 3242 3242 3232 3232 3242 3242 3243 3243 3232 3232 3232 3232 3243 3243 3233 3233 3243 3243 3244 3244 3233 3233 3233 3233 3244 3244 3234 3234 3245 3245 3236 3236 3235 3235 3235 3235 3236 3236 3226 3226 3244 3244 3245 3245 3234 3234 3234 3234 3245 3245 3235 3235 3253 3253 3254 3254 3255 3255 3255 3255 3252 3252 3253 3253 3257 3257 3252 3252 3255 3255 3259 3259 3260 3260 3257 3257 3255 3255 3256 3256 3257 3257 3258 3258 3259 3259 3257 3257 3252 3252 3257 3257 3260 3260 3260 3260 3249 3249 3252 3252 3251 3251 3252 3252 3249 3249 3251 3251 3249 3249 3250 3250 3261 3261 3249 3249 3260 3260 3263 3263 3247 3247 3262 3262 3247 3247 3261 3261 3262 3262 3263 3263 3246 3246 3247 3247 3261 3261 3247 3247 3248 3248 3248 3248 3249 3249 3261 3261 3273 3273 3272 3272 3271 3271 3271 3271 3270 3270 3273 3273 3273 3273 3270 3270 3275 3275 3275 3275 3278 3278 3277 3277 3275 3275 3274 3274 3273 3273 3275 3275 3277 3277 3276 3276 3278 3278 3275 3275 3270 3270 3270 3270 3267 3267 3278 3278 3267 3267 3270 3270 3269 3269 3268 3268 3267 3267 3269 3269 3278 3278 3267 3267 3279 3279 3280 3280 3265 3265 3281 3281 3280 3280 3279 3279 3265 3265 3265 3265 3264 3264 3281 3281 3266 3266 3265 3265 3279 3279 3279 3279 3267 3267 3266 3266 3264 3264 3265 3265 3246 3246 3246 3246 3265 3265 3247 3247 3265 3265 3266 3266 3247 3247 3247 3247 3266 3266 3248 3248 3266 3266 3267 3267 3248 3248 3248 3248 3267 3267 3249 3249 3267 3267 3268 3268 3249 3249 3249 3249 3268 3268 3250 3250 3268 3268 3269 3269 3250 3250 3250 3250 3269 3269 3251 3251 3269 3269 3270 3270 3251 3251 3251 3251 3270 3270 3252 3252 3270 3270 3271 3271 3252 3252 3252 3252 3271 3271 3253 3253 3271 3271 3272 3272 3253 3253 3253 3253 3272 3272 3254 3254 3272 3272 3273 3273 3254 3254 3254 3254 3273 3273 3255 3255 3273 3273 3274 3274 3255 3255 3255 3255 3274 3274 3256 3256 3274 3274 3275 3275 3256 3256 3256 3256 3275 3275 3257 3257 3275 3275 3276 3276 3257 3257 3257 3257 3276 3276 3258 3258 3276 3276 3277 3277 3258 3258 3258 3258 3277 3277 3259 3259 3277 3277 3278 3278 3259 3259 3259 3259 3278 3278 3260 3260 3278 3278 3279 3279 3260 3260 3260 3260 3279 3279 3261 3261 3279 3279 3280 3280 3261 3261 3261 3261 3280 3280 3262 3262 3281 3281 3264 3264 3263 3263 3263 3263 3264 3264 3246 3246 3280 3280 3281 3281 3262 3262 3262 3262 3281 3281 3263 3263 3290 3290 3286 3286 3289 3289 3288 3288 3289 3289 3286 3286 3282 3282 3290 3290 3291 3291 3290 3290 3282 3282 3285 3285 3285 3285 3286 3286 3290 3290 3283 3283 3284 3284 3285 3285 3282 3282 3283 3283 3285 3285 3288 3288 3286 3286 3287 3287 3299 3299 3296 3296 3300 3300 3296 3296 3299 3299 3298 3298 3301 3301 3300 3300 3292 3292 3295 3295 3292 3292 3300 3300 3300 3300 3296 3296 3295 3295 3295 3295 3294 3294 3293 3293 3295 3295 3293 3293 3292 3292 3297 3297 3296 3296 3298 3298 3292 3292 3293 3293 3282 3282 3282 3282 3293 3293 3283 3283 3293 3293 3294 3294 3283 3283 3283 3283 3294 3294 3284 3284 3294 3294 3295 3295 3284 3284 3284 3284 3295 3295 3285 3285 3295 3295 3296 3296 3285 3285 3285 3285 3296 3296 3286 3286 3296 3296 3297 3297 3286 3286 3286 3286 3297 3297 3287 3287 3297 3297 3298 3298 3287 3287 3287 3287 3298 3298 3288 3288 3298 3298 3299 3299 3288 3288 3288 3288 3299 3299 3289 3289 3299 3299 3300 3300 3289 3289 3289 3289 3300 3300 3290 3290 3301 3301 3292 3292 3291 3291 3291 3291 3292 3292 3282 3282 3300 3300 3301 3301 3290 3290 3290 3290 3301 3301 3291 3291 3310 3310 3311 3311 3309 3309 3308 3308 3309 3309 3311 3311 3302 3302 3312 3312 3313 3313 3303 3303 3312 3312 3302 3302 3312 3312 3307 3307 3311 3311 3305 3305 3306 3306 3307 3307 3312 3312 3304 3304 3307 3307 3307 3307 3304 3304 3305 3305 3312 3312 3303 3303 3304 3304 3308 3308 3311 3311 3307 3307 3321 3321 3323 3323 3322 3322 3323 3323 3321 3321 3320 3320 3325 3325 3324 3324 3314 3314 3314 3314 3324 3324 3315 3315 3323 3323 3319 3319 3324 3324 3319 3319 3318 3318 3317 3317 3319 3319 3316 3316 3324 3324 3317 3317 3316 3316 3319 3319 3316 3316 3315 3315 3324 3324 3319 3319 3323 3323 3320 3320 3314 3314 3315 3315 3302 3302 3302 3302 3315 3315 3303 3303 3315 3315 3316 3316 3303 3303 3303 3303 3316 3316 3304 3304 3316 3316 3317 3317 3304 3304 3304 3304 3317 3317 3305 3305 3317 3317 3318 3318 3305 3305 3305 3305 3318 3318 3306 3306 3318 3318 3319 3319 3306 3306 3306 3306 3319 3319 3307 3307 3319 3319 3320 3320 3307 3307 3307 3307 3320 3320 3308 3308 3320 3320 3321 3321 3308 3308 3308 3308 3321 3321 3309 3309 3321 3321 3322 3322 3309 3309 3309 3309 3322 3322 3310 3310 3322 3322 3323 3323 3310 3310 3310 3310 3323 3323 3311 3311 3323 3323 3324 3324 3311 3311 3311 3311 3324 3324 3312 3312 3325 3325 3314 3314 3313 3313 3313 3313 3314 3314 3302 3302 3324 3324 3325 3325 3312 3312 3312 3312 3325 3325 3313 3313 3333 3333 3335 3335 3336 3336 3327 3327 3336 3336 3338 3338 3339 3339 3326 3326 3338 3338 3338 3338 3326 3326 3327 3327 3338 3338 3336 3336 3337 3337 3335 3335 3333 3333 3334 3334 3332 3332 3333 3333 3331 3331 3329 3329 3327 3327 3328 3328 3327 3327 3329 3329 3331 3331 3330 3330 3331 3331 3329 3329 3327 3327 3331 3331 3336 3336 3333 3333 3336 3336 3331 3331 3350 3350 3349 3349 3347 3347 3352 3352 3350 3350 3341 3341 3352 3352 3340 3340 3353 3353 3341 3341 3340 3340 3352 3352 3351 3351 3350 3350 3352 3352 3348 3348 3347 3347 3349 3349 3345 3345 3347 3347 3346 3346 3342 3342 3341 3341 3343 3343 3345 3345 3343 3343 3341 3341 3343 3343 3345 3345 3344 3344 3350 3350 3345 3345 3341 3341 3345 3345 3350 3350 3347 3347 3340 3340 3341 3341 3326 3326 3326 3326 3341 3341 3327 3327 3341 3341 3342 3342 3327 3327 3327 3327 3342 3342 3328 3328 3342 3342 3343 3343 3328 3328 3328 3328 3343 3343 3329 3329 3343 3343 3344 3344 3329 3329 3329 3329 3344 3344 3330 3330 3344 3344 3345 3345 3330 3330 3330 3330 3345 3345 3331 3331 3345 3345 3346 3346 3331 3331 3331 3331 3346 3346 3332 3332 3346 3346 3347 3347 3332 3332 3332 3332 3347 3347 3333 3333 3347 3347 3348 3348 3333 3333 3333 3333 3348 3348 3334 3334 3348 3348 3349 3349 3334 3334 3334 3334 3349 3349 3335 3335 3349 3349 3350 3350 3335 3335 3335 3335 3350 3350 3336 3336 3350 3350 3351 3351 3336 3336 3336 3336 3351 3351 3337 3337 3351 3351 3352 3352 3337 3337 3337 3337 3352 3352 3338 3338 3353 3353 3340 3340 3339 3339 3339 3339 3340 3340 3326 3326 3352 3352 3353 3353 3338 3338 3338 3338 3353 3353 3339 3339 3361 3361 3364 3364 3369 3369 3363 3363 3364 3364 3362 3362 3366 3366 3364 3364 3365 3365 3368 3368 3366 3366 3367 3367 3366 3366 3368 3368 3369 3369 3369 3369 3364 3364 3366 3366 3361 3361 3362 3362 3364 3364 3359 3359 3360 3360 3361 3361 3357 3357 3358 3358 3359 3359 3356 3356 3359 3359 3361 3361 3371 3371 3354 3354 3370 3370 3356 3356 3370 3370 3354 3354 3361 3361 3370 3370 3356 3356 3354 3354 3355 3355 3356 3356 3356 3356 3357 3357 3359 3359 3369 3369 3370 3370 3361 3361 3387 3387 3382 3382 3379 3379 3380 3380 3382 3382 3381 3381 3383 3383 3382 3382 3384 3384 3385 3385 3384 3384 3386 3386 3387 3387 3386 3386 3384 3384 3384 3384 3382 3382 3387 3387 3382 3382 3380 3380 3379 3379 3379 3379 3378 3378 3377 3377 3377 3377 3376 3376 3375 3375 3379 3379 3377 3377 3374 3374 3388 3388 3372 3372 3389 3389 3372 3372 3388 3388 3374 3374 3374 3374 3388 3388 3379 3379 3374 3374 3373 3373 3372 3372 3377 3377 3375 3375 3374 3374 3379 3379 3388 3388 3387 3387 3372 3372 3373 3373 3354 3354 3354 3354 3373 3373 3355 3355 3373 3373 3374 3374 3355 3355 3355 3355 3374 3374 3356 3356 3374 3374 3375 3375 3356 3356 3356 3356 3375 3375 3357 3357 3375 3375 3376 3376 3357 3357 3357 3357 3376 3376 3358 3358 3376 3376 3377 3377 3358 3358 3358 3358 3377 3377 3359 3359 3377 3377 3378 3378 3359 3359 3359 3359 3378 3378 3360 3360 3378 3378 3379 3379 3360 3360 3360 3360 3379 3379 3361 3361 3379 3379 3380 3380 3361 3361 3361 3361 3380 3380 3362 3362 3380 3380 3381 3381 3362 3362 3362 3362 3381 3381 3363 3363 3381 3381 3382 3382 3363 3363 3363 3363 3382 3382 3364 3364 3382 3382 3383 3383 3364 3364 3364 3364 3383 3383 3365 3365 3383 3383 3384 3384 3365 3365 3365 3365 3384 3384 3366 3366 3384 3384 3385 3385 3366 3366 3366 3366 3385 3385 3367 3367 3385 3385 3386 3386 3367 3367 3367 3367 3386 3386 3368 3368 3386 3386 3387 3387 3368 3368 3368 3368 3387 3387 3369 3369 3387 3387 3388 3388 3369 3369 3369 3369 3388 3388 3370 3370 3389 3389 3372 3372 3371 3371 3371 3371 3372 3372 3354 3354 3388 3388 3389 3389 3370 3370 3370 3370 3389 3389 3371 3371 3410 3410 3411 3411 3409 3409 3405 3405 3406 3406 3407 3407 3409 3409 3412 3412 3393 3393 3408 3408 3401 3401 3407 3407 3409 3409 3411 3411 3412 3412 3413 3413 3416 3416 3417 3417 3415 3415 3416 3416 3413 3413 3392 3392 3413 3413 3418 3418 3414 3414 3415 3415 3413 3413 3413 3413 3393 3393 3412 3412 3390 3390 3391 3391 3418 3418 3413 3413 3417 3417 3418 3418 3408 3408 3409 3409 3400 3400 3407 3407 3401 3401 3404 3404 3402 3402 3404 3404 3401 3401 3401 3401 3408 3408 3400 3400 3398 3398 3399 3399 3400 3400 3403 3403 3404 3404 3402 3402 3409 3409 3393 3393 3400 3400 3400 3400 3393 3393 3394 3394 3395 3395 3397 3397 3394 3394 3393 3393 3413 3413 3392 3392 3397 3397 3395 3395 3396 3396 3398 3398 3394 3394 3397 3397 3398 3398 3400 3400 3394 3394 3418 3418 3391 3391 3392 3392 3407 3407 3404 3404 3405 3405 3438 3438 3440 3440 3439 3439 3436 3436 3435 3435 3434 3434 3422 3422 3441 3441 3438 3438 3436 3436 3430 3430 3437 3437 3441 3441 3440 3440 3438 3438 3446 3446 3445 3445 3442 3442 3442 3442 3445 3445 3444 3444 3447 3447 3442 3442 3421 3421 3442 3442 3444 3444 3443 3443 3441 3441 3422 3422 3442 3442 3447 3447 3420 3420 3419 3419 3447 3447 3446 3446 3442 3442 3429 3429 3438 3438 3437 3437 3433 3433 3430 3430 3436 3436 3430 3430 3433 3433 3431 3431 3429 3429 3437 3437 3430 3430 3429 3429 3428 3428 3427 3427 3431 3431 3433 3433 3432 3432 3429 3429 3422 3422 3438 3438 3423 3423 3422 3422 3429 3429 3423 3423 3426 3426 3424 3424 3421 3421 3442 3442 3422 3422 3425 3425 3424 3424 3426 3426 3426 3426 3423 3423 3427 3427 3423 3423 3429 3429 3427 3427 3421 3421 3420 3420 3447 3447 3434 3434 3433 3433 3436 3436 3419 3419 3420 3420 3390 3390 3390 3390 3420 3420 3391 3391 3420 3420 3421 3421 3391 3391 3391 3391 3421 3421 3392 3392 3421 3421 3422 3422 3392 3392 3392 3392 3422 3422 3393 3393 3422 3422 3423 3423 3393 3393 3393 3393 3423 3423 3394 3394 3423 3423 3424 3424 3394 3394 3394 3394 3424 3424 3395 3395 3424 3424 3425 3425 3395 3395 3395 3395 3425 3425 3396 3396 3425 3425 3426 3426 3396 3396 3396 3396 3426 3426 3397 3397 3426 3426 3427 3427 3397 3397 3397 3397 3427 3427 3398 3398 3427 3427 3428 3428 3398 3398 3398 3398 3428 3428 3399 3399 3428 3428 3429 3429 3399 3399 3399 3399 3429 3429 3400 3400 3429 3429 3430 3430 3400 3400 3400 3400 3430 3430 3401 3401 3430 3430 3431 3431 3401 3401 3401 3401 3431 3431 3402 3402 3431 3431 3432 3432 3402 3402 3402 3402 3432 3432 3403 3403 3432 3432 3433 3433 3403 3403 3403 3403 3433 3433 3404 3404 3433 3433 3434 3434 3404 3404 3404 3404 3434 3434 3405 3405 3434 3434 3435 3435 3405 3405 3405 3405 3435 3435 3406 3406 3435 3435 3436 3436 3406 3406 3406 3406 3436 3436 3407 3407 3436 3436 3437 3437 3407 3407 3407 3407 3437 3437 3408 3408 3437 3437 3438 3438 3408 3408 3408 3408 3438 3438 3409 3409 3438 3438 3439 3439 3409 3409 3409 3409 3439 3439 3410 3410 3439 3439 3440 3440 3410 3410 3410 3410 3440 3440 3411 3411 3440 3440 3441 3441 3411 3411 3411 3411 3441 3441 3412 3412 3441 3441 3442 3442 3412 3412 3412 3412 3442 3442 3413 3413 3442 3442 3443 3443 3413 3413 3413 3413 3443 3443 3414 3414 3443 3443 3444 3444 3414 3414 3414 3414 3444 3444 3415 3415 3444 3444 3445 3445 3415 3415 3415 3415 3445 3445 3416 3416 3445 3445 3446 3446 3416 3416 3416 3416 3446 3446 3417 3417 3447 3447 3419 3419 3418 3418 3418 3418 3419 3419 3390 3390 3446 3446 3447 3447 3417 3417 3417 3417 3447 3447 3418 3418 3449 3449 3451 3451 3448 3448 3451 3451 3449 3449 3450 3450 3452 3452 3455 3455 3453 3453 3454 3454 3453 3453 3455 3455 3452 3452 3453 3453 3448 3448 3448 3448 3453 3453 3449 3449 3453 3453 3454 3454 3449 3449 3449 3449 3454 3454 3450 3450 3455 3455 3452 3452 3451 3451 3451 3451 3452 3452 3448 3448 3454 3454 3455 3455 3450 3450 3450 3450 3455 3455 3451 3451 3460 3460 3461 3461 3456 3456 3457 3457 3458 3458 3460 3460 3459 3459 3460 3460 3458 3458 3456 3456 3457 3457 3460 3460 3462 3462 3467 3467 3466 3466 3466 3466 3464 3464 3463 3463 3464 3464 3466 3466 3465 3465 3466 3466 3463 3463 3462 3462 3462 3462 3463 3463 3456 3456 3456 3456 3463 3463 3457 3457 3463 3463 3464 3464 3457 3457 3457 3457 3464 3464 3458 3458 3464 3464 3465 3465 3458 3458 3458 3458 3465 3465 3459 3459 3465 3465 3466 3466 3459 3459 3459 3459 3466 3466 3460 3460 3467 3467 3462 3462 3461 3461 3461 3461 3462 3462 3456 3456 3466 3466 3467 3467 3460 3460 3460 3460 3467 3467 3461 3461 3468 3468 3470 3470 3473 3473 3472 3472 3473 3473 3470 3470 3469 3469 3470 3470 3468 3468 3472 3472 3470 3470 3471 3471 3479 3479 3476 3476 3474 3474 3476 3476 3479 3479 3478 3478 3474 3474 3476 3476 3475 3475 3477 3477 3476 3476 3478 3478 3474 3474 3475 3475 3468 3468 3468 3468 3475 3475 3469 3469 3475 3475 3476 3476 3469 3469 3469 3469 3476 3476 3470 3470 3476 3476 3477 3477 3470 3470 3470 3470 3477 3477 3471 3471 3477 3477 3478 3478 3471 3471 3471 3471 3478 3478 3472 3472 3479 3479 3474 3474 3473 3473 3473 3473 3474 3474 3468 3468 3478 3478 3479 3479 3472 3472 3472 3472 3479 3479 3473 3473 3486 3486 3487 3487 3485 3485 3484 3484 3485 3485 3487 3487 3480 3480 3481 3481 3487 3487 3482 3482 3483 3483 3484 3484 3487 3487 3481 3481 3482 3482 3487 3487 3482 3482 3484 3484 3493 3493 3495 3495 3494 3494 3495 3495 3493 3493 3492 3492 3495 3495 3489 3489 3488 3488 3492 3492 3491 3491 3490 3490 3490 3490 3489 3489 3495 3495 3492 3492 3490 3490 3495 3495 3488 3488 3489 3489 3480 3480 3480 3480 3489 3489 3481 3481 3489 3489 3490 3490 3481 3481 3481 3481 3490 3490 3482 3482 3490 3490 3491 3491 3482 3482 3482 3482 3491 3491 3483 3483 3491 3491 3492 3492 3483 3483 3483 3483 3492 3492 3484 3484 3492 3492 3493 3493 3484 3484 3484 3484 3493 3493 3485 3485 3493 3493 3494 3494 3485 3485 3485 3485 3494 3494 3486 3486 3495 3495 3488 3488 3487 3487 3487 3487 3488 3488 3480 3480 3494 3494 3495 3495 3486 3486 3486 3486 3495 3495 3487 3487 3502 3502 3503 3503 3501 3501 3500 3500 3501 3501 3503 3503 3496 3496 3497 3497 3503 3503 3500 3500 3498 3498 3499 3499 3503 3503 3497 3497 3500 3500 3498 3498 3500 3500 3497 3497 3509 3509 3511 3511 3510 3510 3511 3511 3509 3509 3508 3508 3511 3511 3505 3505 3504 3504 3507 3507 3506 3506 3508 3508 3508 3508 3505 3505 3511 3511 3505 3505 3508 3508 3506 3506 3504 3504 3505 3505 3496 3496 3496 3496 3505 3505 3497 3497 3505 3505 3506 3506 3497 3497 3497 3497 3506 3506 3498 3498 3506 3506 3507 3507 3498 3498 3498 3498 3507 3507 3499 3499 3507 3507 3508 3508 3499 3499 3499 3499 3508 3508 3500 3500 3508 3508 3509 3509 3500 3500 3500 3500 3509 3509 3501 3501 3509 3509 3510 3510 3501 3501 3501 3501 3510 3510 3502 3502 3511 3511 3504 3504 3503 3503 3503 3503 3504 3504 3496 3496 3510 3510 3511 3511 3502 3502 3502 3502 3511 3511 3503 3503</p>
        </triangles>
      </mesh>
    </geometry>
  </library_geometries>
  <library_materials>
    <material id="6b750d5849524662ba558a6455b02a83" name="defaultmaterial">
      <instance_effect url="#4ac2a749f118411aab5bb4681c38e64f" />
    </material>
  </library_materials>
  <library_visual_scenes>
    <visual_scene id="scene">
      <node id="node0" name="node0">
        <instance_geometry url="#c6fa86163dca478ab890d49d24ac1759">
          <bind_material>
            <technique_common>
              <instance_material symbol="material0" target="#6b750d5849524662ba558a6455b02a83" />
            </technique_common>
          </bind_material>
        </instance_geometry>
      </node>
    </visual_scene>
  </library_visual_scenes>
  <scene>
    <instance_visual_scene url="#scene" />
  </scene>
</COLLADA>
