{
  "type": "FeatureCollection",
  "features": [
    {
      "type": "Feature",
      "id": 881369838869025,
      "geometry": {
        "type": "Polygon",
        "coordinates": [
          [
            [
              -75.5568864941597,
              39.121460465103816
            ],
            [
              -75.55694013834,
              39.121402196865105
            ],
            [
              -75.55706351995468,
              39.121468789137914
            ],
            [
              -75.55706351230596,
              39.12146879744595
            ],
            [
              -75.55706351995468,
              39.12146879744595
            ],
            [
              -75.55700987577438,
              39.121527058635415
            ],
            [
              -75.5570094951974,
              39.12152685196931
            ],
            [
              -75.5568864941597,
              39.121460465103816
            ]
          ]
        ]
      },
      "properties": {
        "type": "building",
        "min_height": 0.0,
        "extrude": "true",
        "height": 5.272347,
        "iso_3166_1": "US",
        "iso_3166_2": "US-DE",
        "underground": "false"
      }
    },
    {
      "type": "Feature",
      "id": 4137420125491255,
      "geometry": {
        "type": "Polygon",
        "coordinates": [
          [
            [
              -75.55507868528366,
              39.121520814351044
            ],
            [
              -75.55507868751164,
              39.12152079476041
            ],
            [
              -75.55508404970169,
              39.12146879744595
            ],
            [
              -75.55508460097636,
              39.12146879744595
            ],
            [
              -75.5550867319107,
              39.121450060061186
            ],
            [
              -75.55519670248032,
              39.12145630308676
            ],
            [
              -75.55518865646208,
              39.12152705202337
            ],
            [
              -75.55518865585327,
              39.121527058635415
            ],
            [
              -75.55507868528366,
              39.12152081636511
            ],
            [
              -75.55507868549014,
              39.12152081436277
            ],
            [
              -75.55507868528366,
              39.121520814351044
            ]
          ]
        ]
      },
      "properties": {
        "type": "building",
        "min_height": 0.0,
        "extrude": "true",
        "height": 4.342143,
        "iso_3166_1": "US",
        "iso_3166_2": "US-DE",
        "underground": "false"
      }
    },
    {
      "type": "Feature",
      "id": 3551919347930015,
      "geometry": {
        "type": "Polygon",
        "coordinates": [
          [
            [
              -75.55678993463516,
              39.12190575636693
            ],
            [
              -75.55668532848358,
              39.1218578989613
            ],
            [
              -75.55673629045486,
              39.12179131474477
            ],
            [
              -75.55684089660645,
              39.1218391721504
            ],
            [
              -75.55678993463516,
              39.12190575636693
            ]
          ]
        ]
      },
      "properties": {
        "type": "building",
        "min_height": 0.0,
        "extrude": "true",
        "height": 4.453032,
        "iso_3166_1": "US",
        "iso_3166_2": "US-DE",
        "underground": "false"
      }
    },
    {
      "type": "Feature",
      "id": 1123085576,
      "geometry": {
        "type": "Polygon",
        "coordinates": [
          [
            [
              -75.5547970533371,
              39.12158116359828
            ],
            [
              -75.55479703696648,
              39.121581201702014
            ],
            [
              -75.55476486682892,
              39.12166646933878
            ],
            [
              -75.5546361207962,
              39.12163941950081
            ],
            [
              -75.55466830730438,
              39.12155202771661
            ],
            [
              -75.5547970533371,
              39.12158115831134
            ],
            [
              -75.55479705149932,
              39.121581163182405
            ],
            [
              -75.5547970533371,
              39.12158116359828
            ]
          ]
        ]
      },
      "properties": {
        "type": "building",
        "height": 3.0,
        "extrude": "true",
        "iso_3166_2": "US-DE",
        "min_height": 0.0,
        "iso_3166_1": "US",
        "underground": "false"
      }
    },
    {
      "type": "Feature",
      "id": 1123085578,
      "geometry": {
        "type": "Polygon",
        "coordinates": [
          [
            [
              -75.55405408143997,
              39.12217001247628
            ],
            [
              -75.55397361516953,
              39.12214920490862
            ],
            [
              -75.55400848388672,
              39.122065974637955
            ],
            [
              -75.55408895015717,
              39.12208678220562
            ],
            [
              -75.55405408143997,
              39.12217001247628
            ]
          ]
        ]
      },
      "properties": {
        "type": "building",
        "height": 3.0,
        "extrude": "true",
        "iso_3166_2": "US-DE",
        "min_height": 0.0,
        "iso_3166_1": "US",
        "underground": "false"
      }
    },
    {
      "type": "Feature",
      "id": 1377918937268775,
      "geometry": {
        "type": "Polygon",
        "coordinates": [
          [
            [
              -75.56073546409607,
              39.12154786746187
            ],
            [
              -75.56073546438213,
              39.12154786742361
            ],
            [
              -75.56073546409607,
              39.12154786620308
            ],
            [
              -75.5608132481575,
              39.12153746241925
            ],
            [
              -75.56083470582962,
              39.12162901571698
            ],
            [
              -75.56075692176819,
              39.12163941950081
            ],
            [
              -75.56074912092551,
              39.12160613570058
            ],
            [
              -75.56074887514114,
              39.12160613570058
            ],
            [
              -75.56073546409607,
              39.12154786746187
            ]
          ]
        ]
      },
      "properties": {
        "type": "building",
        "min_height": 0.0,
        "extrude": "true",
        "height": 4.9336386,
        "iso_3166_1": "US",
        "iso_3166_2": "US-DE",
        "underground": "false"
      }
    },
    {
      "type": "Feature",
      "id": 1124078396,
      "geometry": {
        "type": "Polygon",
        "coordinates": [
          [
            [
              -75.5568864941597,
              39.12211175128682
            ],
            [
              -75.5567979812622,
              39.12205765161089
            ],
            [
              -75.55688112974167,
              39.12197442134023
            ],
            [
              -75.55697232484818,
              39.122028521016155
            ],
            [
              -75.5568864941597,
              39.12211175128682
            ]
          ]
        ]
      },
      "properties": {
        "type": "building",
        "extrude": "true",
        "height": 4.1,
        "iso_3166_2": "US-DE",
        "min_height": 0.0,
        "iso_3166_1": "US",
        "underground": "false"
      }
    },
    {
      "type": "Feature",
      "id": 3552025322972135,
      "geometry": {
        "type": "Polygon",
        "coordinates": [
          [
            [
              -75.55548638105392,
              39.121483356197594
            ],
            [
              -75.55550783872604,
              39.1213272805582
            ],
            [
              -75.55559366941452,
              39.121335604592296
            ],
            [
              -75.55557221613911,
              39.121491648251535
            ],
            [
              -75.5555722117424,
              39.12149168577038
            ],
            [
              -75.55548638105392,
              39.12148336274332
            ],
            [
              -75.55548638223817,
              39.121483356312446
            ],
            [
              -75.55548638105392,
              39.121483356197594
            ]
          ]
        ]
      },
      "properties": {
        "type": "building",
        "min_height": 0.0,
        "extrude": "true",
        "height": 6.5396957,
        "iso_3166_1": "US",
        "iso_3166_2": "US-DE",
        "underground": "false"
      }
    },
    {
      "type": "Feature",
      "id": 76976797766945,
      "geometry": {
        "type": "Polygon",
        "coordinates": [
          [
            [
              -75.55495530366898,
              39.12159573065796
            ],
            [
              -75.55495530617667,
              39.12159572417259
            ],
            [
              -75.55495530366898,
              39.12159572360871
            ],
            [
              -75.55497783422015,
              39.12153746243099
            ],
            [
              -75.55497944355011,
              39.1215333004022
            ],
            [
              -75.55499706954244,
              39.12153746243044
            ],
            [
              -75.55516451597214,
              39.12157699679781
            ],
            [
              -75.55516451422369,
              39.12157700116837
            ],
            [
              -75.55516451597214,
              39.12157700158123
            ],
            [
              -75.55515378713608,
              39.12160613570058
            ],
            [
              -75.55515285891278,
              39.12160613570058
            ],
            [
              -75.555140376091,
              39.121637338744044
            ],
            [
              -75.55500160872229,
              39.12160613570058
            ],
            [
              -75.55500090122223,
              39.12160613570058
            ],
            [
              -75.55495530366898,
              39.12159573065796
            ]
          ]
        ]
      },
      "properties": {
        "type": "building",
        "min_height": 0.0,
        "extrude": "true",
        "height": 3.2227314,
        "iso_3166_1": "US",
        "iso_3166_2": "US-DE",
        "underground": "false"
      }
    },
    {
      "type": "Feature",
      "id": 1988930089323155,
      "geometry": {
        "type": "Polygon",
        "coordinates": [
          [
            [
              -75.55693745613098,
              39.1218641412316
            ],
            [
              -75.55674433708191,
              39.121762184150036
            ],
            [
              -75.55680066347122,
              39.121697680690275
            ],
            [
              -75.5569937825203,
              39.12179755701507
            ],
            [
              -75.55693745613098,
              39.1218641412316
            ]
          ]
        ]
      },
      "properties": {
        "type": "building",
        "min_height": 0.0,
        "extrude": "true",
        "height": 4.091947,
        "iso_3166_1": "US",
        "iso_3166_2": "US-DE",
        "underground": "false"
      }
    },
    {
      "type": "Feature",
      "id": 1123085579,
      "geometry": {
        "type": "Polygon",
        "coordinates": [
          [
            [
              -75.55437326431274,
              39.12200771344849
            ],
            [
              -75.55427134037018,
              39.12198066361053
            ],
            [
              -75.55435180664062,
              39.12180588004213
            ],
            [
              -75.55445373058319,
              39.1218329298801
            ],
            [
              -75.55437326431274,
              39.12200771344849
            ]
          ]
        ]
      },
      "properties": {
        "type": "building",
        "extrude": "true",
        "height": 3.6,
        "iso_3166_2": "US-DE",
        "min_height": 0.0,
        "iso_3166_1": "US",
        "underground": "false"
      }
    },
    {
      "type": "Feature",
      "id": 1123085577,
      "geometry": {
        "type": "Polygon",
        "coordinates": [
          [
            [
              -75.55439203977585,
              39.12174969960944
            ],
            [
              -75.5544564127922,
              39.12158948133841
            ],
            [
              -75.5545449256897,
              39.121610288906076
            ],
            [
              -75.55447787046432,
              39.121770507177104
            ],
            [
              -75.55439203977585,
              39.12174969960944
            ]
          ]
        ]
      },
      "properties": {
        "type": "building",
        "extrude": "true",
        "height": 3.3,
        "iso_3166_2": "US-DE",
        "min_height": 0.0,
        "iso_3166_1": "US",
        "underground": "false"
      }
    },
    {
      "type": "Feature",
      "id": 5375920979192605,
      "geometry": {
        "type": "Polygon",
        "coordinates": [
          [
            [
              -75.55676579475403,
              39.12159989267501
            ],
            [
              -75.55676579939717,
              39.12159988757159
            ],
            [
              -75.55676579475403,
              39.121599885122244
            ],
            [
              -75.55682259450263,
              39.121537462388154
            ],
            [
              -75.55683016777039,
              39.12152913838515
            ],
            [
              -75.55683139523296,
              39.121529790910614
            ],
            [
              -75.55698305368423,
              39.121610288906076
            ],
            [
              -75.55693477392197,
              39.12166646933878
            ],
            [
              -75.55684626102448,
              39.121618611933144
            ],
            [
              -75.5568328499794,
              39.12163525798728
            ],
            [
              -75.55677764377837,
              39.12160613570058
            ],
            [
              -75.55677652359009,
              39.12160613570058
            ],
            [
              -75.55676579475403,
              39.12159989267501
            ]
          ]
        ]
      },
      "properties": {
        "type": "building",
        "min_height": 0.0,
        "extrude": "true",
        "height": 4.7408137,
        "iso_3166_1": "US",
        "iso_3166_2": "US-DE",
        "underground": "false"
      }
    },
    {
      "type": "Feature",
      "id": 665374739,
      "geometry": {
        "type": "Polygon",
        "coordinates": [
          [
            [
              -75.55962234735489,
              39.12198482512406
            ],
            [
              -75.55957674980164,
              39.12195777528609
            ],
            [
              -75.55957674980164,
              39.12191824090753
            ],
            [
              -75.55961161851883,
              39.1218891103128
            ],
            [
              -75.55963307619095,
              39.12188702955603
            ],
            [
              -75.55969208478928,
              39.121909917880465
            ],
            [
              -75.55969208478928,
              39.12194945225903
            ],
            [
              -75.55966794490814,
              39.121964017556394
            ],
            [
              -75.55962234735489,
              39.12198482512406
            ]
          ]
        ]
      },
      "properties": {
        "type": "shelter",
        "extrude": "false",
        "height": 4.0,
        "iso_3166_2": "US-DE",
        "min_height": 0.0,
        "iso_3166_1": "US",
        "underground": "false"
      }
    },
    {
      "type": "Feature",
      "id": 1746585120665535,
      "geometry": {
        "type": "Polygon",
        "coordinates": [
          [
            [
              -75.56117534637451,
              39.12198482512406
            ],
            [
              -75.56117534637451,
              39.12185581820453
            ],
            [
              -75.56130409240723,
              39.12185581820453
            ],
            [
              -75.56130409240723,
              39.12183709139364
            ],
            [
              -75.56144893169403,
              39.12183709139364
            ],
            [
              -75.56144893169403,
              39.12194737150226
            ],
            [
              -75.56126922369003,
              39.12194737150226
            ],
            [
              -75.56126922369003,
              39.12198482512406
            ],
            [
              -75.56117534637451,
              39.12198482512406
            ]
          ]
        ]
      },
      "properties": {
        "type": "building",
        "min_height": 0.0,
        "extrude": "true",
        "height": 7.8253036,
        "iso_3166_1": "US",
        "iso_3166_2": "US-DE",
        "underground": "false"
      }
    },
    {
      "type": "Feature",
      "id": 3932674007014575,
      "geometry": {
        "type": "Polygon",
        "coordinates": [
          [
            [
              -75.5558055639267,
              39.1215832446068
            ],
            [
              -75.55578947067261,
              39.12160613570058
            ],
            [
              -75.55577337741852,
              39.12159781166648
            ],
            [
              -75.55577338161655,
              39.1215978065366
            ],
            [
              -75.55577337741852,
              39.12159780436548
            ],
            [
              -75.5558779835701,
              39.12146879744595
            ],
            [
              -75.5558789559904,
              39.12146879744595
            ],
            [
              -75.55588066577911,
              39.12146670812939
            ],
            [
              -75.55588490916384,
              39.12146879744595
            ],
            [
              -75.55588603019714,
              39.12146879744595
            ],
            [
              -75.55602007950583,
              39.121535351306186
            ],
            [
              -75.55602014064789,
              39.12153538141072
            ],
            [
              -75.5560201404994,
              39.121535381588764
            ],
            [
              -75.55602014064789,
              39.12153538166248
            ],
            [
              -75.55594503879547,
              39.12162693496021
            ],
            [
              -75.5559029066259,
              39.12160613570058
            ],
            [
              -75.55590212345123,
              39.12160613570058
            ],
            [
              -75.55588603019714,
              39.12159781166648
            ],
            [
              -75.55588597367408,
              39.12159787013818
            ],
            [
              -75.55586993694305,
              39.12161653117638
            ],
            [
              -75.5558498364397,
              39.12160613570058
            ],
            [
              -75.55584847927094,
              39.12160613570058
            ],
            [
              -75.5558055639267,
              39.1215832446068
            ]
          ]
        ]
      },
      "properties": {
        "type": "building",
        "min_height": 0.0,
        "extrude": "true",
        "height": 6.2837877,
        "iso_3166_1": "US",
        "iso_3166_2": "US-DE",
        "underground": "false"
      }
    },
    {
      "type": "Feature",
      "id": 5385273409919065,
      "geometry": {
        "type": "Polygon",
        "coordinates": [
          [
            [
              -75.55710911750793,
              39.122373926639405
            ],
            [
              -75.55702865123749,
              39.12232190772024
            ],
            [
              -75.55708765983582,
              39.12226572728755
            ],
            [
              -75.55704474449158,
              39.122236596692815
            ],
            [
              -75.55709570646286,
              39.12218873928718
            ],
            [
              -75.5570125579834,
              39.122134639611254
            ],
            [
              -75.55709570646286,
              39.12205557085412
            ],
            [
              -75.55717885494232,
              39.122107589773286
            ],
            [
              -75.55713325738907,
              39.12215128566538
            ],
            [
              -75.55726200342178,
              39.12223243517928
            ],
            [
              -75.55710911750793,
              39.122373926639405
            ]
          ]
        ]
      },
      "properties": {
        "type": "building",
        "min_height": 0.0,
        "extrude": "true",
        "height": 4.399184,
        "iso_3166_1": "US",
        "iso_3166_2": "US-DE",
        "underground": "false"
      }
    },
    {
      "type": "Feature",
      "id": 821012674402375,
      "geometry": {
        "type": "Polygon",
        "coordinates": [
          [
            [
              -75.55753017048924,
              39.12154792315183
            ],
            [
              -75.55753022432327,
              39.12154786620308
            ],
            [
              -75.55759459733963,
              39.12158531982488
            ],
            [
              -75.55763946336965,
              39.121537462431704
            ],
            [
              -75.55765897035599,
              39.121516652333995
            ],
            [
              -75.55769676510968,
              39.121537462413905
            ],
            [
              -75.55774211883545,
              39.12156243150044
            ],
            [
              -75.55774211694984,
              39.12156243348332
            ],
            [
              -75.55774211883545,
              39.12156243452155
            ],
            [
              -75.55770188570023,
              39.12160613570058
            ],
            [
              -75.55770055868058,
              39.12160613570058
            ],
            [
              -75.55762141942978,
              39.12168935766321
            ],
            [
              -75.5575543642044,
              39.12164982328464
            ],
            [
              -75.55747926235199,
              39.12172681128501
            ],
            [
              -75.55751949548721,
              39.12174969960944
            ],
            [
              -75.55747121572495,
              39.1218017185286
            ],
            [
              -75.55735319852829,
              39.12173513431207
            ],
            [
              -75.55747514177786,
              39.12160613570058
            ],
            [
              -75.55747389793396,
              39.12160613570058
            ],
            [
              -75.55753017048924,
              39.12154792315183
            ]
          ]
        ]
      },
      "properties": {
        "type": "building",
        "min_height": 0.0,
        "extrude": "true",
        "height": 5.9285016,
        "iso_3166_1": "US",
        "iso_3166_2": "US-DE",
        "underground": "false"
      }
    },
    {
      "type": "Feature",
      "id": 764514768945165,
      "geometry": {
        "type": "Polygon",
        "coordinates": [
          [
            [
              -75.55608451366425,
              39.12233023074731
            ],
            [
              -75.55594235658646,
              39.122255323503715
            ],
            [
              -75.55592089891434,
              39.122278211828146
            ],
            [
              -75.55588066577911,
              39.12225740426048
            ],
            [
              -75.55594235658646,
              39.12218665853042
            ],
            [
              -75.55598258972168,
              39.12220746609808
            ],
            [
              -75.55604428052902,
              39.122134639611254
            ],
            [
              -75.55601477622986,
              39.122120074313884
            ],
            [
              -75.55620789527893,
              39.121895352583095
            ],
            [
              -75.55628031492233,
              39.121932806204896
            ],
            [
              -75.5562561750412,
              39.121959856042864
            ],
            [
              -75.55635809898376,
              39.12201187496203
            ],
            [
              -75.55608451366425,
              39.12233023074731
            ]
          ]
        ]
      },
      "properties": {
        "type": "building",
        "min_height": 0.0,
        "extrude": "true",
        "height": 4.6793227,
        "iso_3166_1": "US",
        "iso_3166_2": "US-DE",
        "underground": "false"
      }
    },
    {
      "type": "Feature",
      "id": 1242164257411365,
      "geometry": {
        "type": "Polygon",
        "coordinates": [
          [
            [
              -75.56002199649811,
              39.12009740451976
            ],
            [
              -75.55994153022766,
              39.12005786535778
            ],
            [
              -75.56001663208008,
              39.11996213896562
            ],
            [
              -75.56009709835052,
              39.119999597119076
            ],
            [
              -75.56002199649811,
              39.12009740451976
            ]
          ]
        ]
      },
      "properties": {
        "type": "building",
        "min_height": 0.0,
        "extrude": "true",
        "height": 3.0098395,
        "iso_3166_1": "US",
        "iso_3166_2": "US-DE",
        "underground": "false"
      }
    },
    {
      "type": "Feature",
      "id": 1625662245663925,
      "geometry": {
        "type": "Polygon",
        "coordinates": [
          [
            [
              -75.55707424879074,
              39.118270279034576
            ],
            [
              -75.55700182914734,
              39.11822865886407
            ],
            [
              -75.55709838867188,
              39.118130851463384
            ],
            [
              -75.55716812610626,
              39.11817039062536
            ],
            [
              -75.55707424879074,
              39.118270279034576
            ]
          ]
        ]
      },
      "properties": {
        "type": "building",
        "min_height": 0.0,
        "extrude": "true",
        "height": 4.361483,
        "iso_3166_1": "US",
        "iso_3166_2": "US-DE",
        "underground": "false"
      }
    },
    {
      "type": "Feature",
      "id": 1812934391948745,
      "geometry": {
        "type": "Polygon",
        "coordinates": [
          [
            [
              -75.55970817804337,
              39.11897157890759
            ],
            [
              -75.55961698293686,
              39.11891955369446
            ],
            [
              -75.55967062711716,
              39.1188654474728
            ],
            [
              -75.55975914001465,
              39.118917472685936
            ],
            [
              -75.55970817804337,
              39.11897157890759
            ]
          ]
        ]
      },
      "properties": {
        "type": "building",
        "min_height": 0.0,
        "extrude": "true",
        "height": 3.3875182,
        "iso_3166_1": "US",
        "iso_3166_2": "US-DE",
        "underground": "false"
      }
    },
    {
      "type": "Feature",
      "id": 1124078411,
      "geometry": {
        "type": "Polygon",
        "coordinates": [
          [
            [
              -75.55943727493286,
              39.11883423234492
            ],
            [
              -75.55927634239197,
              39.11874058696129
            ],
            [
              -75.5593353509903,
              39.11867815670553
            ],
            [
              -75.5594989657402,
              39.11876972108064
            ],
            [
              -75.55943727493286,
              39.11883423234492
            ]
          ]
        ]
      },
      "properties": {
        "type": "building",
        "extrude": "true",
        "height": 3.3,
        "iso_3166_2": "US-DE",
        "min_height": 0.0,
        "iso_3166_1": "US",
        "underground": "false"
      }
    },
    {
      "type": "Feature",
      "id": 5611447640014545,
      "geometry": {
        "type": "Polygon",
        "coordinates": [
          [
            [
              -75.55581092834473,
              39.12039915075592
            ],
            [
              -75.55571973323822,
              39.120372097645095
            ],
            [
              -75.55575728416443,
              39.12029510032966
            ],
            [
              -75.55584847927094,
              39.120320072431966
            ],
            [
              -75.55581092834473,
              39.12039915075592
            ]
          ]
        ]
      },
      "properties": {
        "type": "building",
        "min_height": 0.0,
        "extrude": "true",
        "height": 4.749136,
        "iso_3166_1": "US",
        "iso_3166_2": "US-DE",
        "underground": "false"
      }
    },
    {
      "type": "Feature",
      "id": 1444390987,
      "geometry": {
        "type": "Polygon",
        "coordinates": [
          [
            [
              -75.55869698524475,
              39.11896117386496
            ],
            [
              -75.55864334106445,
              39.11893203974561
            ],
            [
              -75.55875331163406,
              39.118815503268195
            ],
            [
              -75.55880695581436,
              39.11884463738755
            ],
            [
              -75.55869698524475,
              39.11896117386496
            ]
          ]
        ]
      },
      "properties": {
        "type": "roof",
        "height": 3.0,
        "extrude": "false",
        "iso_3166_2": "US-DE",
        "min_height": 0.0,
        "iso_3166_1": "US",
        "underground": "false"
      }
    },
    {
      "type": "Feature",
      "id": 5327378378293525,
      "geometry": {
        "type": "Polygon",
        "coordinates": [
          [
            [
              -75.55999785661697,
              39.11914846463224
            ],
            [
              -75.55991470813751,
              39.11910476345321
            ],
            [
              -75.56000590324402,
              39.11899863201842
            ],
            [
              -75.56008905172348,
              39.119040252188924
            ],
            [
              -75.55999785661697,
              39.11914846463224
            ]
          ]
        ]
      },
      "properties": {
        "type": "building",
        "min_height": 0.0,
        "extrude": "true",
        "height": 4.5533595,
        "iso_3166_1": "US",
        "iso_3166_2": "US-DE",
        "underground": "false"
      }
    },
    {
      "type": "Feature",
      "id": 2218283461337235,
      "geometry": {
        "type": "Polygon",
        "coordinates": [
          [
            [
              -75.55656999349594,
              39.116647092384866
            ],
            [
              -75.55643856525421,
              39.116640849359285
            ],
            [
              -75.55644392967224,
              39.11657841910353
            ],
            [
              -75.55657535791397,
              39.11658466212911
            ],
            [
              -75.55656999349594,
              39.116647092384866
            ]
          ]
        ]
      },
      "properties": {
        "type": "building",
        "min_height": 0.0,
        "extrude": "true",
        "height": 4.8023796,
        "iso_3166_1": "US",
        "iso_3166_2": "US-DE",
        "underground": "false"
      }
    },
    {
      "type": "Feature",
      "id": 5020463124022425,
      "geometry": {
        "type": "Polygon",
        "coordinates": [
          [
            [
              -75.55622667074203,
              39.11900071302694
            ],
            [
              -75.5561488866806,
              39.11895493083939
            ],
            [
              -75.55626422166824,
              39.11883423234492
            ],
            [
              -75.55634200572968,
              39.11888001453248
            ],
            [
              -75.55622667074203,
              39.11900071302694
            ]
          ]
        ]
      },
      "properties": {
        "type": "building",
        "min_height": 0.0,
        "extrude": "true",
        "height": 4.832581,
        "iso_3166_1": "US",
        "iso_3166_2": "US-DE",
        "underground": "false"
      }
    },
    {
      "type": "Feature",
      "id": 5538921431121055,
      "geometry": {
        "type": "Polygon",
        "coordinates": [
          [
            [
              -75.55296510457993,
              39.117460766718246
            ],
            [
              -75.55306702852249,
              39.11748365781202
            ],
            [
              -75.55306702852249,
              39.11748402504882
            ],
            [
              -75.55310189723969,
              39.11749198184612
            ],
            [
              -75.55307507514954,
              39.11756897916156
            ],
            [
              -75.55293828248978,
              39.11753776403368
            ],
            [
              -75.55296510457993,
              39.117460766718246
            ]
          ]
        ]
      },
      "properties": {
        "type": "building",
        "min_height": 0.0,
        "extrude": "true",
        "height": 4.175722,
        "iso_3166_1": "US",
        "iso_3166_2": "US-DE",
        "underground": "false"
      }
    },
    {
      "type": "Feature",
      "id": 4531083123754635,
      "geometry": {
        "type": "Polygon",
        "coordinates": [
          [
            [
              -75.5551940202713,
              39.117454523692665
            ],
            [
              -75.55510550737381,
              39.11742747058184
            ],
            [
              -75.55514574050903,
              39.11734631124936
            ],
            [
              -75.55523693561554,
              39.11737336436018
            ],
            [
              -75.5551940202713,
              39.117454523692665
            ]
          ]
        ]
      },
      "properties": {
        "type": "building",
        "min_height": 0.0,
        "extrude": "true",
        "height": 3.7545693,
        "iso_3166_1": "US",
        "iso_3166_2": "US-DE",
        "underground": "false"
      }
    },
    {
      "type": "Feature",
      "id": 5039380953563015,
      "geometry": {
        "type": "Polygon",
        "coordinates": [
          [
            [
              -75.55552124977112,
              39.120482391096935
            ],
            [
              -75.55536836385727,
              39.12046990504579
            ],
            [
              -75.55537909269333,
              39.12039290773035
            ],
            [
              -75.55553197860718,
              39.1204053937815
            ],
            [
              -75.55552124977112,
              39.120482391096935
            ]
          ]
        ]
      },
      "properties": {
        "type": "building",
        "min_height": 0.0,
        "extrude": "true",
        "height": 3.224751,
        "iso_3166_1": "US",
        "iso_3166_2": "US-DE",
        "underground": "false"
      }
    },
    {
      "type": "Feature",
      "id": 4301709033203115,
      "geometry": {
        "type": "Polygon",
        "coordinates": [
          [
            [
              -75.55421769618988,
              39.11669495558095
            ],
            [
              -75.55411040782928,
              39.116659578436014
            ],
            [
              -75.55415868759155,
              39.116576338095
            ],
            [
              -75.55426329374313,
              39.116611715239934
            ],
            [
              -75.55421769618988,
              39.11669495558095
            ]
          ]
        ]
      },
      "properties": {
        "type": "building",
        "min_height": 0.0,
        "extrude": "true",
        "height": 4.9994726,
        "iso_3166_1": "US",
        "iso_3166_2": "US-DE",
        "underground": "false"
      }
    },
    {
      "type": "Feature",
      "id": 17650916944705,
      "geometry": {
        "type": "Polygon",
        "coordinates": [
          [
            [
              -75.55678188800812,
              39.11973739004489
            ],
            [
              -75.5566719174385,
              39.11967912180618
            ],
            [
              -75.55673092603683,
              39.119610448524845
            ],
            [
              -75.55684089660645,
              39.11967079777208
            ],
            [
              -75.55678188800812,
              39.11973739004489
            ]
          ]
        ]
      },
      "properties": {
        "type": "building",
        "min_height": 0.0,
        "extrude": "true",
        "height": 6.2425165,
        "iso_3166_1": "US",
        "iso_3166_2": "US-DE",
        "underground": "false"
      }
    },
    {
      "type": "Feature",
      "id": 1124078406,
      "geometry": {
        "type": "Polygon",
        "coordinates": [
          [
            [
              -75.55937021970749,
              39.119797739292125
            ],
            [
              -75.55930316448212,
              39.11976028113867
            ],
            [
              -75.5594077706337,
              39.11965206869535
            ],
            [
              -75.55947482585907,
              39.11968952684881
            ],
            [
              -75.55937021970749,
              39.119797739292125
            ]
          ]
        ]
      },
      "properties": {
        "type": "building",
        "extrude": "true",
        "height": 3.2,
        "iso_3166_2": "US-DE",
        "min_height": 0.0,
        "iso_3166_1": "US",
        "underground": "false"
      }
    },
    {
      "type": "Feature",
      "id": 5433082088266205,
      "geometry": {
        "type": "Polygon",
        "coordinates": [
          [
            [
              -75.55582970380783,
              39.12116704290175
            ],
            [
              -75.55570363998413,
              39.12113166575682
            ],
            [
              -75.55574119091034,
              39.12105050642433
            ],
            [
              -75.55586993694305,
              39.12108796457779
            ],
            [
              -75.55582970380783,
              39.12116704290175
            ]
          ]
        ]
      },
      "properties": {
        "type": "building",
        "min_height": 0.0,
        "extrude": "true",
        "height": 4.6291866,
        "iso_3166_1": "US",
        "iso_3166_2": "US-DE",
        "underground": "false"
      }
    },
    {
      "type": "Feature",
      "id": 1124078409,
      "geometry": {
        "type": "Polygon",
        "coordinates": [
          [
            [
              -75.55957406759262,
              39.11921505690505
            ],
            [
              -75.55950701236725,
              39.11917759875159
            ],
            [
              -75.55957674980164,
              39.11910060143616
            ],
            [
              -75.55964380502701,
              39.119135978581085
            ],
            [
              -75.55957406759262,
              39.11921505690505
            ]
          ]
        ]
      },
      "properties": {
        "type": "building",
        "extrude": "true",
        "height": 4.1,
        "iso_3166_2": "US-DE",
        "min_height": 0.0,
        "iso_3166_1": "US",
        "underground": "false"
      }
    },
    {
      "type": "Feature",
      "id": 2865942550289295,
      "geometry": {
        "type": "Polygon",
        "coordinates": [
          [
            [
              -75.558380484581,
              39.11783534825279
            ],
            [
              -75.55827856063843,
              39.117799971107864
            ],
            [
              -75.55834293365479,
              39.1176959206816
            ],
            [
              -75.55844217538834,
              39.11773129782653
            ],
            [
              -75.558380484581,
              39.11783534825279
            ]
          ]
        ]
      },
      "properties": {
        "type": "building",
        "min_height": 0.0,
        "extrude": "true",
        "height": 4.5599823,
        "iso_3166_1": "US",
        "iso_3166_2": "US-DE",
        "underground": "false"
      }
    },
    {
      "type": "Feature",
      "id": 4643236562758265,
      "geometry": {
        "type": "Polygon",
        "coordinates": [
          [
            [
              -75.55744975805283,
              39.119227542956196
            ],
            [
              -75.55734783411026,
              39.11916927471749
            ],
            [
              -75.55741220712662,
              39.11910060143616
            ],
            [
              -75.5575168132782,
              39.11915886967486
            ],
            [
              -75.55744975805283,
              39.119227542956196
            ]
          ]
        ]
      },
      "properties": {
        "type": "building",
        "min_height": 0.0,
        "extrude": "true",
        "height": 4.1546764,
        "iso_3166_1": "US",
        "iso_3166_2": "US-DE",
        "underground": "false"
      }
    },
    {
      "type": "Feature",
      "id": 3727955073380105,
      "geometry": {
        "type": "Polygon",
        "coordinates": [
          [
            [
              -75.55688917636871,
              39.11727971897655
            ],
            [
              -75.5568328499794,
              39.11726098989982
            ],
            [
              -75.55689185857773,
              39.11714653443093
            ],
            [
              -75.55695086717606,
              39.11716526350766
            ],
            [
              -75.55688917636871,
              39.11727971897655
            ]
          ]
        ]
      },
      "properties": {
        "type": "building",
        "min_height": 0.0,
        "extrude": "true",
        "height": 5.7148066,
        "iso_3166_1": "US",
        "iso_3166_2": "US-DE",
        "underground": "false"
      }
    },
    {
      "type": "Feature",
      "id": 2224593228784395,
      "geometry": {
        "type": "Polygon",
        "coordinates": [
          [
            [
              -75.55946409702301,
              39.12034712554279
            ],
            [
              -75.5593729019165,
              39.12030342436376
            ],
            [
              -75.55943191051483,
              39.120224346039805
            ],
            [
              -75.55952578783035,
              39.120268047218836
            ],
            [
              -75.55946409702301,
              39.12034712554279
            ]
          ]
        ]
      },
      "properties": {
        "type": "building",
        "min_height": 0.0,
        "extrude": "true",
        "height": 3.6782658,
        "iso_3166_1": "US",
        "iso_3166_2": "US-DE",
        "underground": "false"
      }
    },
    {
      "type": "Feature",
      "id": 1583907496807975,
      "geometry": {
        "type": "Polygon",
        "coordinates": [
          [
            [
              -75.55602818727493,
              39.11857202527074
            ],
            [
              -75.55588334798813,
              39.118551215185484
            ],
            [
              -75.5558967590332,
              39.118499189972354
            ],
            [
              -75.55604159832001,
              39.11852208106613
            ],
            [
              -75.55602818727493,
              39.11857202527074
            ]
          ]
        ]
      },
      "properties": {
        "type": "building",
        "min_height": 0.0,
        "extrude": "true",
        "height": 4.0958304,
        "iso_3166_1": "US",
        "iso_3166_2": "US-DE",
        "underground": "false"
      }
    },
    {
      "type": "Feature",
      "id": 5376919841468005,
      "geometry": {
        "type": "Polygon",
        "coordinates": [
          [
            [
              -75.56048601865768,
              39.116368237242476
            ],
            [
              -75.56037873029709,
              39.11636615623395
            ],
            [
              -75.5603814125061,
              39.116287077909995
            ],
            [
              -75.56049138307571,
              39.11628915891852
            ],
            [
              -75.56048601865768,
              39.116368237242476
            ]
          ]
        ]
      },
      "properties": {
        "type": "building",
        "min_height": 0.0,
        "extrude": "true",
        "height": 5.503886,
        "iso_3166_1": "US",
        "iso_3166_2": "US-DE",
        "underground": "false"
      }
    },
    {
      "type": "Feature",
      "id": 634400047712565,
      "geometry": {
        "type": "Polygon",
        "coordinates": [
          [
            [
              -75.5589410662651,
              39.12023683209095
            ],
            [
              -75.55880695581436,
              39.12016399679257
            ],
            [
              -75.55884182453156,
              39.120122376622064
            ],
            [
              -75.55897861719131,
              39.120195211920446
            ],
            [
              -75.5589410662651,
              39.12023683209095
            ]
          ]
        ]
      },
      "properties": {
        "type": "building",
        "min_height": 0.0,
        "extrude": "true",
        "height": 3.1842456,
        "iso_3166_1": "US",
        "iso_3166_2": "US-DE",
        "underground": "false"
      }
    },
    {
      "type": "Feature",
      "id": 3863043287394855,
      "geometry": {
        "type": "Polygon",
        "coordinates": [
          [
            [
              -75.5585977435112,
              39.12013902469027
            ],
            [
              -75.55850118398666,
              39.12009740451976
            ],
            [
              -75.55854141712189,
              39.120037055272526
            ],
            [
              -75.55863797664642,
              39.12007867544303
            ],
            [
              -75.5585977435112,
              39.12013902469027
            ]
          ]
        ]
      },
      "properties": {
        "type": "building",
        "min_height": 0.0,
        "height": 3.0,
        "extrude": "true",
        "iso_3166_1": "US",
        "iso_3166_2": "US-DE",
        "underground": "false"
      }
    },
    {
      "type": "Feature",
      "id": 5539832838357525,
      "geometry": {
        "type": "Polygon",
        "coordinates": [
          [
            [
              -75.55802375078201,
              39.12032631545754
            ],
            [
              -75.55786550045013,
              39.120240994108
            ],
            [
              -75.55792719125748,
              39.12017440183519
            ],
            [
              -75.55808275938034,
              39.120261804193255
            ],
            [
              -75.55802375078201,
              39.12032631545754
            ]
          ]
        ]
      },
      "properties": {
        "type": "building",
        "min_height": 0.0,
        "extrude": "true",
        "height": 5.089585,
        "iso_3166_1": "US",
        "iso_3166_2": "US-DE",
        "underground": "false"
      }
    },
    {
      "type": "Feature",
      "id": 2410363216198245,
      "geometry": {
        "type": "Polygon",
        "coordinates": [
          [
            [
              -75.55745512247086,
              39.119683283823235
            ],
            [
              -75.55735319852829,
              39.1196312586101
            ],
            [
              -75.55746585130692,
              39.11950223608154
            ],
            [
              -75.55756777524948,
              39.11955634230319
            ],
            [
              -75.55745512247086,
              39.119683283823235
            ]
          ]
        ]
      },
      "properties": {
        "type": "building",
        "min_height": 0.0,
        "extrude": "true",
        "height": 5.9816165,
        "iso_3166_1": "US",
        "iso_3166_2": "US-DE",
        "underground": "false"
      }
    },
    {
      "type": "Feature",
      "id": 3628302517177165,
      "geometry": {
        "type": "Polygon",
        "coordinates": [
          [
            [
              -75.5556446313858,
              39.11683854516919
            ],
            [
              -75.55553197860718,
              39.116809411049836
            ],
            [
              -75.55556416511536,
              39.11673033272587
            ],
            [
              -75.55567681789398,
              39.11675946684523
            ],
            [
              -75.5556446313858,
              39.11683854516919
            ]
          ]
        ]
      },
      "properties": {
        "type": "building",
        "min_height": 0.0,
        "extrude": "true",
        "height": 3.8975801,
        "iso_3166_1": "US",
        "iso_3166_2": "US-DE",
        "underground": "false"
      }
    },
    {
      "type": "Feature",
      "id": 4496082319606945,
      "geometry": {
        "type": "Polygon",
        "coordinates": [
          [
            [
              -75.55721908807755,
              39.12032215344049
            ],
            [
              -75.55710643529892,
              39.120268047218836
            ],
            [
              -75.55716276168823,
              39.12019729292897
            ],
            [
              -75.55727541446686,
              39.12024931814211
            ],
            [
              -75.55721908807755,
              39.12032215344049
            ]
          ]
        ]
      },
      "properties": {
        "type": "building",
        "min_height": 0.0,
        "extrude": "true",
        "height": 6.4662666,
        "iso_3166_1": "US",
        "iso_3166_2": "US-DE",
        "underground": "false"
      }
    },
    {
      "type": "Feature",
      "id": 65742338728525,
      "geometry": {
        "type": "Polygon",
        "coordinates": [
          [
            [
              -75.55721908807755,
              39.12131895652409
            ],
            [
              -75.55709570646286,
              39.121258607276864
            ],
            [
              -75.55716544389725,
              39.12117536693585
            ],
            [
              -75.55728614330292,
              39.12123571618309
            ],
            [
              -75.55721908807755,
              39.12131895652409
            ]
          ]
        ]
      },
      "properties": {
        "type": "building",
        "min_height": 0.0,
        "extrude": "true",
        "height": 4.6337366,
        "iso_3166_1": "US",
        "iso_3166_2": "US-DE",
        "underground": "false"
      }
    },
    {
      "type": "Feature",
      "id": 1938598936218445,
      "geometry": {
        "type": "Polygon",
        "coordinates": [
          [
            [
              -75.55824637413025,
              39.12051568723334
            ],
            [
              -75.55818200111389,
              39.12047614807136
            ],
            [
              -75.55825978517532,
              39.1203970697474
            ],
            [
              -75.5583268404007,
              39.12043660890938
            ],
            [
              -75.55824637413025,
              39.12051568723334
            ]
          ]
        ]
      },
      "properties": {
        "type": "building",
        "min_height": 0.0,
        "extrude": "true",
        "height": 3.3227334,
        "iso_3166_1": "US",
        "iso_3166_2": "US-DE",
        "underground": "false"
      }
    },
    {
      "type": "Feature",
      "id": 5340299153340965,
      "geometry": {
        "type": "Polygon",
        "coordinates": [
          [
            [
              -75.55795401334763,
              39.120721707077344
            ],
            [
              -75.55782794952393,
              39.120659276821584
            ],
            [
              -75.55790036916733,
              39.12057187446352
            ],
            [
              -75.55802643299103,
              39.120636385727806
            ],
            [
              -75.55795401334763,
              39.120721707077344
            ]
          ]
        ]
      },
      "properties": {
        "type": "building",
        "min_height": 0.0,
        "extrude": "true",
        "height": 6.707317,
        "iso_3166_1": "US",
        "iso_3166_2": "US-DE",
        "underground": "false"
      }
    },
    {
      "type": "Feature",
      "id": 3848041689912015,
      "geometry": {
        "type": "Polygon",
        "coordinates": [
          [
            [
              -75.5532655119896,
              39.12120658206373
            ],
            [
              -75.55320918560028,
              39.1211545568506
            ],
            [
              -75.55333524942398,
              39.12107339751811
            ],
            [
              -75.5533915758133,
              39.12112542273125
            ],
            [
              -75.5532655119896,
              39.12120658206373
            ]
          ]
        ]
      },
      "properties": {
        "type": "building",
        "min_height": 0.0,
        "extrude": "true",
        "height": 4.056858,
        "iso_3166_1": "US",
        "iso_3166_2": "US-DE",
        "underground": "false"
      }
    },
    {
      "type": "Feature",
      "id": 4303877547206855,
      "geometry": {
        "type": "Polygon",
        "coordinates": [
          [
            [
              -75.56076765060425,
              39.11871353385045
            ],
            [
              -75.56066304445267,
              39.11866567065437
            ],
            [
              -75.56071132421494,
              39.11860115939009
            ],
            [
              -75.56081593036652,
              39.118649022586176
            ],
            [
              -75.56076765060425,
              39.11871353385045
            ]
          ]
        ]
      },
      "properties": {
        "type": "building",
        "min_height": 0.0,
        "extrude": "true",
        "height": 3.2053516,
        "iso_3166_1": "US",
        "iso_3166_2": "US-DE",
        "underground": "false"
      }
    },
    {
      "type": "Feature",
      "id": 1444390988,
      "geometry": {
        "type": "Polygon",
        "coordinates": [
          [
            [
              -75.55974841117859,
              39.11845756980185
            ],
            [
              -75.55961966514587,
              39.11838681551199
            ],
            [
              -75.55965721607208,
              39.11834519534148
            ],
            [
              -75.5597859621048,
              39.11841594963134
            ],
            [
              -75.55974841117859,
              39.11845756980185
            ]
          ]
        ]
      },
      "properties": {
        "type": "building",
        "height": 3.0,
        "extrude": "true",
        "iso_3166_2": "US-DE",
        "min_height": 0.0,
        "iso_3166_1": "US",
        "underground": "false"
      }
    },
    {
      "type": "Feature",
      "id": 4541722522815915,
      "geometry": {
        "type": "Polygon",
        "coordinates": [
          [
            [
              -75.55934876203537,
              39.12076332724785
            ],
            [
              -75.55928438901901,
              39.12072795010292
            ],
            [
              -75.55937826633453,
              39.120625980685176
            ],
            [
              -75.55944263935089,
              39.12066135783011
            ],
            [
              -75.55934876203537,
              39.12076332724785
            ]
          ]
        ]
      },
      "properties": {
        "type": "building",
        "min_height": 0.0,
        "extrude": "true",
        "height": 4.0734625,
        "iso_3166_1": "US",
        "iso_3166_2": "US-DE",
        "underground": "false"
      }
    },
    {
      "type": "Feature",
      "id": 926618132419415,
      "geometry": {
        "type": "Polygon",
        "coordinates": [
          [
            [
              -75.55566608905792,
              39.11862405048387
            ],
            [
              -75.55557489395142,
              39.118609483424194
            ],
            [
              -75.55559635162354,
              39.118532486108755
            ],
            [
              -75.55568754673004,
              39.118547053168435
            ],
            [
              -75.55566608905792,
              39.11862405048387
            ]
          ]
        ]
      },
      "properties": {
        "type": "building",
        "min_height": 0.0,
        "height": 3.0,
        "extrude": "true",
        "iso_3166_1": "US",
        "iso_3166_2": "US-DE",
        "underground": "false"
      }
    },
    {
      "type": "Feature",
      "id": 1460467925533335,
      "geometry": {
        "type": "Polygon",
        "coordinates": [
          [
            [
              -75.56115657091141,
              39.118719776876034
            ],
            [
              -75.56103855371475,
              39.1186677516629
            ],
            [
              -75.56108683347702,
              39.11860115939009
            ],
            [
              -75.56120485067368,
              39.1186511035947
            ],
            [
              -75.56115657091141,
              39.118719776876034
            ]
          ]
        ]
      },
      "properties": {
        "type": "building",
        "min_height": 0.0,
        "extrude": "true",
        "height": 3.08061,
        "iso_3166_1": "US",
        "iso_3166_2": "US-DE",
        "underground": "false"
      }
    },
    {
      "type": "Feature",
      "id": 4600641992729205,
      "geometry": {
        "type": "Polygon",
        "coordinates": [
          [
            [
              -75.55678457021713,
              39.120305505372286
            ],
            [
              -75.5567255616188,
              39.12027012822736
            ],
            [
              -75.55680602788925,
              39.1201910499034
            ],
            [
              -75.55686235427856,
              39.12022642704833
            ],
            [
              -75.55678457021713,
              39.120305505372286
            ]
          ]
        ]
      },
      "properties": {
        "type": "building",
        "min_height": 0.0,
        "extrude": "true",
        "height": 10.49809,
        "iso_3166_1": "US",
        "iso_3166_2": "US-DE",
        "underground": "false"
      }
    },
    {
      "type": "Feature",
      "id": 1124078413,
      "geometry": {
        "type": "Polygon",
        "coordinates": [
          [
            [
              -75.56074619293213,
              39.118264036008995
            ],
            [
              -75.56067109107971,
              39.11822033482997
            ],
            [
              -75.56073546409607,
              39.11815790457421
            ],
            [
              -75.56080788373947,
              39.11820160575324
            ],
            [
              -75.56074619293213,
              39.118264036008995
            ]
          ]
        ]
      },
      "properties": {
        "type": "building",
        "height": 3.0,
        "extrude": "true",
        "iso_3166_2": "US-DE",
        "min_height": 0.0,
        "iso_3166_1": "US",
        "underground": "false"
      }
    },
    {
      "type": "Feature",
      "id": 4655435362561485,
      "geometry": {
        "type": "Polygon",
        "coordinates": [
          [
            [
              -75.55874794721603,
              39.11760019428944
            ],
            [
              -75.55864870548248,
              39.11756689815303
            ],
            [
              -75.55871039628983,
              39.11745244268414
            ],
            [
              -75.55881232023239,
              39.11748781982907
            ],
            [
              -75.55874794721603,
              39.11760019428944
            ]
          ]
        ]
      },
      "properties": {
        "type": "building",
        "min_height": 0.0,
        "extrude": "true",
        "height": 4.7101626,
        "iso_3166_1": "US",
        "iso_3166_2": "US-DE",
        "underground": "false"
      }
    },
    {
      "type": "Feature",
      "id": 4178872367313845,
      "geometry": {
        "type": "Polygon",
        "coordinates": [
          [
            [
              -75.5570313334465,
              39.11943564380873
            ],
            [
              -75.55693745613098,
              39.11939402363822
            ],
            [
              -75.55700719356537,
              39.119300378254586
            ],
            [
              -75.55710107088089,
              39.119341998425085
            ],
            [
              -75.5570313334465,
              39.11943564380873
            ]
          ]
        ]
      },
      "properties": {
        "type": "building",
        "min_height": 0.0,
        "extrude": "true",
        "height": 5.6768723,
        "iso_3166_1": "US",
        "iso_3166_2": "US-DE",
        "underground": "false"
      }
    },
    {
      "type": "Feature",
      "id": 5341688894948665,
      "geometry": {
        "type": "Polygon",
        "coordinates": [
          [
            [
              -75.55663704872131,
              39.117512791931375
            ],
            [
              -75.55653244256973,
              39.117479495794974
            ],
            [
              -75.55658340454102,
              39.11737960738576
            ],
            [
              -75.5566880106926,
              39.11741082251364
            ],
            [
              -75.55663704872131,
              39.117512791931375
            ]
          ]
        ]
      },
      "properties": {
        "type": "building",
        "min_height": 0.0,
        "extrude": "true",
        "height": 4.6802564,
        "iso_3166_1": "US",
        "iso_3166_2": "US-DE",
        "underground": "false"
      }
    },
    {
      "type": "Feature",
      "id": 1319392467736295,
      "geometry": {
        "type": "Polygon",
        "coordinates": [
          [
            [
              -75.55596381425858,
              39.12045117596906
            ],
            [
              -75.55585384368896,
              39.12042620386676
            ],
            [
              -75.55589139461517,
              39.12032631545754
            ],
            [
              -75.55600136518478,
              39.12035128755984
            ],
            [
              -75.55596381425858,
              39.12045117596906
            ]
          ]
        ]
      },
      "properties": {
        "type": "building",
        "min_height": 0.0,
        "extrude": "true",
        "height": 4.5581284,
        "iso_3166_1": "US",
        "iso_3166_2": "US-DE",
        "underground": "false"
      }
    },
    {
      "type": "Feature",
      "id": 3506496094790935,
      "geometry": {
        "type": "Polygon",
        "coordinates": [
          [
            [
              -75.55761873722076,
              39.119040252188924
            ],
            [
              -75.5574980378151,
              39.11896533588202
            ],
            [
              -75.55759459733963,
              39.118873771506905
            ],
            [
              -75.5577152967453,
              39.11894868781381
            ],
            [
              -75.55761873722076,
              39.119040252188924
            ]
          ]
        ]
      },
      "properties": {
        "type": "building",
        "min_height": 0.0,
        "extrude": "true",
        "height": 5.9141273,
        "iso_3166_1": "US",
        "iso_3166_2": "US-DE",
        "underground": "false"
      }
    },
    {
      "type": "Feature",
      "id": 4004668232726095,
      "geometry": {
        "type": "Polygon",
        "coordinates": [
          [
            [
              -75.55668264627457,
              39.11896533588202
            ],
            [
              -75.55661290884018,
              39.11892371571151
            ],
            [
              -75.55667996406555,
              39.11885504243018
            ],
            [
              -75.55674970149994,
              39.11889458159215
            ],
            [
              -75.55668264627457,
              39.11896533588202
            ]
          ]
        ]
      },
      "properties": {
        "type": "building",
        "min_height": 0.0,
        "extrude": "true",
        "height": 3.1419213,
        "iso_3166_1": "US",
        "iso_3166_2": "US-DE",
        "underground": "false"
      }
    },
    {
      "type": "Feature",
      "id": 2714853688890215,
      "geometry": {
        "type": "Polygon",
        "coordinates": [
          [
            [
              -75.55376172065735,
              39.12050736319924
            ],
            [
              -75.55363833904266,
              39.120438689917904
            ],
            [
              -75.55371075868607,
              39.120363773611
            ],
            [
              -75.55383145809174,
              39.12043244689233
            ],
            [
              -75.55376172065735,
              39.12050736319924
            ]
          ]
        ]
      },
      "properties": {
        "type": "building",
        "min_height": 0.0,
        "extrude": "true",
        "height": 3.5601609,
        "iso_3166_1": "US",
        "iso_3166_2": "US-DE",
        "underground": "false"
      }
    },
    {
      "type": "Feature",
      "id": 2968462218596985,
      "geometry": {
        "type": "Polygon",
        "coordinates": [
          [
            [
              -75.55646270513535,
              39.120611413625504
            ],
            [
              -75.55633395910263,
              39.12057187446352
            ],
            [
              -75.55637687444687,
              39.120486553113984
            ],
            [
              -75.55650562047958,
              39.120526092275966
            ],
            [
              -75.55646270513535,
              39.120611413625504
            ]
          ]
        ]
      },
      "properties": {
        "type": "building",
        "min_height": 0.0,
        "extrude": "true",
        "height": 6.0120273,
        "iso_3166_1": "US",
        "iso_3166_2": "US-DE",
        "underground": "false"
      }
    },
    {
      "type": "Feature",
      "id": 1123085574,
      "geometry": {
        "type": "Polygon",
        "coordinates": [
          [
            [
              -75.5559504032135,
              39.120784137333104
            ],
            [
              -75.55582165718079,
              39.1207425171626
            ],
            [
              -75.55586189031601,
              39.12066551984716
            ],
            [
              -75.55599063634872,
              39.12070505900914
            ],
            [
              -75.5559504032135,
              39.120784137333104
            ]
          ]
        ]
      },
      "properties": {
        "type": "building",
        "extrude": "true",
        "height": 3.6,
        "iso_3166_2": "US-DE",
        "min_height": 0.0,
        "iso_3166_1": "US",
        "underground": "false"
      }
    },
    {
      "type": "Feature",
      "id": 3874006993077495,
      "geometry": {
        "type": "Polygon",
        "coordinates": [
          [
            [
              -75.55547565221786,
              39.11679276298163
            ],
            [
              -75.55540591478348,
              39.11676779087933
            ],
            [
              -75.55547833442688,
              39.116647092384866
            ],
            [
              -75.55554807186127,
              39.11667206448717
            ],
            [
              -75.55547565221786,
              39.11679276298163
            ]
          ]
        ]
      },
      "properties": {
        "type": "building",
        "min_height": 0.0,
        "extrude": "true",
        "height": 3.3233244,
        "iso_3166_1": "US",
        "iso_3166_2": "US-DE",
        "underground": "false"
      }
    },
    {
      "type": "Feature",
      "id": 168947298305585,
      "geometry": {
        "type": "Polygon",
        "coordinates": [
          [
            [
              -75.55747926235199,
              39.11895284983086
            ],
            [
              -75.55736124515533,
              39.11889666260068
            ],
            [
              -75.55743634700775,
              39.11879885519999
            ],
            [
              -75.55755704641342,
              39.11885504243018
            ],
            [
              -75.55747926235199,
              39.11895284983086
            ]
          ]
        ]
      },
      "properties": {
        "type": "building",
        "min_height": 0.0,
        "extrude": "true",
        "height": 5.712937,
        "iso_3166_1": "US",
        "iso_3166_2": "US-DE",
        "underground": "false"
      }
    },
    {
      "type": "Feature",
      "id": 4299844098421155,
      "geometry": {
        "type": "Polygon",
        "coordinates": [
          [
            [
              -75.55718958377838,
              39.117387931419856
            ],
            [
              -75.55711448192596,
              39.11736295931755
            ],
            [
              -75.55716812610626,
              39.117258908891294
            ],
            [
              -75.55724322795868,
              39.11728179998507
            ],
            [
              -75.55718958377838,
              39.117387931419856
            ]
          ]
        ]
      },
      "properties": {
        "type": "building",
        "min_height": 0.0,
        "extrude": "true",
        "height": 4.4032845,
        "iso_3166_1": "US",
        "iso_3166_2": "US-DE",
        "underground": "false"
      }
    },
    {
      "type": "Feature",
      "id": 3225863419627875,
      "geometry": {
        "type": "Polygon",
        "coordinates": [
          [
            [
              -75.55495798587799,
              39.116957162655126
            ],
            [
              -75.55486679077148,
              39.116928028535774
            ],
            [
              -75.55491775274277,
              39.11683646416066
            ],
            [
              -75.55500894784927,
              39.116865598280015
            ],
            [
              -75.55495798587799,
              39.116957162655126
            ]
          ]
        ]
      },
      "properties": {
        "type": "building",
        "min_height": 0.0,
        "extrude": "true",
        "height": 4.8388734,
        "iso_3166_1": "US",
        "iso_3166_2": "US-DE",
        "underground": "false"
      }
    },
    {
      "type": "Feature",
      "id": 3923134386437655,
      "geometry": {
        "type": "Polygon",
        "coordinates": [
          [
            [
              -75.5588686466217,
              39.120342963525744
            ],
            [
              -75.55871844291687,
              39.120272209235885
            ],
            [
              -75.55875599384308,
              39.12022642704833
            ],
            [
              -75.5589035153389,
              39.12029510032966
            ],
            [
              -75.5588686466217,
              39.120342963525744
            ]
          ]
        ]
      },
      "properties": {
        "type": "building",
        "min_height": 0.0,
        "height": 3.0,
        "extrude": "true",
        "iso_3166_1": "US",
        "iso_3166_2": "US-DE",
        "underground": "false"
      }
    },
    {
      "type": "Feature",
      "id": 5248215597597405,
      "geometry": {
        "type": "Polygon",
        "coordinates": [
          [
            [
              -75.5563285946846,
              39.11970201289996
            ],
            [
              -75.55624008178711,
              39.11966247373798
            ],
            [
              -75.55629909038544,
              39.119581314405494
            ],
            [
              -75.55638760328293,
              39.11961877255895
            ],
            [
              -75.5563285946846,
              39.11970201289996
            ]
          ]
        ]
      },
      "properties": {
        "type": "building",
        "min_height": 0.0,
        "height": 3.0,
        "extrude": "true",
        "iso_3166_1": "US",
        "iso_3166_2": "US-DE",
        "underground": "false"
      }
    },
    {
      "type": "Feature",
      "id": 4530502151288585,
      "geometry": {
        "type": "Polygon",
        "coordinates": [
          [
            [
              -75.55903762578964,
              39.12013902469027
            ],
            [
              -75.55891156196594,
              39.12007867544303
            ],
            [
              -75.55894643068314,
              39.120037055272526
            ],
            [
              -75.55907249450684,
              39.12009740451976
            ],
            [
              -75.55903762578964,
              39.12013902469027
            ]
          ]
        ]
      },
      "properties": {
        "type": "building",
        "min_height": 0.0,
        "height": 3.0,
        "extrude": "true",
        "iso_3166_1": "US",
        "iso_3166_2": "US-DE",
        "underground": "false"
      }
    },
    {
      "type": "Feature",
      "id": 167442600005075,
      "geometry": {
        "type": "Polygon",
        "coordinates": [
          [
            [
              -75.5579486489296,
              39.12108380256074
            ],
            [
              -75.55785477161407,
              39.121033858356135
            ],
            [
              -75.55794596672058,
              39.120927726921344
            ],
            [
              -75.55804252624512,
              39.12097767112595
            ],
            [
              -75.5579486489296,
              39.12108380256074
            ]
          ]
        ]
      },
      "properties": {
        "type": "building",
        "min_height": 0.0,
        "extrude": "true",
        "height": 6.5096483,
        "iso_3166_1": "US",
        "iso_3166_2": "US-DE",
        "underground": "false"
      }
    },
    {
      "type": "Feature",
      "id": 1499044481140385,
      "geometry": {
        "type": "Polygon",
        "coordinates": [
          [
            [
              -75.5595874786377,
              39.116257943790636
            ],
            [
              -75.55958479642868,
              39.1161310022706
            ],
            [
              -75.55965185165405,
              39.1161310022706
            ],
            [
              -75.55965453386307,
              39.116257943790636
            ],
            [
              -75.5595874786377,
              39.116257943790636
            ]
          ]
        ]
      },
      "properties": {
        "type": "building",
        "min_height": 0.0,
        "height": 3.0,
        "extrude": "true",
        "iso_3166_1": "US",
        "iso_3166_2": "US-DE",
        "underground": "false"
      }
    },
    {
      "type": "Feature",
      "id": 1997717282325615,
      "geometry": {
        "type": "Polygon",
        "coordinates": [
          [
            [
              -75.56026875972748,
              39.11928373018638
            ],
            [
              -75.56014001369476,
              39.11922129993062
            ],
            [
              -75.560182929039,
              39.11916719370897
            ],
            [
              -75.56031167507172,
              39.11922962396472
            ],
            [
              -75.56026875972748,
              39.11928373018638
            ]
          ]
        ]
      },
      "properties": {
        "type": "building",
        "min_height": 0.0,
        "height": 3.0,
        "extrude": "true",
        "iso_3166_1": "US",
        "iso_3166_2": "US-DE",
        "underground": "false"
      }
    },
    {
      "type": "Feature",
      "id": 5113169484502785,
      "geometry": {
        "type": "Polygon",
        "coordinates": [
          [
            [
              -75.55443227291107,
              39.11630996900377
            ],
            [
              -75.5543652176857,
              39.11629748295262
            ],
            [
              -75.55440545082092,
              39.116180946475204
            ],
            [
              -75.5544725060463,
              39.116195513534876
            ],
            [
              -75.55443227291107,
              39.11630996900377
            ]
          ]
        ]
      },
      "properties": {
        "type": "building",
        "min_height": 0.0,
        "extrude": "true",
        "height": 3.5499334,
        "iso_3166_1": "US",
        "iso_3166_2": "US-DE",
        "underground": "false"
      }
    },
    {
      "type": "Feature",
      "id": 3008176954001415,
      "geometry": {
        "type": "Polygon",
        "coordinates": [
          [
            [
              -75.56078106164932,
              39.1180913123014
            ],
            [
              -75.56067377328873,
              39.11804344910532
            ],
            [
              -75.56071400642395,
              39.117987261875136
            ],
            [
              -75.56082397699356,
              39.118035125071216
            ],
            [
              -75.56078106164932,
              39.1180913123014
            ]
          ]
        ]
      },
      "properties": {
        "type": "building",
        "min_height": 0.0,
        "extrude": "true",
        "height": 13.275085,
        "iso_3166_1": "US",
        "iso_3166_2": "US-DE",
        "underground": "false"
      }
    },
    {
      "type": "Feature",
      "id": 1636837784875525,
      "geometry": {
        "type": "Polygon",
        "coordinates": [
          [
            [
              -75.55545955896378,
              39.12067800589831
            ],
            [
              -75.55537104606628,
              39.12066343883863
            ],
            [
              -75.55539786815643,
              39.12057603648057
            ],
            [
              -75.55548638105392,
              39.12059060354025
            ],
            [
              -75.55545955896378,
              39.12067800589831
            ]
          ]
        ]
      },
      "properties": {
        "type": "building",
        "min_height": 0.0,
        "extrude": "true",
        "height": 3.8391995,
        "iso_3166_1": "US",
        "iso_3166_2": "US-DE",
        "underground": "false"
      }
    },
    {
      "type": "Feature",
      "id": 3519282913551145,
      "geometry": {
        "type": "Polygon",
        "coordinates": [
          [
            [
              -75.55460125207901,
              39.11863653653502
            ],
            [
              -75.55444568395615,
              39.11861780745829
            ],
            [
              -75.55446445941925,
              39.11852624308318
            ],
            [
              -75.55462002754211,
              39.11854497215991
            ],
            [
              -75.55460125207901,
              39.11863653653502
            ]
          ]
        ]
      },
      "properties": {
        "type": "building",
        "min_height": 0.0,
        "extrude": "true",
        "height": 4.857739,
        "iso_3166_1": "US",
        "iso_3166_2": "US-DE",
        "underground": "false"
      }
    },
    {
      "type": "Feature",
      "id": 4501592159570315,
      "geometry": {
        "type": "Polygon",
        "coordinates": [
          [
            [
              -75.55298924446106,
              39.1211795289529
            ],
            [
              -75.55308043956757,
              39.12111293668009
            ],
            [
              -75.55314213037491,
              39.12116496189322
            ],
            [
              -75.5530509352684,
              39.12123155416603
            ],
            [
              -75.55298924446106,
              39.1211795289529
            ]
          ]
        ]
      },
      "properties": {
        "type": "building",
        "min_height": 0.0,
        "extrude": "true",
        "height": 3.7745774,
        "iso_3166_1": "US",
        "iso_3166_2": "US-DE",
        "underground": "false"
      }
    },
    {
      "type": "Feature",
      "id": 2284795863426835,
      "geometry": {
        "type": "Polygon",
        "coordinates": [
          [
            [
              -75.55922538042068,
              39.12035753058542
            ],
            [
              -75.55913954973221,
              39.120305505372286
            ],
            [
              -75.55924415588379,
              39.12020145494603
            ],
            [
              -75.55932998657227,
              39.12025348015916
            ],
            [
              -75.55922538042068,
              39.12035753058542
            ]
          ]
        ]
      },
      "properties": {
        "type": "building",
        "min_height": 0.0,
        "extrude": "true",
        "height": 3.2124333,
        "iso_3166_1": "US",
        "iso_3166_2": "US-DE",
        "underground": "false"
      }
    },
    {
      "type": "Feature",
      "id": 2836602057856125,
      "geometry": {
        "type": "Polygon",
        "coordinates": [
          [
            [
              -75.55705547332764,
              39.11899447000137
            ],
            [
              -75.55693209171295,
              39.118925796720035
            ],
            [
              -75.5569937825203,
              39.118859204447226
            ],
            [
              -75.55711716413498,
              39.118929958737084
            ],
            [
              -75.55705547332764,
              39.11899447000137
            ]
          ]
        ]
      },
      "properties": {
        "type": "building",
        "min_height": 0.0,
        "extrude": "true",
        "height": 4.6823106,
        "iso_3166_1": "US",
        "iso_3166_2": "US-DE",
        "underground": "false"
      }
    },
    {
      "type": "Feature",
      "id": 2333888639731315,
      "geometry": {
        "type": "Polygon",
        "coordinates": [
          [
            [
              -75.55905103683472,
              39.120981833143
            ],
            [
              -75.55896252393723,
              39.12092980792987
            ],
            [
              -75.5590671300888,
              39.12082783851213
            ],
            [
              -75.5591556429863,
              39.12088194473379
            ],
            [
              -75.55905103683472,
              39.120981833143
            ]
          ]
        ]
      },
      "properties": {
        "type": "building",
        "min_height": 0.0,
        "extrude": "true",
        "height": 3.2540855,
        "iso_3166_1": "US",
        "iso_3166_2": "US-DE",
        "underground": "false"
      }
    },
    {
      "type": "Feature",
      "id": 559168031856385,
      "geometry": {
        "type": "Polygon",
        "coordinates": [
          [
            [
              -75.55704742670059,
              39.12050528219071
            ],
            [
              -75.55691599845886,
              39.120438689917904
            ],
            [
              -75.55699110031128,
              39.12034920655132
            ],
            [
              -75.55712252855301,
              39.120415798824126
            ],
            [
              -75.55704742670059,
              39.12050528219071
            ]
          ]
        ]
      },
      "properties": {
        "type": "building",
        "min_height": 0.0,
        "extrude": "true",
        "height": 6.4950166,
        "iso_3166_1": "US",
        "iso_3166_2": "US-DE",
        "underground": "false"
      }
    },
    {
      "type": "Feature",
      "id": 416107358097335,
      "geometry": {
        "type": "Polygon",
        "coordinates": [
          [
            [
              -75.5562373995781,
              39.11792899363643
            ],
            [
              -75.55611401796341,
              39.117910264559704
            ],
            [
              -75.55613279342651,
              39.117833267244265
            ],
            [
              -75.55625885725021,
              39.11785407732952
            ],
            [
              -75.5562373995781,
              39.11792899363643
            ]
          ]
        ]
      },
      "properties": {
        "type": "building",
        "min_height": 0.0,
        "extrude": "true",
        "height": 4.6950197,
        "iso_3166_1": "US",
        "iso_3166_2": "US-DE",
        "underground": "false"
      }
    },
    {
      "type": "Feature",
      "id": 2324278811324445,
      "geometry": {
        "type": "Polygon",
        "coordinates": [
          [
            [
              -75.55513232946396,
              39.121248202234234
            ],
            [
              -75.55503576993942,
              39.121187852987
            ],
            [
              -75.5551028251648,
              39.12112334172272
            ],
            [
              -75.55519938468933,
              39.121181609961425
            ],
            [
              -75.55513232946396,
              39.121248202234234
            ]
          ]
        ]
      },
      "properties": {
        "type": "building",
        "min_height": 0.0,
        "extrude": "true",
        "height": 4.6447225,
        "iso_3166_1": "US",
        "iso_3166_2": "US-DE",
        "underground": "false"
      }
    },
    {
      "type": "Feature",
      "id": 4149371319664175,
      "geometry": {
        "type": "Polygon",
        "coordinates": [
          [
            [
              -75.55819004774094,
              39.12102969633908
            ],
            [
              -75.55809885263443,
              39.1209735091089
            ],
            [
              -75.55815517902374,
              39.120917321878714
            ],
            [
              -75.55824637413025,
              39.120971428100376
            ],
            [
              -75.55819004774094,
              39.12102969633908
            ]
          ]
        ]
      },
      "properties": {
        "type": "building",
        "min_height": 0.0,
        "extrude": "true",
        "height": 10.550233,
        "iso_3166_1": "US",
        "iso_3166_2": "US-DE",
        "underground": "false"
      }
    },
    {
      "type": "Feature",
      "id": 1124078456,
      "geometry": {
        "type": "Polygon",
        "coordinates": [
          [
            [
              -75.5552476644516,
              39.11976028113867
            ],
            [
              -75.55508941411972,
              39.11972906601079
            ],
            [
              -75.55511355400085,
              39.11964998768683
            ],
            [
              -75.55527180433273,
              39.119681202814704
            ],
            [
              -75.5552476644516,
              39.11976028113867
            ]
          ]
        ]
      },
      "properties": {
        "type": "building",
        "height": 3.0,
        "extrude": "true",
        "iso_3166_2": "US-DE",
        "min_height": 0.0,
        "iso_3166_1": "US",
        "underground": "false"
      }
    },
    {
      "type": "Feature",
      "id": 1948796036206515,
      "geometry": {
        "type": "Polygon",
        "coordinates": [
          [
            [
              -75.55992275476456,
              39.11824114491522
            ],
            [
              -75.55981814861298,
              39.11818495768504
            ],
            [
              -75.55990397930145,
              39.11808506927582
            ],
            [
              -75.56001126766205,
              39.11814125650601
            ],
            [
              -75.55992275476456,
              39.11824114491522
            ]
          ]
        ]
      },
      "properties": {
        "type": "building",
        "min_height": 0.0,
        "extrude": "true",
        "height": 3.223832,
        "iso_3166_1": "US",
        "iso_3166_2": "US-DE",
        "underground": "false"
      }
    },
    {
      "type": "Feature",
      "id": 2364284806955505,
      "geometry": {
        "type": "Polygon",
        "coordinates": [
          [
            [
              -75.55680871009827,
              39.120673843881264
            ],
            [
              -75.55671483278275,
              39.1206197376596
            ],
            [
              -75.55678457021713,
              39.120548983369744
            ],
            [
              -75.55687844753265,
              39.1206030895914
            ],
            [
              -75.55680871009827,
              39.120673843881264
            ]
          ]
        ]
      },
      "properties": {
        "type": "building",
        "min_height": 0.0,
        "extrude": "true",
        "height": 6.08944,
        "iso_3166_1": "US",
        "iso_3166_2": "US-DE",
        "underground": "false"
      }
    },
    {
      "type": "Feature",
      "id": 2887910933678825,
      "geometry": {
        "type": "Polygon",
        "coordinates": [
          [
            [
              -75.55492043495178,
              39.12119825802963
            ],
            [
              -75.554778277874,
              39.121119179705666
            ],
            [
              -75.55486410856247,
              39.121027615330554
            ],
            [
              -75.55500626564026,
              39.12110877466304
            ],
            [
              -75.55492043495178,
              39.12119825802963
            ]
          ]
        ]
      },
      "properties": {
        "type": "building",
        "min_height": 0.0,
        "extrude": "true",
        "height": 4.963852,
        "iso_3166_1": "US",
        "iso_3166_2": "US-DE",
        "underground": "false"
      }
    },
    {
      "type": "Feature",
      "id": 4756677744112885,
      "geometry": {
        "type": "Polygon",
        "coordinates": [
          [
            [
              -75.55423378944397,
              39.11888417654953
            ],
            [
              -75.55409967899323,
              39.11885296142165
            ],
            [
              -75.55412650108337,
              39.11877804511474
            ],
            [
              -75.55426329374313,
              39.11880926024262
            ],
            [
              -75.55423378944397,
              39.11888417654953
            ]
          ]
        ]
      },
      "properties": {
        "type": "building",
        "min_height": 0.0,
        "extrude": "true",
        "height": 3.6061678,
        "iso_3166_1": "US",
        "iso_3166_2": "US-DE",
        "underground": "false"
      }
    },
    {
      "type": "Feature",
      "id": 1124078410,
      "geometry": {
        "type": "Polygon",
        "coordinates": [
          [
            [
              -75.55949628353119,
              39.11916719370897
            ],
            [
              -75.5593541264534,
              39.11908603437648
            ],
            [
              -75.55941045284271,
              39.119025685129245
            ],
            [
              -75.5595526099205,
              39.11910892547026
            ],
            [
              -75.55949628353119,
              39.11916719370897
            ]
          ]
        ]
      },
      "properties": {
        "type": "building",
        "extrude": "true",
        "height": 3.5,
        "iso_3166_2": "US-DE",
        "min_height": 0.0,
        "iso_3166_1": "US",
        "underground": "false"
      }
    },
    {
      "type": "Feature",
      "id": 1124078408,
      "geometry": {
        "type": "Polygon",
        "coordinates": [
          [
            [
              -75.55932193994522,
              39.11922129993062
            ],
            [
              -75.5592280626297,
              39.11917135572602
            ],
            [
              -75.55928707122803,
              39.11910684446173
            ],
            [
              -75.55938094854355,
              39.11915678866634
            ],
            [
              -75.55932193994522,
              39.11922129993062
            ]
          ]
        ]
      },
      "properties": {
        "type": "building",
        "extrude": "true",
        "height": 3.9,
        "iso_3166_2": "US-DE",
        "min_height": 0.0,
        "iso_3166_1": "US",
        "underground": "false"
      }
    },
    {
      "type": "Feature",
      "id": 3639505290123405,
      "geometry": {
        "type": "Polygon",
        "coordinates": [
          [
            [
              -75.5591556429863,
              39.12045950000316
            ],
            [
              -75.55904567241669,
              39.12039498873887
            ],
            [
              -75.55909931659698,
              39.120338801508694
            ],
            [
              -75.5592092871666,
              39.12040331277298
            ],
            [
              -75.5591556429863,
              39.12045950000316
            ]
          ]
        ]
      },
      "properties": {
        "type": "building",
        "min_height": 0.0,
        "height": 3.0,
        "extrude": "true",
        "iso_3166_1": "US",
        "iso_3166_2": "US-DE",
        "underground": "false"
      }
    },
    {
      "type": "Feature",
      "id": 3792746497500855,
      "geometry": {
        "type": "Polygon",
        "coordinates": [
          [
            [
              -75.55363833904266,
              39.120927726921344
            ],
            [
              -75.55357933044434,
              39.12088818775936
            ],
            [
              -75.55365443229675,
              39.12081951447803
            ],
            [
              -75.55371344089508,
              39.120861134648536
            ],
            [
              -75.55363833904266,
              39.120927726921344
            ]
          ]
        ]
      },
      "properties": {
        "type": "building",
        "min_height": 0.0,
        "extrude": "true",
        "height": 3.841777,
        "iso_3166_1": "US",
        "iso_3166_2": "US-DE",
        "underground": "false"
      }
    },
    {
      "type": "Feature",
      "id": 5442249466335555,
      "geometry": {
        "type": "Polygon",
        "coordinates": [
          [
            [
              -75.55849850177765,
              39.12029718133819
            ],
            [
              -75.55842876434326,
              39.12025972318473
            ],
            [
              -75.55851727724075,
              39.12015983477552
            ],
            [
              -75.55858701467514,
              39.12019729292897
            ],
            [
              -75.55849850177765,
              39.12029718133819
            ]
          ]
        ]
      },
      "properties": {
        "type": "building",
        "min_height": 0.0,
        "extrude": "true",
        "height": 3.4694989,
        "iso_3166_1": "US",
        "iso_3166_2": "US-DE",
        "underground": "false"
      }
    },
    {
      "type": "Feature",
      "id": 4923695253623135,
      "geometry": {
        "type": "Polygon",
        "coordinates": [
          [
            [
              -75.56102514266968,
              39.11720688367816
            ],
            [
              -75.56090444326401,
              39.11714237241388
            ],
            [
              -75.56096345186234,
              39.11707369913255
            ],
            [
              -75.56108683347702,
              39.1171361293883
            ],
            [
              -75.56102514266968,
              39.11720688367816
            ]
          ]
        ]
      },
      "properties": {
        "type": "building",
        "min_height": 0.0,
        "extrude": "true",
        "height": 3.546401,
        "iso_3166_1": "US",
        "iso_3166_2": "US-DE",
        "underground": "false"
      }
    },
    {
      "type": "Feature",
      "id": 5611493662247915,
      "geometry": {
        "type": "Polygon",
        "coordinates": [
          [
            [
              -75.5604699254036,
              39.119418995740524
            ],
            [
              -75.56040018796921,
              39.11937945657854
            ],
            [
              -75.56048601865768,
              39.119285811194906
            ],
            [
              -75.56055575609207,
              39.11932535035689
            ],
            [
              -75.5604699254036,
              39.119418995740524
            ]
          ]
        ]
      },
      "properties": {
        "type": "building",
        "min_height": 0.0,
        "extrude": "true",
        "height": 3.176504,
        "iso_3166_1": "US",
        "iso_3166_2": "US-DE",
        "underground": "false"
      }
    },
    {
      "type": "Feature",
      "id": 5345820975577735,
      "geometry": {
        "type": "Polygon",
        "coordinates": [
          [
            [
              -75.5597135424614,
              39.119937166863316
            ],
            [
              -75.55963307619095,
              39.119893465684285
            ],
            [
              -75.55972695350647,
              39.119787334249494
            ],
            [
              -75.55981010198593,
              39.119831035428525
            ],
            [
              -75.5597135424614,
              39.119937166863316
            ]
          ]
        ]
      },
      "properties": {
        "type": "building",
        "min_height": 0.0,
        "height": 3.0,
        "extrude": "true",
        "iso_3166_1": "US",
        "iso_3166_2": "US-DE",
        "underground": "false"
      }
    },
    {
      "type": "Feature",
      "id": 1478817529433975,
      "geometry": {
        "type": "Polygon",
        "coordinates": [
          [
            [
              -75.55891156196594,
              39.120908997844616
            ],
            [
              -75.55883377790451,
              39.120865296665585
            ],
            [
              -75.55894643068314,
              39.12074043615407
            ],
            [
              -75.55902689695358,
              39.120784137333104
            ],
            [
              -75.55891156196594,
              39.120908997844616
            ]
          ]
        ]
      },
      "properties": {
        "type": "building",
        "min_height": 0.0,
        "height": 3.0,
        "extrude": "true",
        "iso_3166_1": "US",
        "iso_3166_2": "US-DE",
        "underground": "false"
      }
    },
    {
      "type": "Feature",
      "id": 4614552576348755,
      "geometry": {
        "type": "Polygon",
        "coordinates": [
          [
            [
              -75.55679529905319,
              39.117244341831615
            ],
            [
              -75.55673629045486,
              39.117225612754886
            ],
            [
              -75.5567979812622,
              39.11710699526895
            ],
            [
              -75.55685698986053,
              39.1171278053542
            ],
            [
              -75.55679529905319,
              39.117244341831615
            ]
          ]
        ]
      },
      "properties": {
        "type": "building",
        "min_height": 0.0,
        "extrude": "true",
        "height": 5.439538,
        "iso_3166_1": "US",
        "iso_3166_2": "US-DE",
        "underground": "false"
      }
    },
    {
      "type": "Feature",
      "id": 2901407863548315,
      "geometry": {
        "type": "Polygon",
        "coordinates": [
          [
            [
              -75.55557757616043,
              39.12014942973289
            ],
            [
              -75.55541932582855,
              39.120132781664694
            ],
            [
              -75.55543541908264,
              39.120037055272526
            ],
            [
              -75.55559366941452,
              39.120051622332205
            ],
            [
              -75.55557757616043,
              39.12014942973289
            ]
          ]
        ]
      },
      "properties": {
        "type": "building",
        "min_height": 0.0,
        "extrude": "true",
        "height": 3.277242,
        "iso_3166_1": "US",
        "iso_3166_2": "US-DE",
        "underground": "false"
      }
    },
    {
      "type": "Feature",
      "id": 1390759829,
      "geometry": {
        "type": "Polygon",
        "coordinates": [
          [
            [
              -75.559641122818,
              39.11860740241567
            ],
            [
              -75.55947214365005,
              39.11850543299793
            ],
            [
              -75.55954188108444,
              39.11843467870807
            ],
            [
              -75.55971086025238,
              39.11853664812581
            ],
            [
              -75.559641122818,
              39.11860740241567
            ]
          ]
        ]
      },
      "properties": {
        "type": "building",
        "height": 3.0,
        "extrude": "true",
        "iso_3166_2": "US-DE",
        "min_height": 0.0,
        "iso_3166_1": "US",
        "underground": "false"
      }
    },
    {
      "type": "Feature",
      "id": 1119352198016995,
      "geometry": {
        "type": "Polygon",
        "coordinates": [
          [
            [
              -75.55593430995941,
              39.12011197157944
            ],
            [
              -75.55580824613571,
              39.12008908048566
            ],
            [
              -75.55582970380783,
              39.1200183261958
            ],
            [
              -75.55595576763153,
              39.120041217289575
            ],
            [
              -75.55593430995941,
              39.12011197157944
            ]
          ]
        ]
      },
      "properties": {
        "type": "building",
        "min_height": 0.0,
        "extrude": "true",
        "height": 4.7423167,
        "iso_3166_1": "US",
        "iso_3166_2": "US-DE",
        "underground": "false"
      }
    },
    {
      "type": "Feature",
      "id": 2339289094166595,
      "geometry": {
        "type": "Polygon",
        "coordinates": [
          [
            [
              -75.56073814630508,
              39.1190631432827
            ],
            [
              -75.56058526039124,
              39.11897990294169
            ],
            [
              -75.56064695119858,
              39.11891331066888
            ],
            [
              -75.56079983711243,
              39.11899655100989
            ],
            [
              -75.56073814630508,
              39.1190631432827
            ]
          ]
        ]
      },
      "properties": {
        "type": "building",
        "min_height": 0.0,
        "extrude": "true",
        "height": 4.12219,
        "iso_3166_1": "US",
        "iso_3166_2": "US-DE",
        "underground": "false"
      }
    },
    {
      "type": "Feature",
      "id": 5110512672885595,
      "geometry": {
        "type": "Polygon",
        "coordinates": [
          [
            [
              -75.55976182222366,
              39.11837641046936
            ],
            [
              -75.5596598982811,
              39.11832022323918
            ],
            [
              -75.55970817804337,
              39.118264036008995
            ],
            [
              -75.55981278419495,
              39.11832022323918
            ],
            [
              -75.55976182222366,
              39.11837641046936
            ]
          ]
        ]
      },
      "properties": {
        "type": "building",
        "min_height": 0.0,
        "extrude": "true",
        "height": 4.031943,
        "iso_3166_1": "US",
        "iso_3166_2": "US-DE",
        "underground": "false"
      }
    },
    {
      "type": "Feature",
      "id": 2082152327959105,
      "geometry": {
        "type": "Polygon",
        "coordinates": [
          [
            [
              -75.55387169122696,
              39.11658258112058
            ],
            [
              -75.5537697672844,
              39.116549284984174
            ],
            [
              -75.55383145809174,
              39.116434829515285
            ],
            [
              -75.5539333820343,
              39.11647020666022
            ],
            [
              -75.55387169122696,
              39.11658258112058
            ]
          ]
        ]
      },
      "properties": {
        "type": "building",
        "min_height": 0.0,
        "extrude": "true",
        "height": 4.7822714,
        "iso_3166_1": "US",
        "iso_3166_2": "US-DE",
        "underground": "false"
      }
    },
    {
      "type": "Feature",
      "id": 1124078451,
      "geometry": {
        "type": "Polygon",
        "coordinates": [
          [
            [
              -75.55807739496231,
              39.118366005426736
            ],
            [
              -75.55798888206482,
              39.11831606122213
            ],
            [
              -75.55807203054428,
              39.118226577855545
            ],
            [
              -75.55816054344177,
              39.11827652206015
            ],
            [
              -75.55807739496231,
              39.118366005426736
            ]
          ]
        ]
      },
      "properties": {
        "type": "building",
        "extrude": "true",
        "height": 3.4,
        "iso_3166_2": "US-DE",
        "min_height": 0.0,
        "iso_3166_1": "US",
        "underground": "false"
      }
    },
    {
      "type": "Feature",
      "id": 2283707434502995,
      "geometry": {
        "type": "Polygon",
        "coordinates": [
          [
            [
              -75.55716812610626,
              39.117733378835055
            ],
            [
              -75.55705279111862,
              39.117689677656024
            ],
            [
              -75.55712789297104,
              39.11756273613598
            ],
            [
              -75.5572459101677,
              39.11760643731501
            ],
            [
              -75.55716812610626,
              39.117733378835055
            ]
          ]
        ]
      },
      "properties": {
        "type": "building",
        "min_height": 0.0,
        "extrude": "true",
        "height": 3.610562,
        "iso_3166_1": "US",
        "iso_3166_2": "US-DE",
        "underground": "false"
      }
    },
    {
      "type": "Feature",
      "id": 3509167078584555,
      "geometry": {
        "type": "Polygon",
        "coordinates": [
          [
            [
              -75.55536031723022,
              39.12105674944991
            ],
            [
              -75.5552664399147,
              39.12101512927941
            ],
            [
              -75.55531740188599,
              39.1209485370066
            ],
            [
              -75.55541127920151,
              39.120990157177104
            ],
            [
              -75.55536031723022,
              39.12105674944991
            ]
          ]
        ]
      },
      "properties": {
        "type": "building",
        "min_height": 0.0,
        "extrude": "true",
        "height": 3.0060565,
        "iso_3166_1": "US",
        "iso_3166_2": "US-DE",
        "underground": "false"
      }
    },
    {
      "type": "Feature",
      "id": 1123085575,
      "geometry": {
        "type": "Polygon",
        "coordinates": [
          [
            [
              -75.55538177490234,
              39.12089651179347
            ],
            [
              -75.55526912212372,
              39.120861134648536
            ],
            [
              -75.5553013086319,
              39.1208007854013
            ],
            [
              -75.55541127920151,
              39.12083616254623
            ],
            [
              -75.55538177490234,
              39.12089651179347
            ]
          ]
        ]
      },
      "properties": {
        "type": "building",
        "extrude": "true",
        "height": 3.7,
        "iso_3166_2": "US-DE",
        "min_height": 0.0,
        "iso_3166_1": "US",
        "underground": "false"
      }
    },
    {
      "type": "Feature",
      "id": 3181995630620055,
      "geometry": {
        "type": "Polygon",
        "coordinates": [
          [
            [
              -75.5538260936737,
              39.117623085383215
            ],
            [
              -75.5537161231041,
              39.11760019428944
            ],
            [
              -75.5537536740303,
              39.1174815768035
            ],
            [
              -75.55386632680893,
              39.11750446789728
            ],
            [
              -75.5538260936737,
              39.117623085383215
            ]
          ]
        ]
      },
      "properties": {
        "type": "building",
        "min_height": 0.0,
        "extrude": "true",
        "height": 3.6127236,
        "iso_3166_1": "US",
        "iso_3166_2": "US-DE",
        "underground": "false"
      }
    },
    {
      "type": "Feature",
      "id": 1356367895029595,
      "geometry": {
        "type": "Polygon",
        "coordinates": [
          [
            [
              -75.56055843830109,
              39.11990595173543
            ],
            [
              -75.56047797203064,
              39.11985600753083
            ],
            [
              -75.56058526039124,
              39.11975195710457
            ],
            [
              -75.56066572666168,
              39.119801901309174
            ],
            [
              -75.56055843830109,
              39.11990595173543
            ]
          ]
        ]
      },
      "properties": {
        "type": "building",
        "min_height": 0.0,
        "extrude": "true",
        "height": 4.0373564,
        "iso_3166_1": "US",
        "iso_3166_2": "US-DE",
        "underground": "false"
      }
    },
    {
      "type": "Feature",
      "id": 5438151874726755,
      "geometry": {
        "type": "Polygon",
        "coordinates": [
          [
            [
              -75.55435180664062,
              39.11973739004489
            ],
            [
              -75.55424183607101,
              39.11971449895111
            ],
            [
              -75.55426865816116,
              39.11963750163568
            ],
            [
              -75.55437862873077,
              39.11966039272946
            ],
            [
              -75.55435180664062,
              39.11973739004489
            ]
          ]
        ]
      },
      "properties": {
        "type": "building",
        "min_height": 0.0,
        "extrude": "true",
        "height": 5.3561306,
        "iso_3166_1": "US",
        "iso_3166_2": "US-DE",
        "underground": "false"
      }
    },
    {
      "type": "Feature",
      "id": 1756605663999615,
      "geometry": {
        "type": "Polygon",
        "coordinates": [
          [
            [
              -75.5608132481575,
              39.117454523692665
            ],
            [
              -75.56069523096085,
              39.11739001242839
            ],
            [
              -75.56077837944031,
              39.117296367044744
            ],
            [
              -75.56089907884598,
              39.11736087830903
            ],
            [
              -75.5608132481575,
              39.117454523692665
            ]
          ]
        ]
      },
      "properties": {
        "type": "building",
        "min_height": 0.0,
        "extrude": "true",
        "height": 3.426671,
        "iso_3166_1": "US",
        "iso_3166_2": "US-DE",
        "underground": "false"
      }
    },
    {
      "type": "Feature",
      "id": 4605320234498145,
      "geometry": {
        "type": "Polygon",
        "coordinates": [
          [
            [
              -75.55339962244034,
              39.118959092856436
            ],
            [
              -75.55330574512482,
              39.11893620176266
            ],
            [
              -75.55334597826004,
              39.118830070327874
            ],
            [
              -75.55343985557556,
              39.11885296142165
            ],
            [
              -75.55339962244034,
              39.118959092856436
            ]
          ]
        ]
      },
      "properties": {
        "type": "building",
        "min_height": 0.0,
        "extrude": "true",
        "height": 3.4186406,
        "iso_3166_1": "US",
        "iso_3166_2": "US-DE",
        "underground": "false"
      }
    },
    {
      "type": "Feature",
      "id": 295701643646635,
      "geometry": {
        "type": "Polygon",
        "coordinates": [
          [
            [
              -75.56068181991577,
              39.11836392441821
            ],
            [
              -75.56057184934616,
              39.11830357517098
            ],
            [
              -75.5606147646904,
              39.118255711974896
            ],
            [
              -75.56072473526001,
              39.11831606122213
            ],
            [
              -75.56068181991577,
              39.11836392441821
            ]
          ]
        ]
      },
      "properties": {
        "type": "building",
        "min_height": 0.0,
        "extrude": "true",
        "height": 3.1217766,
        "iso_3166_1": "US",
        "iso_3166_2": "US-DE",
        "underground": "false"
      }
    },
    {
      "type": "Feature",
      "id": 329122414862465,
      "geometry": {
        "type": "Polygon",
        "coordinates": [
          [
            [
              -75.56020975112915,
              39.11991011375249
            ],
            [
              -75.56012392044067,
              39.11987057459051
            ],
            [
              -75.56018561124802,
              39.119787334249494
            ],
            [
              -75.5602714419365,
              39.11982479240295
            ],
            [
              -75.56020975112915,
              39.11991011375249
            ]
          ]
        ]
      },
      "properties": {
        "type": "building",
        "min_height": 0.0,
        "extrude": "true",
        "height": 4.5362997,
        "iso_3166_1": "US",
        "iso_3166_2": "US-DE",
        "underground": "false"
      }
    },
    {
      "type": "Feature",
      "id": 2552830180341255,
      "geometry": {
        "type": "Polygon",
        "coordinates": [
          [
            [
              -75.55694818496704,
              39.119816468368846
            ],
            [
              -75.55682212114334,
              39.11976444315572
            ],
            [
              -75.55687040090561,
              39.11969785088291
            ],
            [
              -75.55699646472931,
              39.119749876096044
            ],
            [
              -75.55694818496704,
              39.119816468368846
            ]
          ]
        ]
      },
      "properties": {
        "type": "building",
        "min_height": 0.0,
        "extrude": "true",
        "height": 4.7149487,
        "iso_3166_1": "US",
        "iso_3166_2": "US-DE",
        "underground": "false"
      }
    },
    {
      "type": "Feature",
      "id": 4710879915158845,
      "geometry": {
        "type": "Polygon",
        "coordinates": [
          [
            [
              -75.56037604808807,
              39.11918800379422
            ],
            [
              -75.56028753519058,
              39.11913805958961
            ],
            [
              -75.56035190820694,
              39.119069386308276
            ],
            [
              -75.56044042110443,
              39.11911933051288
            ],
            [
              -75.56037604808807,
              39.11918800379422
            ]
          ]
        ]
      },
      "properties": {
        "type": "building",
        "min_height": 0.0,
        "extrude": "true",
        "height": 3.2920094,
        "iso_3166_1": "US",
        "iso_3166_2": "US-DE",
        "underground": "false"
      }
    },
    {
      "type": "Feature",
      "id": 1208599707332845,
      "geometry": {
        "type": "Polygon",
        "coordinates": [
          [
            [
              -75.55980741977692,
              39.11931078329721
            ],
            [
              -75.55964380502701,
              39.1192192189221
            ],
            [
              -75.55968672037125,
              39.11917343673454
            ],
            [
              -75.55985033512115,
              39.11926708211818
            ],
            [
              -75.55980741977692,
              39.11931078329721
            ]
          ]
        ]
      },
      "properties": {
        "type": "building",
        "min_height": 0.0,
        "extrude": "true",
        "height": 3.3371232,
        "iso_3166_1": "US",
        "iso_3166_2": "US-DE",
        "underground": "false"
      }
    },
    {
      "type": "Feature",
      "id": 4253379715761255,
      "geometry": {
        "type": "Polygon",
        "coordinates": [
          [
            [
              -75.55927097797394,
              39.12055314538679
            ],
            [
              -75.55917978286743,
              39.12049903916514
            ],
            [
              -75.55925220251083,
              39.120424122858225
            ],
            [
              -75.55934339761734,
              39.120478229079886
            ],
            [
              -75.55927097797394,
              39.12055314538679
            ]
          ]
        ]
      },
      "properties": {
        "type": "building",
        "min_height": 0.0,
        "extrude": "true",
        "height": 3.652935,
        "iso_3166_1": "US",
        "iso_3166_2": "US-DE",
        "underground": "false"
      }
    },
    {
      "type": "Feature",
      "id": 4041190884585615,
      "geometry": {
        "type": "Polygon",
        "coordinates": [
          [
            [
              -75.5572834610939,
              39.119525127175315
            ],
            [
              -75.5571386218071,
              39.11946061591103
            ],
            [
              -75.55718153715134,
              39.11940234767232
            ],
            [
              -75.55732905864716,
              39.119466858936605
            ],
            [
              -75.5572834610939,
              39.119525127175315
            ]
          ]
        ]
      },
      "properties": {
        "type": "building",
        "min_height": 0.0,
        "height": 3.0,
        "extrude": "true",
        "iso_3166_1": "US",
        "iso_3166_2": "US-DE",
        "underground": "false"
      }
    },
    {
      "type": "Feature",
      "id": 1236516409304255,
      "geometry": {
        "type": "Polygon",
        "coordinates": [
          [
            [
              -75.5563634634018,
              39.118748910995386
            ],
            [
              -75.55621325969696,
              39.1186677516629
            ],
            [
              -75.55627226829529,
              39.11860324039862
            ],
            [
              -75.55642247200012,
              39.1186843997311
            ],
            [
              -75.5563634634018,
              39.118748910995386
            ]
          ]
        ]
      },
      "properties": {
        "type": "building",
        "min_height": 0.0,
        "extrude": "true",
        "height": 4.232136,
        "iso_3166_1": "US",
        "iso_3166_2": "US-DE",
        "underground": "false"
      }
    },
    {
      "type": "Feature",
      "id": 1918092411767555,
      "geometry": {
        "type": "Polygon",
        "coordinates": [
          [
            [
              -75.55291682481766,
              39.11931286430573
            ],
            [
              -75.5529597401619,
              39.11918176076864
            ],
            [
              -75.55302947759628,
              39.119194246819795
            ],
            [
              -75.55298924446106,
              39.11932535035689
            ],
            [
              -75.55291682481766,
              39.11931286430573
            ]
          ]
        ]
      },
      "properties": {
        "type": "building",
        "min_height": 0.0,
        "extrude": "true",
        "height": 6.6747875,
        "iso_3166_1": "US",
        "iso_3166_2": "US-DE",
        "underground": "false"
      }
    },
    {
      "type": "Feature",
      "id": 5444093012148255,
      "geometry": {
        "type": "Polygon",
        "coordinates": [
          [
            [
              -75.55487483739853,
              39.12076332724785
            ],
            [
              -75.55478364229202,
              39.12070505900914
            ],
            [
              -75.55483996868134,
              39.120650952787486
            ],
            [
              -75.55493116378784,
              39.120711302034714
            ],
            [
              -75.55487483739853,
              39.12076332724785
            ]
          ]
        ]
      },
      "properties": {
        "type": "building",
        "min_height": 0.0,
        "extrude": "true",
        "height": 3.5098438,
        "iso_3166_1": "US",
        "iso_3166_2": "US-DE",
        "underground": "false"
      }
    },
    {
      "type": "Feature",
      "id": 1796609018629595,
      "geometry": {
        "type": "Polygon",
        "coordinates": [
          [
            [
              -75.55624008178711,
              39.11778332303966
            ],
            [
              -75.55606842041016,
              39.11776875597998
            ],
            [
              -75.5560764670372,
              39.11770632572423
            ],
            [
              -75.55624812841415,
              39.1177208927839
            ],
            [
              -75.55624008178711,
              39.11778332303966
            ]
          ]
        ]
      },
      "properties": {
        "type": "building",
        "min_height": 0.0,
        "extrude": "true",
        "height": 4.1982536,
        "iso_3166_1": "US",
        "iso_3166_2": "US-DE",
        "underground": "false"
      }
    },
    {
      "type": "Feature",
      "id": 1406145598811485,
      "geometry": {
        "type": "Polygon",
        "coordinates": [
          [
            [
              -75.55846899747849,
              39.11633286009755
            ],
            [
              -75.55846899747849,
              39.11626002479916
            ],
            [
              -75.55869966745377,
              39.116257943790636
            ],
            [
              -75.55869966745377,
              39.11633077908902
            ],
            [
              -75.55846899747849,
              39.11633286009755
            ]
          ]
        ]
      },
      "properties": {
        "type": "building",
        "min_height": 0.0,
        "extrude": "true",
        "height": 5.3508306,
        "iso_3166_1": "US",
        "iso_3166_2": "US-DE",
        "underground": "false"
      }
    },
    {
      "type": "Feature",
      "id": 4603832721793855,
      "geometry": {
        "type": "Polygon",
        "coordinates": [
          [
            [
              -75.55622667074203,
              39.119495993055956
            ],
            [
              -75.55610597133636,
              39.11944604885135
            ],
            [
              -75.55620521306992,
              39.11929621623753
            ],
            [
              -75.5563285946846,
              39.11934407943361
            ],
            [
              -75.55622667074203,
              39.119495993055956
            ]
          ]
        ]
      },
      "properties": {
        "type": "building",
        "min_height": 0.0,
        "extrude": "true",
        "height": 5.72141,
        "iso_3166_1": "US",
        "iso_3166_2": "US-DE",
        "underground": "false"
      }
    },
    {
      "type": "Feature",
      "id": 4971682540410695,
      "geometry": {
        "type": "Polygon",
        "coordinates": [
          [
            [
              -75.55959284305573,
              39.11955426129467
            ],
            [
              -75.55941581726074,
              39.11947310196218
            ],
            [
              -75.55946677923203,
              39.119408590697894
            ],
            [
              -75.559641122818,
              39.11949183103891
            ],
            [
              -75.55959284305573,
              39.11955426129467
            ]
          ]
        ]
      },
      "properties": {
        "type": "building",
        "min_height": 0.0,
        "height": 3.0,
        "extrude": "true",
        "iso_3166_1": "US",
        "iso_3166_2": "US-DE",
        "underground": "false"
      }
    },
    {
      "type": "Feature",
      "id": 3522148987914145,
      "geometry": {
        "type": "Polygon",
        "coordinates": [
          [
            [
              -75.56027948856354,
              39.12019313091192
            ],
            [
              -75.56010246276855,
              39.12012029561354
            ],
            [
              -75.56014806032181,
              39.12005370334073
            ],
            [
              -75.56032508611679,
              39.12012653863911
            ],
            [
              -75.56027948856354,
              39.12019313091192
            ]
          ]
        ]
      },
      "properties": {
        "type": "building",
        "min_height": 0.0,
        "extrude": "true",
        "height": 3.8150609,
        "iso_3166_1": "US",
        "iso_3166_2": "US-DE",
        "underground": "false"
      }
    },
    {
      "type": "Feature",
      "id": 1453370244344205,
      "geometry": {
        "type": "Polygon",
        "coordinates": [
          [
            [
              -75.56118071079254,
              39.11774378387768
            ],
            [
              -75.56108951568604,
              39.1176875966475
            ],
            [
              -75.56123435497284,
              39.11754400705925
            ],
            [
              -75.56132555007935,
              39.11759811328091
            ],
            [
              -75.56118071079254,
              39.11774378387768
            ]
          ]
        ]
      },
      "properties": {
        "type": "building",
        "min_height": 0.0,
        "extrude": "true",
        "height": 3.568988,
        "iso_3166_1": "US",
        "iso_3166_2": "US-DE",
        "underground": "false"
      }
    },
    {
      "type": "Feature",
      "id": 5184994167673445,
      "geometry": {
        "type": "Polygon",
        "coordinates": [
          [
            [
              -75.56100368499756,
              39.11859283535599
            ],
            [
              -75.56090712547302,
              39.11853456711728
            ],
            [
              -75.56104928255081,
              39.11839097752904
            ],
            [
              -75.56114584207535,
              39.11844924576775
            ],
            [
              -75.56100368499756,
              39.11859283535599
            ]
          ]
        ]
      },
      "properties": {
        "type": "building",
        "min_height": 0.0,
        "extrude": "true",
        "height": 3.7211175,
        "iso_3166_1": "US",
        "iso_3166_2": "US-DE",
        "underground": "false"
      }
    },
    {
      "type": "Feature",
      "id": 5537876096750155,
      "geometry": {
        "type": "Polygon",
        "coordinates": [
          [
            [
              -75.55345058441162,
              39.11863653653502
            ],
            [
              -75.55327892303467,
              39.11860115939009
            ],
            [
              -75.55330574512482,
              39.11852208106613
            ],
            [
              -75.55347740650177,
              39.11855953921959
            ],
            [
              -75.55345058441162,
              39.11863653653502
            ]
          ]
        ]
      },
      "properties": {
        "type": "building",
        "min_height": 0.0,
        "extrude": "true",
        "height": 5.522886,
        "iso_3166_1": "US",
        "iso_3166_2": "US-DE",
        "underground": "false"
      }
    },
    {
      "type": "Feature",
      "id": 684220525098945,
      "geometry": {
        "type": "Polygon",
        "coordinates": [
          [
            [
              -75.55945873260498,
              39.11652223187335
            ],
            [
              -75.55945336818695,
              39.116382804302155
            ],
            [
              -75.55952310562134,
              39.116382804302155
            ],
            [
              -75.55952847003937,
              39.11652223187335
            ],
            [
              -75.55945873260498,
              39.11652223187335
            ]
          ]
        ]
      },
      "properties": {
        "type": "building",
        "min_height": 0.0,
        "height": 3.0,
        "extrude": "true",
        "iso_3166_1": "US",
        "iso_3166_2": "US-DE",
        "underground": "false"
      }
    },
    {
      "type": "Feature",
      "id": 2396822963897885,
      "geometry": {
        "type": "Polygon",
        "coordinates": [
          [
            [
              -75.55361419916153,
              39.11840554458872
            ],
            [
              -75.55350422859192,
              39.118384734503465
            ],
            [
              -75.55355250835419,
              39.118230739872594
            ],
            [
              -75.55365979671478,
              39.11825154995785
            ],
            [
              -75.55361419916153,
              39.11840554458872
            ]
          ]
        ]
      },
      "properties": {
        "type": "building",
        "min_height": 0.0,
        "extrude": "true",
        "height": 4.4261417,
        "iso_3166_1": "US",
        "iso_3166_2": "US-DE",
        "underground": "false"
      }
    },
    {
      "type": "Feature",
      "id": 685038002294375,
      "geometry": {
        "type": "Polygon",
        "coordinates": [
          [
            [
              -75.55678725242615,
              39.11761476134912
            ],
            [
              -75.55672019720078,
              39.11759187025534
            ],
            [
              -75.5567979812622,
              39.11745868570972
            ],
            [
              -75.55686503648758,
              39.11748365781202
            ],
            [
              -75.55678725242615,
              39.11761476134912
            ]
          ]
        ]
      },
      "properties": {
        "type": "building",
        "min_height": 0.0,
        "height": 3.0,
        "extrude": "true",
        "iso_3166_1": "US",
        "iso_3166_2": "US-DE",
        "underground": "false"
      }
    },
    {
      "type": "Feature",
      "id": 3665402106960795,
      "geometry": {
        "type": "Polygon",
        "coordinates": [
          [
            [
              -75.56030362844467,
              39.12076332724785
            ],
            [
              -75.56017756462097,
              39.120698815983566
            ],
            [
              -75.56029558181763,
              39.12055522639532
            ],
            [
              -75.56042164564133,
              39.1206197376596
            ],
            [
              -75.56030362844467,
              39.12076332724785
            ]
          ]
        ]
      },
      "properties": {
        "type": "building",
        "min_height": 0.0,
        "extrude": "true",
        "height": 4.149644,
        "iso_3166_1": "US",
        "iso_3166_2": "US-DE",
        "underground": "false"
      }
    },
    {
      "type": "Feature",
      "id": 1700001118246225,
      "geometry": {
        "type": "Polygon",
        "coordinates": [
          [
            [
              -75.55531740188599,
              39.117862401363624
            ],
            [
              -75.55526107549667,
              39.11775835093736
            ],
            [
              -75.55543541908264,
              39.11770216370717
            ],
            [
              -75.55549174547195,
              39.11780413312491
            ],
            [
              -75.55531740188599,
              39.117862401363624
            ]
          ]
        ]
      },
      "properties": {
        "type": "building",
        "min_height": 0.0,
        "extrude": "true",
        "height": 5.0898075,
        "iso_3166_1": "US",
        "iso_3166_2": "US-DE",
        "underground": "false"
      }
    },
    {
      "type": "Feature",
      "id": 1764734467103195,
      "geometry": {
        "type": "Polygon",
        "coordinates": [
          [
            [
              -75.55376708507538,
              39.11781661917607
            ],
            [
              -75.55364102125168,
              39.11778748505671
            ],
            [
              -75.55370271205902,
              39.117623085383215
            ],
            [
              -75.55382877588272,
              39.11765221950257
            ],
            [
              -75.55376708507538,
              39.11781661917607
            ]
          ]
        ]
      },
      "properties": {
        "type": "building",
        "min_height": 0.0,
        "extrude": "true",
        "height": 3.6622024,
        "iso_3166_1": "US",
        "iso_3166_2": "US-DE",
        "underground": "false"
      }
    },
    {
      "type": "Feature",
      "id": 1124078458,
      "geometry": {
        "type": "Polygon",
        "coordinates": [
          [
            [
              -75.55563390254974,
              39.11905273824008
            ],
            [
              -75.55536568164825,
              39.11900903706105
            ],
            [
              -75.55538445711136,
              39.11894244478824
            ],
            [
              -75.55565267801285,
              39.11898614596727
            ],
            [
              -75.55563390254974,
              39.11905273824008
            ]
          ]
        ]
      },
      "properties": {
        "type": "building",
        "extrude": "true",
        "height": 4.1,
        "iso_3166_2": "US-DE",
        "min_height": 0.0,
        "iso_3166_1": "US",
        "underground": "false"
      }
    },
    {
      "type": "Feature",
      "id": 2429538140518405,
      "geometry": {
        "type": "Polygon",
        "coordinates": [
          [
            [
              -75.5609205365181,
              39.12013070065616
            ],
            [
              -75.56084007024765,
              39.12009324250271
            ],
            [
              -75.56094735860825,
              39.11995797694857
            ],
            [
              -75.56102782487869,
              39.11999543510202
            ],
            [
              -75.5609205365181,
              39.12013070065616
            ]
          ]
        ]
      },
      "properties": {
        "type": "building",
        "min_height": 0.0,
        "extrude": "true",
        "height": 3.3934488,
        "iso_3166_1": "US",
        "iso_3166_2": "US-DE",
        "underground": "false"
      }
    },
    {
      "type": "Feature",
      "id": 4526404907413975,
      "geometry": {
        "type": "Polygon",
        "coordinates": [
          [
            [
              -75.558200776577,
              39.11689889441642
            ],
            [
              -75.55802911520004,
              39.1168968134079
            ],
            [
              -75.55802911520004,
              39.11681565407541
            ],
            [
              -75.558200776577,
              39.11681565407541
            ],
            [
              -75.558200776577,
              39.11689889441642
            ]
          ]
        ]
      },
      "properties": {
        "type": "building",
        "min_height": 0.0,
        "extrude": "true",
        "height": 4.2384343,
        "iso_3166_1": "US",
        "iso_3166_2": "US-DE",
        "underground": "false"
      }
    },
    {
      "type": "Feature",
      "id": 921495850912595,
      "geometry": {
        "type": "Polygon",
        "coordinates": [
          [
            [
              -75.55564194917679,
              39.12109836962041
            ],
            [
              -75.55554807186127,
              39.121075478526635
            ],
            [
              -75.55559903383255,
              39.120942293981024
            ],
            [
              -75.55569291114807,
              39.12096310406627
            ],
            [
              -75.55564194917679,
              39.12109836962041
            ]
          ]
        ]
      },
      "properties": {
        "type": "building",
        "min_height": 0.0,
        "extrude": "true",
        "height": 3.8638036,
        "iso_3166_1": "US",
        "iso_3166_2": "US-DE",
        "underground": "false"
      }
    },
    {
      "type": "Feature",
      "id": 1400467971026865,
      "geometry": {
        "type": "Polygon",
        "coordinates": [
          [
            [
              -75.5560952425003,
              39.11842635467397
            ],
            [
              -75.55590212345123,
              39.11840138257167
            ],
            [
              -75.55591821670532,
              39.11832854727328
            ],
            [
              -75.5561113357544,
              39.11835143836706
            ],
            [
              -75.5560952425003,
              39.11842635467397
            ]
          ]
        ]
      },
      "properties": {
        "type": "building",
        "min_height": 0.0,
        "extrude": "true",
        "height": 6.269908,
        "iso_3166_1": "US",
        "iso_3166_2": "US-DE",
        "underground": "false"
      }
    },
    {
      "type": "Feature",
      "id": 1014709989131635,
      "geometry": {
        "type": "Polygon",
        "coordinates": [
          [
            [
              -75.55926024913788,
              39.116559690026804
            ],
            [
              -75.55925756692886,
              39.11641818144708
            ],
            [
              -75.55936217308044,
              39.11641818144708
            ],
            [
              -75.55936485528946,
              39.116559690026804
            ],
            [
              -75.55926024913788,
              39.116559690026804
            ]
          ]
        ]
      },
      "properties": {
        "type": "building",
        "min_height": 0.0,
        "extrude": "true",
        "height": 3.8539577,
        "iso_3166_1": "US",
        "iso_3166_2": "US-DE",
        "underground": "false"
      }
    },
    {
      "type": "Feature",
      "id": 2386735742491905,
      "geometry": {
        "type": "Polygon",
        "coordinates": [
          [
            [
              -75.55729150772095,
              39.11785407732952
            ],
            [
              -75.55719494819641,
              39.11782702421869
            ],
            [
              -75.55729150772095,
              39.11761476134912
            ],
            [
              -75.55738806724548,
              39.11763973345142
            ],
            [
              -75.55729150772095,
              39.11785407732952
            ]
          ]
        ]
      },
      "properties": {
        "type": "building",
        "min_height": 0.0,
        "extrude": "true",
        "height": 5.5140166,
        "iso_3166_1": "US",
        "iso_3166_2": "US-DE",
        "underground": "false"
      }
    },
    {
      "type": "Feature",
      "id": 5305506688880935,
      "geometry": {
        "type": "Polygon",
        "coordinates": [
          [
            [
              -75.55437862873077,
              39.1171361293883
            ],
            [
              -75.55423378944397,
              39.11711323829452
            ],
            [
              -75.55435448884964,
              39.11664917339339
            ],
            [
              -75.55449932813644,
              39.11667206448717
            ],
            [
              -75.55437862873077,
              39.1171361293883
            ]
          ]
        ]
      },
      "properties": {
        "type": "building",
        "min_height": 0.0,
        "extrude": "true",
        "height": 5.9662576,
        "iso_3166_1": "US",
        "iso_3166_2": "US-DE",
        "underground": "false"
      }
    },
    {
      "type": "Feature",
      "id": 1188107906,
      "geometry": {
        "type": "Polygon",
        "coordinates": [
          [
            [
              -75.55957406759262,
              39.11733174418968
            ],
            [
              -75.55928170681,
              39.117163182499134
            ],
            [
              -75.55935144424438,
              39.117090347200744
            ],
            [
              -75.55964648723602,
              39.11725682788277
            ],
            [
              -75.55957406759262,
              39.11733174418968
            ]
          ]
        ]
      },
      "properties": {
        "type": "building",
        "extrude": "true",
        "height": 4.8,
        "iso_3166_2": "US-DE",
        "min_height": 0.0,
        "iso_3166_1": "US",
        "underground": "false"
      }
    },
    {
      "type": "Feature",
      "id": 5153806053581185,
      "geometry": {
        "type": "Polygon",
        "coordinates": [
          [
            [
              -75.55586725473404,
              39.119246272032925
            ],
            [
              -75.55567145347595,
              39.11921505690505
            ],
            [
              -75.55569559335709,
              39.119127654546986
            ],
            [
              -75.55589139461517,
              39.11915886967486
            ],
            [
              -75.55586725473404,
              39.119246272032925
            ]
          ]
        ]
      },
      "properties": {
        "type": "building",
        "min_height": 0.0,
        "extrude": "true",
        "height": 4.130798,
        "iso_3166_1": "US",
        "iso_3166_2": "US-DE",
        "underground": "false"
      }
    },
    {
      "type": "Feature",
      "id": 422133186101875,
      "geometry": {
        "type": "Polygon",
        "coordinates": [
          [
            [
              -75.55780380964279,
              39.119212975896524
            ],
            [
              -75.5577152967453,
              39.11915886967486
            ],
            [
              -75.55784940719604,
              39.11902360412072
            ],
            [
              -75.55794060230255,
              39.11907771034238
            ],
            [
              -75.55780380964279,
              39.119212975896524
            ]
          ]
        ]
      },
      "properties": {
        "type": "building",
        "min_height": 0.0,
        "extrude": "true",
        "height": 4.7440596,
        "iso_3166_1": "US",
        "iso_3166_2": "US-DE",
        "underground": "false"
      }
    },
    {
      "type": "Feature",
      "id": 992049653420425,
      "geometry": {
        "type": "Polygon",
        "coordinates": [
          [
            [
              -75.55564194917679,
              39.119883060641655
            ],
            [
              -75.55537909269333,
              39.119841440471156
            ],
            [
              -75.55540323257446,
              39.11975195710457
            ],
            [
              -75.55566608905792,
              39.11979357727507
            ],
            [
              -75.55564194917679,
              39.119883060641655
            ]
          ]
        ]
      },
      "properties": {
        "type": "building",
        "min_height": 0.0,
        "extrude": "true",
        "height": 3.25074,
        "iso_3166_1": "US",
        "iso_3166_2": "US-DE",
        "underground": "false"
      }
    },
    {
      "type": "Feature",
      "id": 5487580105152115,
      "geometry": {
        "type": "Polygon",
        "coordinates": [
          [
            [
              -75.5607596039772,
              39.12009532351124
            ],
            [
              -75.56058526039124,
              39.1200183261958
            ],
            [
              -75.56063622236252,
              39.119949652914464
            ],
            [
              -75.56081056594849,
              39.1200266502299
            ],
            [
              -75.5607596039772,
              39.12009532351124
            ]
          ]
        ]
      },
      "properties": {
        "type": "building",
        "min_height": 0.0,
        "extrude": "true",
        "height": 3.586596,
        "iso_3166_1": "US",
        "iso_3166_2": "US-DE",
        "underground": "false"
      }
    },
    {
      "type": "Feature",
      "id": 2254887994231395,
      "geometry": {
        "type": "Polygon",
        "coordinates": [
          [
            [
              -75.55696159601212,
              39.11661587725698
            ],
            [
              -75.55678993463516,
              39.11660131019731
            ],
            [
              -75.55679529905319,
              39.116549284984174
            ],
            [
              -75.55696964263916,
              39.11656177103533
            ],
            [
              -75.55696159601212,
              39.11661587725698
            ]
          ]
        ]
      },
      "properties": {
        "type": "building",
        "min_height": 0.0,
        "extrude": "true",
        "height": 5.5864754,
        "iso_3166_1": "US",
        "iso_3166_2": "US-DE",
        "underground": "false"
      }
    },
    {
      "type": "Feature",
      "id": 2658687623303905,
      "geometry": {
        "type": "Polygon",
        "coordinates": [
          [
            [
              -75.55468440055847,
              39.11775418892031
            ],
            [
              -75.55453687906265,
              39.117722973792425
            ],
            [
              -75.55459052324295,
              39.11758562722976
            ],
            [
              -75.55473536252975,
              39.11761684235764
            ],
            [
              -75.55468440055847,
              39.11775418892031
            ]
          ]
        ]
      },
      "properties": {
        "type": "building",
        "min_height": 0.0,
        "extrude": "true",
        "height": 5.4704976,
        "iso_3166_1": "US",
        "iso_3166_2": "US-DE",
        "underground": "false"
      }
    },
    {
      "type": "Feature",
      "id": 5132716489346345,
      "geometry": {
        "type": "Polygon",
        "coordinates": [
          [
            [
              -75.56123167276382,
              39.11935448447624
            ],
            [
              -75.56105196475983,
              39.119256677075555
            ],
            [
              -75.56111633777618,
              39.119183841777165
            ],
            [
              -75.5612987279892,
              39.11928164917786
            ],
            [
              -75.56123167276382,
              39.11935448447624
            ]
          ]
        ]
      },
      "properties": {
        "type": "building",
        "min_height": 0.0,
        "extrude": "true",
        "height": 3.8643389,
        "iso_3166_1": "US",
        "iso_3166_2": "US-DE",
        "underground": "false"
      }
    },
    {
      "type": "Feature",
      "id": 1394657494838865,
      "geometry": {
        "type": "Polygon",
        "coordinates": [
          [
            [
              -75.55847704410553,
              39.116511826830724
            ],
            [
              -75.55847704410553,
              39.116434829515285
            ],
            [
              -75.5586513876915,
              39.116434829515285
            ],
            [
              -75.5586513876915,
              39.116511826830724
            ],
            [
              -75.55847704410553,
              39.116511826830724
            ]
          ]
        ]
      },
      "properties": {
        "type": "building",
        "min_height": 0.0,
        "extrude": "true",
        "height": 4.8723493,
        "iso_3166_1": "US",
        "iso_3166_2": "US-DE",
        "underground": "false"
      }
    },
    {
      "type": "Feature",
      "id": 4702240660407845,
      "geometry": {
        "type": "Polygon",
        "coordinates": [
          [
            [
              -75.55487483739853,
              39.11971241794259
            ],
            [
              -75.55484533309937,
              39.11956882835434
            ],
            [
              -75.5550143122673,
              39.11954801826909
            ],
            [
              -75.55504649877548,
              39.119691607857334
            ],
            [
              -75.55487483739853,
              39.11971241794259
            ]
          ]
        ]
      },
      "properties": {
        "type": "building",
        "min_height": 0.0,
        "extrude": "true",
        "height": 3.2364,
        "iso_3166_1": "US",
        "iso_3166_2": "US-DE",
        "underground": "false"
      }
    },
    {
      "type": "Feature",
      "id": 1124078453,
      "geometry": {
        "type": "Polygon",
        "coordinates": [
          [
            [
              -75.55769383907318,
              39.1183056561795
            ],
            [
              -75.55743366479874,
              39.118159985582736
            ],
            [
              -75.55753290653229,
              39.11805593515647
            ],
            [
              -75.55779039859772,
              39.11820368676177
            ],
            [
              -75.55769383907318,
              39.1183056561795
            ]
          ]
        ]
      },
      "properties": {
        "type": "building",
        "extrude": "true",
        "height": 4.4,
        "iso_3166_2": "US-DE",
        "min_height": 0.0,
        "iso_3166_1": "US",
        "underground": "false"
      }
    },
    {
      "type": "Feature",
      "id": 1307210521541825,
      "geometry": {
        "type": "Polygon",
        "coordinates": [
          [
            [
              -75.55470049381256,
              39.11897990294169
            ],
            [
              -75.5545100569725,
              39.11894244478824
            ],
            [
              -75.55453687906265,
              39.118863366464275
            ],
            [
              -75.55472731590271,
              39.11890082461773
            ],
            [
              -75.55470049381256,
              39.11897990294169
            ]
          ]
        ]
      },
      "properties": {
        "type": "building",
        "min_height": 0.0,
        "extrude": "true",
        "height": 4.7487803,
        "iso_3166_1": "US",
        "iso_3166_2": "US-DE",
        "underground": "false"
      }
    },
    {
      "type": "Feature",
      "id": 1302863156713125,
      "geometry": {
        "type": "Polygon",
        "coordinates": [
          [
            [
              -75.55710107088089,
              39.116501421788094
            ],
            [
              -75.55682480335236,
              39.11645772060906
            ],
            [
              -75.55684357881546,
              39.116391128336254
            ],
            [
              -75.55711716413498,
              39.11643691052381
            ],
            [
              -75.55710107088089,
              39.116501421788094
            ]
          ]
        ]
      },
      "properties": {
        "type": "building",
        "min_height": 0.0,
        "extrude": "true",
        "height": 5.362519,
        "iso_3166_1": "US",
        "iso_3166_2": "US-DE",
        "underground": "false"
      }
    },
    {
      "type": "Feature",
      "id": 1264208079458735,
      "geometry": {
        "type": "Polygon",
        "coordinates": [
          [
            [
              -75.55306702852249,
              39.11743284248757
            ],
            [
              -75.55306702852249,
              39.11743371360742
            ],
            [
              -75.55300265550613,
              39.117421227556264
            ],
            [
              -75.55302411317825,
              39.117350473266406
            ],
            [
              -75.55307239294052,
              39.117358797300504
            ],
            [
              -75.55307775735855,
              39.1173421492323
            ],
            [
              -75.55314749479294,
              39.117354635283455
            ],
            [
              -75.55311799049377,
              39.11744203764152
            ],
            [
              -75.55306702852249,
              39.11743284248757
            ]
          ]
        ]
      },
      "properties": {
        "type": "building",
        "min_height": 0.0,
        "extrude": "true",
        "height": 12.753486,
        "iso_3166_1": "US",
        "iso_3166_2": "US-DE",
        "underground": "false"
      }
    },
    {
      "type": "Feature",
      "id": 2397831571710055,
      "geometry": {
        "type": "Polygon",
        "coordinates": [
          [
            [
              -75.55983692407608,
              39.12102137230498
            ],
            [
              -75.55975914001465,
              39.12098391415152
            ],
            [
              -75.55986106395721,
              39.12085905364001
            ],
            [
              -75.56001394987106,
              39.12093396994692
            ],
            [
              -75.55995225906372,
              39.121008886253826
            ],
            [
              -75.5598771572113,
              39.120971428100376
            ],
            [
              -75.55983692407608,
              39.12102137230498
            ]
          ]
        ]
      },
      "properties": {
        "type": "building",
        "min_height": 0.0,
        "extrude": "true",
        "height": 3.9416947,
        "iso_3166_1": "US",
        "iso_3166_2": "US-DE",
        "underground": "false"
      }
    },
    {
      "type": "Feature",
      "id": 5301395835703435,
      "geometry": {
        "type": "Polygon",
        "coordinates": [
          [
            [
              -75.55857360363007,
              39.1211462328165
            ],
            [
              -75.55842876434326,
              39.12106299247549
            ],
            [
              -75.55855751037598,
              39.120931888938394
            ],
            [
              -75.55868089199066,
              39.12100264322825
            ],
            [
              -75.5586326122284,
              39.12105258743286
            ],
            [
              -75.55865406990051,
              39.12106507348401
            ],
            [
              -75.55857360363007,
              39.1211462328165
            ]
          ]
        ]
      },
      "properties": {
        "type": "building",
        "min_height": 0.0,
        "extrude": "true",
        "height": 4.4553022,
        "iso_3166_1": "US",
        "iso_3166_2": "US-DE",
        "underground": "false"
      }
    },
    {
      "type": "Feature",
      "id": 3052662082436075,
      "geometry": {
        "type": "Polygon",
        "coordinates": [
          [
            [
              -75.5573558807373,
              39.11843051669102
            ],
            [
              -75.5572646856308,
              39.118388896520514
            ],
            [
              -75.55736392736435,
              39.11825779298342
            ],
            [
              -75.5574283003807,
              39.118289008111304
            ],
            [
              -75.55739879608154,
              39.11832438525623
            ],
            [
              -75.5574283003807,
              39.11833895231591
            ],
            [
              -75.5573558807373,
              39.11843051669102
            ]
          ]
        ]
      },
      "properties": {
        "type": "building",
        "min_height": 0.0,
        "height": 3.0,
        "extrude": "true",
        "iso_3166_1": "US",
        "iso_3166_2": "US-DE",
        "underground": "false"
      }
    },
    {
      "type": "Feature",
      "id": 1444390986,
      "geometry": {
        "type": "Polygon",
        "coordinates": [
          [
            [
              -75.55909126996994,
              39.11911516849583
            ],
            [
              -75.55898129940033,
              39.11905273824008
            ],
            [
              -75.55905908346176,
              39.11897157890759
            ],
            [
              -75.55911809206009,
              39.119006956052516
            ],
            [
              -75.55909395217896,
              39.11903400916335
            ],
            [
              -75.55914223194122,
              39.11906106227418
            ],
            [
              -75.55909126996994,
              39.11911516849583
            ]
          ]
        ]
      },
      "properties": {
        "type": "building",
        "height": 3.0,
        "extrude": "true",
        "iso_3166_2": "US-DE",
        "min_height": 0.0,
        "iso_3166_1": "US",
        "underground": "false"
      }
    },
    {
      "type": "Feature",
      "id": 4806013672757875,
      "geometry": {
        "type": "Polygon",
        "coordinates": [
          [
            [
              -75.5562749505043,
              39.117666786562246
            ],
            [
              -75.55616766214371,
              39.117656381519616
            ],
            [
              -75.55617839097977,
              39.11759811328091
            ],
            [
              -75.55622398853302,
              39.11760227529796
            ],
            [
              -75.55622935295105,
              39.11756689815303
            ],
            [
              -75.55629104375839,
              39.11757314117861
            ],
            [
              -75.5562749505043,
              39.117666786562246
            ]
          ]
        ]
      },
      "properties": {
        "type": "building",
        "min_height": 0.0,
        "extrude": "true",
        "height": 4.2309175,
        "iso_3166_1": "US",
        "iso_3166_2": "US-DE",
        "underground": "false"
      }
    },
    {
      "type": "Feature",
      "id": 3204561381108285,
      "geometry": {
        "type": "Polygon",
        "coordinates": [
          [
            [
              -75.55722445249557,
              39.11877596410621
            ],
            [
              -75.55715471506119,
              39.11874682998686
            ],
            [
              -75.55714130401611,
              39.11876555906359
            ],
            [
              -75.55707693099976,
              39.11873850595276
            ],
            [
              -75.55714398622513,
              39.118642779560595
            ],
            [
              -75.55727809667587,
              39.11869896679078
            ],
            [
              -75.55722445249557,
              39.11877596410621
            ]
          ]
        ]
      },
      "properties": {
        "type": "building",
        "min_height": 0.0,
        "extrude": "true",
        "height": 6.4113054,
        "iso_3166_1": "US",
        "iso_3166_2": "US-DE",
        "underground": "false"
      }
    },
    {
      "type": "Feature",
      "id": 2097405478101425,
      "geometry": {
        "type": "Polygon",
        "coordinates": [
          [
            [
              -75.55282562971115,
              39.11792275061085
            ],
            [
              -75.55285781621933,
              39.11782078119312
            ],
            [
              -75.55293023586273,
              39.117833267244265
            ],
            [
              -75.55291414260864,
              39.1178852924574
            ],
            [
              -75.55297046899796,
              39.117895697500025
            ],
            [
              -75.55295169353485,
              39.117947722713154
            ],
            [
              -75.55282562971115,
              39.11792275061085
            ]
          ]
        ]
      },
      "properties": {
        "type": "building",
        "min_height": 0.0,
        "height": 3.0,
        "extrude": "true",
        "iso_3166_1": "US",
        "iso_3166_2": "US-DE",
        "underground": "false"
      }
    },
    {
      "type": "Feature",
      "id": 4669218827931455,
      "geometry": {
        "type": "Polygon",
        "coordinates": [
          [
            [
              -75.5574980378151,
              39.116276672867365
            ],
            [
              -75.55750072002411,
              39.116170541432574
            ],
            [
              -75.55761873722076,
              39.1161726224411
            ],
            [
              -75.55761873722076,
              39.11623505269686
            ],
            [
              -75.55758118629456,
              39.11623505269686
            ],
            [
              -75.55758118629456,
              39.116276672867365
            ],
            [
              -75.5574980378151,
              39.116276672867365
            ]
          ]
        ]
      },
      "properties": {
        "type": "building",
        "min_height": 0.0,
        "extrude": "true",
        "height": 4.9459596,
        "iso_3166_1": "US",
        "iso_3166_2": "US-DE",
        "underground": "false"
      }
    },
    {
      "type": "Feature",
      "id": 4100547747683115,
      "geometry": {
        "type": "Polygon",
        "coordinates": [
          [
            [
              -75.56032508611679,
              39.11797893784104
            ],
            [
              -75.56018024682999,
              39.117891535482975
            ],
            [
              -75.56025803089142,
              39.117814538167536
            ],
            [
              -75.56031167507172,
              39.11784575329542
            ],
            [
              -75.56029289960861,
              39.11786448237215
            ],
            [
              -75.56038409471512,
              39.1179185885938
            ],
            [
              -75.56032508611679,
              39.11797893784104
            ]
          ]
        ]
      },
      "properties": {
        "type": "building",
        "min_height": 0.0,
        "extrude": "true",
        "height": 3.9884393,
        "iso_3166_1": "US",
        "iso_3166_2": "US-DE",
        "underground": "false"
      }
    },
    {
      "type": "Feature",
      "id": 264024599246285,
      "geometry": {
        "type": "Polygon",
        "coordinates": [
          [
            [
              -75.55911809206009,
              39.11638488531068
            ],
            [
              -75.55911540985107,
              39.11620799958603
            ],
            [
              -75.55928707122803,
              39.11620799958603
            ],
            [
              -75.55928975343704,
              39.116320374046396
            ],
            [
              -75.55919051170349,
              39.11632245505492
            ],
            [
              -75.55919051170349,
              39.11638488531068
            ],
            [
              -75.55911809206009,
              39.11638488531068
            ]
          ]
        ]
      },
      "properties": {
        "type": "building",
        "min_height": 0.0,
        "extrude": "true",
        "height": 3.8091035,
        "iso_3166_1": "US",
        "iso_3166_2": "US-DE",
        "underground": "false"
      }
    },
    {
      "type": "Feature",
      "id": 3047268500888745,
      "geometry": {
        "type": "Polygon",
        "coordinates": [
          [
            [
              -75.5574443936348,
              39.11723185578047
            ],
            [
              -75.55738806724548,
              39.11721312670374
            ],
            [
              -75.55741488933563,
              39.1171611014906
            ],
            [
              -75.55739343166351,
              39.11715485846503
            ],
            [
              -75.5574283003807,
              39.11709242820927
            ],
            [
              -75.55750608444214,
              39.1171194813201
            ],
            [
              -75.5574443936348,
              39.11723185578047
            ]
          ]
        ]
      },
      "properties": {
        "type": "building",
        "min_height": 0.0,
        "extrude": "true",
        "height": 3.6890502,
        "iso_3166_1": "US",
        "iso_3166_2": "US-DE",
        "underground": "false"
      }
    },
    {
      "type": "Feature",
      "id": 1360418965956955,
      "geometry": {
        "type": "Polygon",
        "coordinates": [
          [
            [
              -75.55698037147522,
              39.11731301511295
            ],
            [
              -75.55693209171295,
              39.11729428603622
            ],
            [
              -75.55697232484818,
              39.117229774771936
            ],
            [
              -75.55695086717606,
              39.11722145073784
            ],
            [
              -75.55698037147522,
              39.117177749558806
            ],
            [
              -75.5570501089096,
              39.11720688367816
            ],
            [
              -75.55698037147522,
              39.11731301511295
            ]
          ]
        ]
      },
      "properties": {
        "type": "building",
        "min_height": 0.0,
        "extrude": "true",
        "height": 6.5677233,
        "iso_3166_1": "US",
        "iso_3166_2": "US-DE",
        "underground": "false"
      }
    },
    {
      "type": "Feature",
      "id": 943070038214245,
      "geometry": {
        "type": "Polygon",
        "coordinates": [
          [
            [
              -75.55772066116333,
              39.119131816564035
            ],
            [
              -75.55766969919205,
              39.11910060143616
            ],
            [
              -75.55768579244614,
              39.11908603437648
            ],
            [
              -75.55763483047485,
              39.1190548192486
            ],
            [
              -75.5577340722084,
              39.11895493083939
            ],
            [
              -75.55783599615097,
              39.11901528008662
            ],
            [
              -75.55772066116333,
              39.119131816564035
            ]
          ]
        ]
      },
      "properties": {
        "type": "building",
        "min_height": 0.0,
        "extrude": "true",
        "height": 5.7920823,
        "iso_3166_1": "US",
        "iso_3166_2": "US-DE",
        "underground": "false"
      }
    },
    {
      "type": "Feature",
      "id": 1058641241724735,
      "geometry": {
        "type": "Polygon",
        "coordinates": [
          [
            [
              -75.55464148521423,
              39.12101304827088
            ],
            [
              -75.55456101894379,
              39.120967266083326
            ],
            [
              -75.5546361207962,
              39.12088818775936
            ],
            [
              -75.55463343858719,
              39.12088610675084
            ],
            [
              -75.55467903614044,
              39.12083824355476
            ],
            [
              -75.5547621846199,
              39.12088610675084
            ],
            [
              -75.55464148521423,
              39.12101304827088
            ]
          ]
        ]
      },
      "properties": {
        "type": "building",
        "min_height": 0.0,
        "extrude": "true",
        "height": 5.7268615,
        "iso_3166_1": "US",
        "iso_3166_2": "US-DE",
        "underground": "false"
      }
    },
    {
      "type": "Feature",
      "id": 3098480101396585,
      "geometry": {
        "type": "Polygon",
        "coordinates": [
          [
            [
              -75.55361151695251,
              39.116501421788094
            ],
            [
              -75.55352300405502,
              39.11647436867727
            ],
            [
              -75.5535739660263,
              39.116372399259525
            ],
            [
              -75.55372148752213,
              39.11641818144708
            ],
            [
              -75.5536812543869,
              39.11649934077957
            ],
            [
              -75.55362224578857,
              39.11648061170284
            ],
            [
              -75.55361151695251,
              39.116501421788094
            ]
          ]
        ]
      },
      "properties": {
        "type": "building",
        "min_height": 0.0,
        "extrude": "true",
        "height": 4.7330565,
        "iso_3166_1": "US",
        "iso_3166_2": "US-DE",
        "underground": "false"
      }
    },
    {
      "type": "Feature",
      "id": 4362770652441955,
      "geometry": {
        "type": "Polygon",
        "coordinates": [
          [
            [
              -75.5577501654625,
              39.118657346620274
            ],
            [
              -75.55765360593796,
              39.11860115939009
            ],
            [
              -75.5576965212822,
              39.11855953921959
            ],
            [
              -75.55772602558136,
              39.118576187287786
            ],
            [
              -75.55777430534363,
              39.11852624308318
            ],
            [
              -75.557841360569,
              39.11856370123664
            ],
            [
              -75.5577501654625,
              39.118657346620274
            ]
          ]
        ]
      },
      "properties": {
        "type": "building",
        "min_height": 0.0,
        "extrude": "true",
        "height": 4.6854687,
        "iso_3166_1": "US",
        "iso_3166_2": "US-DE",
        "underground": "false"
      }
    },
    {
      "type": "Feature",
      "id": 2195244305926495,
      "geometry": {
        "type": "Polygon",
        "coordinates": [
          [
            [
              -75.55939704179764,
              39.11624961975654
            ],
            [
              -75.55939972400665,
              39.1161393263047
            ],
            [
              -75.55943727493286,
              39.1161393263047
            ],
            [
              -75.55943727493286,
              39.11612267823649
            ],
            [
              -75.5594989657402,
              39.11612267823649
            ],
            [
              -75.5594989657402,
              39.11624961975654
            ],
            [
              -75.55939704179764,
              39.11624961975654
            ]
          ]
        ]
      },
      "properties": {
        "type": "building",
        "min_height": 0.0,
        "height": 3.0,
        "extrude": "true",
        "iso_3166_1": "US",
        "iso_3166_2": "US-DE",
        "underground": "false"
      }
    },
    {
      "type": "Feature",
      "id": 2130668809774405,
      "geometry": {
        "type": "Polygon",
        "coordinates": [
          [
            [
              -75.55753290653229,
              39.12112542273125
            ],
            [
              -75.55742025375366,
              39.12105674944991
            ],
            [
              -75.55750876665115,
              39.120971428100376
            ],
            [
              -75.5575892329216,
              39.121019291296456
            ],
            [
              -75.55754899978638,
              39.12105883045844
            ],
            [
              -75.55758118629456,
              39.12107964054369
            ],
            [
              -75.55753290653229,
              39.12112542273125
            ]
          ]
        ]
      },
      "properties": {
        "type": "building",
        "min_height": 0.0,
        "extrude": "true",
        "height": 4.745447,
        "iso_3166_1": "US",
        "iso_3166_2": "US-DE",
        "underground": "false"
      }
    },
    {
      "type": "Feature",
      "id": 2385397134109455,
      "geometry": {
        "type": "Polygon",
        "coordinates": [
          [
            [
              -75.55565804243088,
              39.11723809880604
            ],
            [
              -75.55556684732437,
              39.117211045695214
            ],
            [
              -75.5556070804596,
              39.11712572434568
            ],
            [
              -75.55564194917679,
              39.1171361293883
            ],
            [
              -75.55568218231201,
              39.11705705106434
            ],
            [
              -75.55573850870132,
              39.11707369913255
            ],
            [
              -75.55565804243088,
              39.11723809880604
            ]
          ]
        ]
      },
      "properties": {
        "type": "building",
        "min_height": 0.0,
        "extrude": "true",
        "height": 5.7764893,
        "iso_3166_1": "US",
        "iso_3166_2": "US-DE",
        "underground": "false"
      }
    },
    {
      "type": "Feature",
      "id": 3913378728030125,
      "geometry": {
        "type": "Polygon",
        "coordinates": [
          [
            [
              -75.55403262376785,
              39.11974363307046
            ],
            [
              -75.55389314889908,
              39.11971449895111
            ],
            [
              -75.55394142866135,
              39.119572990371395
            ],
            [
              -75.55403262376785,
              39.11959171944812
            ],
            [
              -75.55400848388672,
              39.119658311720926
            ],
            [
              -75.554059445858,
              39.119668716763556
            ],
            [
              -75.55403262376785,
              39.11974363307046
            ]
          ]
        ]
      },
      "properties": {
        "type": "building",
        "min_height": 0.0,
        "extrude": "true",
        "height": 3.827446,
        "iso_3166_1": "US",
        "iso_3166_2": "US-DE",
        "underground": "false"
      }
    },
    {
      "type": "Feature",
      "id": 362256441309085,
      "geometry": {
        "type": "Polygon",
        "coordinates": [
          [
            [
              -75.56136041879654,
              39.116871841305596
            ],
            [
              -75.56120753288269,
              39.11678860096458
            ],
            [
              -75.56127190589905,
              39.116717846674725
            ],
            [
              -75.56134700775146,
              39.11675946684523
            ],
            [
              -75.56131482124329,
              39.11679484399016
            ],
            [
              -75.56139260530472,
              39.11683646416066
            ],
            [
              -75.56136041879654,
              39.116871841305596
            ]
          ]
        ]
      },
      "properties": {
        "type": "building",
        "min_height": 0.0,
        "extrude": "true",
        "height": 3.651613,
        "iso_3166_1": "US",
        "iso_3166_2": "US-DE",
        "underground": "false"
      }
    },
    {
      "type": "Feature",
      "id": 5062368658020005,
      "geometry": {
        "type": "Polygon",
        "coordinates": [
          [
            [
              -75.55855751037598,
              39.12066343883863
            ],
            [
              -75.55838853120804,
              39.12057187446352
            ],
            [
              -75.55843949317932,
              39.12051360622481
            ],
            [
              -75.5585253238678,
              39.120559388412374
            ],
            [
              -75.55855214595795,
              39.120526092275966
            ],
            [
              -75.55863797664642,
              39.12057187446352
            ],
            [
              -75.55855751037598,
              39.12066343883863
            ]
          ]
        ]
      },
      "properties": {
        "type": "building",
        "min_height": 0.0,
        "extrude": "true",
        "height": 4.124138,
        "iso_3166_1": "US",
        "iso_3166_2": "US-DE",
        "underground": "false"
      }
    },
    {
      "type": "Feature",
      "id": 2082626278541295,
      "geometry": {
        "type": "Polygon",
        "coordinates": [
          [
            [
              -75.55765628814697,
              39.11858867333894
            ],
            [
              -75.55756241083145,
              39.11853456711728
            ],
            [
              -75.55762946605682,
              39.11846381282742
            ],
            [
              -75.55769920349121,
              39.1185033519894
            ],
            [
              -75.55771261453629,
              39.118488784929724
            ],
            [
              -75.55773943662643,
              39.1185033519894
            ],
            [
              -75.55765628814697,
              39.11858867333894
            ]
          ]
        ]
      },
      "properties": {
        "type": "building",
        "min_height": 0.0,
        "extrude": "true",
        "height": 5.5909324,
        "iso_3166_1": "US",
        "iso_3166_2": "US-DE",
        "underground": "false"
      }
    },
    {
      "type": "Feature",
      "id": 2652717156196805,
      "geometry": {
        "type": "Polygon",
        "coordinates": [
          [
            [
              -75.5567792057991,
              39.11812668944633
            ],
            [
              -75.5567067861557,
              39.11808923129288
            ],
            [
              -75.55675774812698,
              39.11803096305417
            ],
            [
              -75.5567792057991,
              39.1180413680968
            ],
            [
              -75.55684089660645,
              39.11797061380693
            ],
            [
              -75.55689185857773,
              39.117997666917766
            ],
            [
              -75.5567792057991,
              39.11812668944633
            ]
          ]
        ]
      },
      "properties": {
        "type": "building",
        "min_height": 0.0,
        "extrude": "true",
        "height": 3.965837,
        "iso_3166_1": "US",
        "iso_3166_2": "US-DE",
        "underground": "false"
      }
    },
    {
      "type": "Feature",
      "id": 1476699984006175,
      "geometry": {
        "type": "Polygon",
        "coordinates": [
          [
            [
              -75.5587050318718,
              39.117947722713154
            ],
            [
              -75.55861920118332,
              39.1179185885938
            ],
            [
              -75.55868625640869,
              39.11779789009934
            ],
            [
              -75.55873721837997,
              39.117814538167536
            ],
            [
              -75.5587238073349,
              39.117839510269846
            ],
            [
              -75.5587586760521,
              39.117851996320994
            ],
            [
              -75.5587050318718,
              39.117947722713154
            ]
          ]
        ]
      },
      "properties": {
        "type": "building",
        "min_height": 0.0,
        "extrude": "true",
        "height": 4.605885,
        "iso_3166_1": "US",
        "iso_3166_2": "US-DE",
        "underground": "false"
      }
    },
    {
      "type": "Feature",
      "id": 523717513706155,
      "geometry": {
        "type": "Polygon",
        "coordinates": [
          [
            [
              -75.55446445941925,
              39.11822865886407
            ],
            [
              -75.55438935756683,
              39.11821825382144
            ],
            [
              -75.55443227291107,
              39.11803304406269
            ],
            [
              -75.5545824766159,
              39.118053854147945
            ],
            [
              -75.55455297231674,
              39.118178714659464
            ],
            [
              -75.55447787046432,
              39.118168309616834
            ],
            [
              -75.55446445941925,
              39.11822865886407
            ]
          ]
        ]
      },
      "properties": {
        "type": "building",
        "min_height": 0.0,
        "extrude": "true",
        "height": 5.4136257,
        "iso_3166_1": "US",
        "iso_3166_2": "US-DE",
        "underground": "false"
      }
    },
    {
      "type": "Feature",
      "id": 1122647129436915,
      "geometry": {
        "type": "Polygon",
        "coordinates": [
          [
            [
              -75.5588498711586,
              39.12080494741835
            ],
            [
              -75.55870771408081,
              39.12071962606882
            ],
            [
              -75.55876940488815,
              39.120659276821584
            ],
            [
              -75.55886328220367,
              39.12071546405176
            ],
            [
              -75.55884450674057,
              39.120736274137016
            ],
            [
              -75.55889010429382,
              39.12076332724785
            ],
            [
              -75.5588498711586,
              39.12080494741835
            ]
          ]
        ]
      },
      "properties": {
        "type": "building",
        "min_height": 0.0,
        "extrude": "true",
        "height": 4.0249887,
        "iso_3166_1": "US",
        "iso_3166_2": "US-DE",
        "underground": "false"
      }
    },
    {
      "type": "Feature",
      "id": 1250233724975645,
      "geometry": {
        "type": "Polygon",
        "coordinates": [
          [
            [
              -75.55614084005356,
              39.12050944420776
            ],
            [
              -75.55601209402084,
              39.12048447210546
            ],
            [
              -75.55603891611099,
              39.1203970697474
            ],
            [
              -75.55615156888962,
              39.12041787983265
            ],
            [
              -75.55614084005356,
              39.120453256977584
            ],
            [
              -75.55615693330765,
              39.12045741899463
            ],
            [
              -75.55614084005356,
              39.12050944420776
            ]
          ]
        ]
      },
      "properties": {
        "type": "building",
        "min_height": 0.0,
        "height": 3.0,
        "extrude": "true",
        "iso_3166_1": "US",
        "iso_3166_2": "US-DE",
        "underground": "false"
      }
    },
    {
      "type": "Feature",
      "id": 1975699374585425,
      "geometry": {
        "type": "Polygon",
        "coordinates": [
          [
            [
              -75.55661022663116,
              39.11635158917427
            ],
            [
              -75.55647075176239,
              39.11634118413165
            ],
            [
              -75.55648148059845,
              39.11625586278211
            ],
            [
              -75.55651366710663,
              39.116257943790636
            ],
            [
              -75.55651903152466,
              39.11621632362013
            ],
            [
              -75.55662363767624,
              39.11622256664571
            ],
            [
              -75.55661022663116,
              39.11635158917427
            ]
          ]
        ]
      },
      "properties": {
        "type": "building",
        "min_height": 0.0,
        "extrude": "true",
        "height": 5.0488787,
        "iso_3166_1": "US",
        "iso_3166_2": "US-DE",
        "underground": "false"
      }
    },
    {
      "type": "Feature",
      "id": 5260266193398055,
      "geometry": {
        "type": "Polygon",
        "coordinates": [
          [
            [
              -75.55949360132217,
              39.120865296665585
            ],
            [
              -75.55941045284271,
              39.12082367649508
            ],
            [
              -75.559461414814,
              39.12076332724785
            ],
            [
              -75.55948555469513,
              39.120775813299
            ],
            [
              -75.55950701236725,
              39.120750841196696
            ],
            [
              -75.55956602096558,
              39.12078205632457
            ],
            [
              -75.55949360132217,
              39.120865296665585
            ]
          ]
        ]
      },
      "properties": {
        "type": "building",
        "min_height": 0.0,
        "extrude": "true",
        "height": 3.3787599,
        "iso_3166_1": "US",
        "iso_3166_2": "US-DE",
        "underground": "false"
      }
    },
    {
      "type": "Feature",
      "id": 2559217616091295,
      "geometry": {
        "type": "Polygon",
        "coordinates": [
          [
            [
              -75.55952578783035,
              39.1186843997311
            ],
            [
              -75.55941313505173,
              39.11863237451797
            ],
            [
              -75.55948555469513,
              39.118538729134336
            ],
            [
              -75.55963575839996,
              39.118609483424194
            ],
            [
              -75.55959820747375,
              39.11865526561175
            ],
            [
              -75.55956065654755,
              39.118638617543546
            ],
            [
              -75.55952578783035,
              39.1186843997311
            ]
          ]
        ]
      },
      "properties": {
        "type": "building",
        "min_height": 0.0,
        "extrude": "true",
        "height": 3.7318962,
        "iso_3166_1": "US",
        "iso_3166_2": "US-DE",
        "underground": "false"
      }
    },
    {
      "type": "Feature",
      "id": 1124078407,
      "geometry": {
        "type": "Polygon",
        "coordinates": [
          [
            [
              -75.5590832233429,
              39.12000584014465
            ],
            [
              -75.55879890918732,
              39.119845602488205
            ],
            [
              -75.55893033742905,
              39.11970409390848
            ],
            [
              -75.55921465158463,
              39.11986433156493
            ],
            [
              -75.5590832233429,
              39.12000584014465
            ]
          ]
        ]
      },
      "properties": {
        "type": "building",
        "extrude": "true",
        "height": 4.8,
        "iso_3166_2": "US-DE",
        "min_height": 0.0,
        "iso_3166_1": "US",
        "underground": "false"
      }
    },
    {
      "type": "Feature",
      "id": 4524256424191175,
      "geometry": {
        "type": "Polygon",
        "coordinates": [
          [
            [
              -75.55478096008301,
              39.12053233530154
            ],
            [
              -75.55462270975113,
              39.12045741899463
            ],
            [
              -75.55470317602158,
              39.12035336856837
            ],
            [
              -75.55475145578384,
              39.120376259662144
            ],
            [
              -75.55470585823059,
              39.120430365883806
            ],
            [
              -75.55481851100922,
              39.12048447210546
            ],
            [
              -75.55478096008301,
              39.12053233530154
            ]
          ]
        ]
      },
      "properties": {
        "type": "building",
        "min_height": 0.0,
        "extrude": "true",
        "height": 4.3708086,
        "iso_3166_1": "US",
        "iso_3166_2": "US-DE",
        "underground": "false"
      }
    },
    {
      "type": "Feature",
      "id": 737262028169875,
      "geometry": {
        "type": "Polygon",
        "coordinates": [
          [
            [
              -75.5531957745552,
              39.11891955369446
            ],
            [
              -75.55313676595688,
              39.118907067643306
            ],
            [
              -75.55317968130112,
              39.11879053116589
            ],
            [
              -75.55327355861664,
              39.118811341251146
            ],
            [
              -75.55323600769043,
              39.118907067643306
            ],
            [
              -75.55320382118225,
              39.11889874360921
            ],
            [
              -75.5531957745552,
              39.11891955369446
            ]
          ]
        ]
      },
      "properties": {
        "type": "building",
        "min_height": 0.0,
        "extrude": "true",
        "height": 4.7770543,
        "iso_3166_1": "US",
        "iso_3166_2": "US-DE",
        "underground": "false"
      }
    },
    {
      "type": "Feature",
      "id": 150837992777595,
      "geometry": {
        "type": "Polygon",
        "coordinates": [
          [
            [
              -75.56024730205536,
              39.11806217818204
            ],
            [
              -75.56017756462097,
              39.118020558011544
            ],
            [
              -75.56014806032181,
              39.118049692130896
            ],
            [
              -75.56006759405136,
              39.118001828934815
            ],
            [
              -75.56015342473984,
              39.11791650758528
            ],
            [
              -75.56030362844467,
              39.11800807196039
            ],
            [
              -75.56024730205536,
              39.11806217818204
            ]
          ]
        ]
      },
      "properties": {
        "type": "building",
        "min_height": 0.0,
        "extrude": "true",
        "height": 3.8992171,
        "iso_3166_1": "US",
        "iso_3166_2": "US-DE",
        "underground": "false"
      }
    },
    {
      "type": "Feature",
      "id": 472432004213065,
      "geometry": {
        "type": "Polygon",
        "coordinates": [
          [
            [
              -75.55830001831055,
              39.118763478055065
            ],
            [
              -75.55820882320404,
              39.118705209816355
            ],
            [
              -75.55829733610153,
              39.11862196947534
            ],
            [
              -75.55835098028183,
              39.11865526561175
            ],
            [
              -75.55830806493759,
              39.118696885782256
            ],
            [
              -75.5583456158638,
              39.118719776876034
            ],
            [
              -75.55830001831055,
              39.118763478055065
            ]
          ]
        ]
      },
      "properties": {
        "type": "building",
        "min_height": 0.0,
        "extrude": "true",
        "height": 5.9967566,
        "iso_3166_1": "US",
        "iso_3166_2": "US-DE",
        "underground": "false"
      }
    },
    {
      "type": "Feature",
      "id": 2214772329657405,
      "geometry": {
        "type": "Polygon",
        "coordinates": [
          [
            [
              -75.56095272302628,
              39.11801639599449
            ],
            [
              -75.5608668923378,
              39.11796853279841
            ],
            [
              -75.56091517210007,
              39.11791650758528
            ],
            [
              -75.56088298559189,
              39.11789777850855
            ],
            [
              -75.56090980768204,
              39.11787072539772
            ],
            [
              -75.56102782487869,
              39.11793523666201
            ],
            [
              -75.56095272302628,
              39.11801639599449
            ]
          ]
        ]
      },
      "properties": {
        "type": "building",
        "min_height": 0.0,
        "extrude": "true",
        "height": 4.1398106,
        "iso_3166_1": "US",
        "iso_3166_2": "US-DE",
        "underground": "false"
      }
    },
    {
      "type": "Feature",
      "id": 656821019704645,
      "geometry": {
        "type": "Polygon",
        "coordinates": [
          [
            [
              -75.55570632219315,
              39.119356565484765
            ],
            [
              -75.55554270744324,
              39.11935032245919
            ],
            [
              -75.55554538965225,
              39.119300378254586
            ],
            [
              -75.5555909872055,
              39.11930245926311
            ],
            [
              -75.55559366941452,
              39.11925875808408
            ],
            [
              -75.55571436882019,
              39.11926292010113
            ],
            [
              -75.55570632219315,
              39.119356565484765
            ]
          ]
        ]
      },
      "properties": {
        "type": "building",
        "min_height": 0.0,
        "extrude": "true",
        "height": 5.1270304,
        "iso_3166_1": "US",
        "iso_3166_2": "US-DE",
        "underground": "false"
      }
    },
    {
      "type": "Feature",
      "id": 1120679440868595,
      "geometry": {
        "type": "Polygon",
        "coordinates": [
          [
            [
              -75.5538073182106,
              39.119999597119076
            ],
            [
              -75.55371344089508,
              39.11994757190594
            ],
            [
              -75.55374294519424,
              39.11991635677806
            ],
            [
              -75.55370539426804,
              39.11989554669281
            ],
            [
              -75.5537536740303,
              39.119841440471156
            ],
            [
              -75.55388778448105,
              39.11991427576954
            ],
            [
              -75.5538073182106,
              39.119999597119076
            ]
          ]
        ]
      },
      "properties": {
        "type": "building",
        "min_height": 0.0,
        "extrude": "true",
        "height": 3.775055,
        "iso_3166_1": "US",
        "iso_3166_2": "US-DE",
        "underground": "false"
      }
    },
    {
      "type": "Feature",
      "id": 1603616349804945,
      "geometry": {
        "type": "Polygon",
        "coordinates": [
          [
            [
              -75.5579486489296,
              39.121468789137914
            ],
            [
              -75.55783599615097,
              39.121402196865105
            ],
            [
              -75.55799424648285,
              39.121244040217185
            ],
            [
              -75.55808007717133,
              39.12129398442179
            ],
            [
              -75.55796205997467,
              39.121410520899204
            ],
            [
              -75.55799156427383,
              39.12142716896741
            ],
            [
              -75.5579486489296,
              39.121468789137914
            ]
          ]
        ]
      },
      "properties": {
        "type": "building",
        "min_height": 0.0,
        "extrude": "true",
        "height": 5.401539,
        "iso_3166_1": "US",
        "iso_3166_2": "US-DE",
        "underground": "false"
      }
    },
    {
      "type": "Feature",
      "id": 5069425772740105,
      "geometry": {
        "type": "Polygon",
        "coordinates": [
          [
            [
              -75.55413991212845,
              39.11624545773949
            ],
            [
              -75.55401384830475,
              39.11621632362013
            ],
            [
              -75.55404603481293,
              39.116133083279124
            ],
            [
              -75.55411845445633,
              39.11614973134732
            ],
            [
              -75.55411040782928,
              39.1161726224411
            ],
            [
              -75.55416405200958,
              39.11618510849225
            ],
            [
              -75.55413991212845,
              39.11624545773949
            ]
          ]
        ]
      },
      "properties": {
        "type": "building",
        "min_height": 0.0,
        "extrude": "true",
        "height": 3.770159,
        "iso_3166_1": "US",
        "iso_3166_2": "US-DE",
        "underground": "false"
      }
    },
    {
      "type": "Feature",
      "id": 2825052334072495,
      "geometry": {
        "type": "Polygon",
        "coordinates": [
          [
            [
              -75.55504113435745,
              39.11705080803877
            ],
            [
              -75.55499017238617,
              39.11703207896204
            ],
            [
              -75.55507332086563,
              39.11688432735674
            ],
            [
              -75.5551752448082,
              39.116919704501676
            ],
            [
              -75.5551028251648,
              39.11704456501319
            ],
            [
              -75.55505454540253,
              39.117027916944984
            ],
            [
              -75.55504113435745,
              39.11705080803877
            ]
          ]
        ]
      },
      "properties": {
        "type": "building",
        "min_height": 0.0,
        "extrude": "true",
        "height": 4.372529,
        "iso_3166_1": "US",
        "iso_3166_2": "US-DE",
        "underground": "false"
      }
    },
    {
      "type": "Feature",
      "id": 4469213626746975,
      "geometry": {
        "type": "Polygon",
        "coordinates": [
          [
            [
              -75.55419892072678,
              39.11904857622302
            ],
            [
              -75.55403530597687,
              39.11901111806957
            ],
            [
              -75.55407017469406,
              39.11891955369446
            ],
            [
              -75.55419087409973,
              39.11894660680529
            ],
            [
              -75.55416941642761,
              39.119006956052516
            ],
            [
              -75.55420964956284,
              39.11901528008662
            ],
            [
              -75.55419892072678,
              39.11904857622302
            ]
          ]
        ]
      },
      "properties": {
        "type": "building",
        "min_height": 0.0,
        "extrude": "true",
        "height": 3.1570551,
        "iso_3166_1": "US",
        "iso_3166_2": "US-DE",
        "underground": "false"
      }
    },
    {
      "type": "Feature",
      "id": 3588222889211025,
      "geometry": {
        "type": "Polygon",
        "coordinates": [
          [
            [
              -75.55331915616989,
              39.117077861149596
            ],
            [
              -75.55316090583801,
              39.11704040299614
            ],
            [
              -75.55317968130112,
              39.11699670181711
            ],
            [
              -75.55316895246506,
              39.11699253980006
            ],
            [
              -75.55318504571915,
              39.116957162655126
            ],
            [
              -75.55335134267807,
              39.11699670181711
            ],
            [
              -75.55331915616989,
              39.117077861149596
            ]
          ]
        ]
      },
      "properties": {
        "type": "building",
        "min_height": 0.0,
        "extrude": "true",
        "height": 3.9344773,
        "iso_3166_1": "US",
        "iso_3166_2": "US-DE",
        "underground": "false"
      }
    },
    {
      "type": "Feature",
      "id": 990109841780195,
      "geometry": {
        "type": "Polygon",
        "coordinates": [
          [
            [
              -75.56055307388306,
              39.117737540852104
            ],
            [
              -75.56048601865768,
              39.11770216370717
            ],
            [
              -75.56047260761261,
              39.117718811775376
            ],
            [
              -75.56039750576019,
              39.117679272613394
            ],
            [
              -75.5604699254036,
              39.11759811328091
            ],
            [
              -75.56061208248138,
              39.11767302958782
            ],
            [
              -75.56055307388306,
              39.117737540852104
            ]
          ]
        ]
      },
      "properties": {
        "type": "building",
        "min_height": 0.0,
        "extrude": "true",
        "height": 4.534041,
        "iso_3166_1": "US",
        "iso_3166_2": "US-DE",
        "underground": "false"
      }
    },
    {
      "type": "Feature",
      "id": 2106093893705095,
      "geometry": {
        "type": "Polygon",
        "coordinates": [
          [
            [
              -75.5565270781517,
              39.117910264559704
            ],
            [
              -75.55643051862717,
              39.1178603203551
            ],
            [
              -75.55652171373367,
              39.117752107911784
            ],
            [
              -75.55659681558609,
              39.11779164707376
            ],
            [
              -75.55656999349594,
              39.11782078119312
            ],
            [
              -75.55659413337708,
              39.117833267244265
            ],
            [
              -75.5565270781517,
              39.117910264559704
            ]
          ]
        ]
      },
      "properties": {
        "type": "building",
        "min_height": 0.0,
        "extrude": "true",
        "height": 5.0657535,
        "iso_3166_1": "US",
        "iso_3166_2": "US-DE",
        "underground": "false"
      }
    },
    {
      "type": "Feature",
      "id": 2713074430271715,
      "geometry": {
        "type": "Polygon",
        "coordinates": [
          [
            [
              -75.55408358573914,
              39.1192525150585
            ],
            [
              -75.55395752191544,
              39.11922546194767
            ],
            [
              -75.55398166179657,
              39.119150545640764
            ],
            [
              -75.55401921272278,
              39.11915678866634
            ],
            [
              -75.55402725934982,
              39.119135978581085
            ],
            [
              -75.55411577224731,
              39.11915470765781
            ],
            [
              -75.55408358573914,
              39.1192525150585
            ]
          ]
        ]
      },
      "properties": {
        "type": "building",
        "min_height": 0.0,
        "extrude": "true",
        "height": 3.837607,
        "iso_3166_1": "US",
        "iso_3166_2": "US-DE",
        "underground": "false"
      }
    },
    {
      "type": "Feature",
      "id": 4785190144128335,
      "geometry": {
        "type": "Polygon",
        "coordinates": [
          [
            [
              -75.55360078811646,
              39.12037417865362
            ],
            [
              -75.55354446172714,
              39.12035336856837
            ],
            [
              -75.55356860160828,
              39.120320072431966
            ],
            [
              -75.55352300405502,
              39.12030342436376
            ],
            [
              -75.55357664823532,
              39.120228508056854
            ],
            [
              -75.55367320775986,
              39.120268047218836
            ],
            [
              -75.55360078811646,
              39.12037417865362
            ]
          ]
        ]
      },
      "properties": {
        "type": "building",
        "min_height": 0.0,
        "extrude": "true",
        "height": 3.572608,
        "iso_3166_1": "US",
        "iso_3166_2": "US-DE",
        "underground": "false"
      }
    },
    {
      "type": "Feature",
      "id": 5427441002213735,
      "geometry": {
        "type": "Polygon",
        "coordinates": [
          [
            [
              -75.55847704410553,
              39.12010156653681
            ],
            [
              -75.5581846833229,
              39.11996213896562
            ],
            [
              -75.55826783180237,
              39.11985808853935
            ],
            [
              -75.55856019258499,
              39.11999751611055
            ],
            [
              -75.55847704410553,
              39.12010156653681
            ]
          ]
        ]
      },
      "properties": {
        "type": "building",
        "min_height": 0.0,
        "extrude": "true",
        "height": 4.0640097,
        "iso_3166_1": "US",
        "iso_3166_2": "US-DE",
        "underground": "false"
      }
    },
    {
      "type": "Feature",
      "id": 2430800218702365,
      "geometry": {
        "type": "Polygon",
        "coordinates": [
          [
            [
              -75.55641710758209,
              39.119088115385004
            ],
            [
              -75.55637419223785,
              39.1190631432827
            ],
            [
              -75.55635809898376,
              39.11907771034238
            ],
            [
              -75.55625885725021,
              39.119021523112195
            ],
            [
              -75.55633395910263,
              39.118940363779714
            ],
            [
              -75.55647879838943,
              39.119021523112195
            ],
            [
              -75.55641710758209,
              39.119088115385004
            ]
          ]
        ]
      },
      "properties": {
        "type": "building",
        "min_height": 0.0,
        "extrude": "true",
        "height": 4.6919227,
        "iso_3166_1": "US",
        "iso_3166_2": "US-DE",
        "underground": "false"
      }
    },
    {
      "type": "Feature",
      "id": 4344788562088635,
      "geometry": {
        "type": "Polygon",
        "coordinates": [
          [
            [
              -75.55487215518951,
              39.120157753766996
            ],
            [
              -75.55478096008301,
              39.12011613359649
            ],
            [
              -75.55482655763626,
              39.12005370334073
            ],
            [
              -75.55475145578384,
              39.12002040720433
            ],
            [
              -75.55479973554611,
              39.11995797694857
            ],
            [
              -75.55496603250504,
              39.12003081224695
            ],
            [
              -75.55487215518951,
              39.120157753766996
            ]
          ]
        ]
      },
      "properties": {
        "type": "building",
        "min_height": 0.0,
        "extrude": "true",
        "height": 3.8849013,
        "iso_3166_1": "US",
        "iso_3166_2": "US-DE",
        "underground": "false"
      }
    },
    {
      "type": "Feature",
      "id": 3913755948507075,
      "geometry": {
        "type": "Polygon",
        "coordinates": [
          [
            [
              -75.55669337511063,
              39.117211045695214
            ],
            [
              -75.55664241313934,
              39.117192316618485
            ],
            [
              -75.55668264627457,
              39.11712572434568
            ],
            [
              -75.55666118860245,
              39.11711740031157
            ],
            [
              -75.55668532848358,
              39.11707578014107
            ],
            [
              -75.55675774812698,
              39.117100752243374
            ],
            [
              -75.55669337511063,
              39.117211045695214
            ]
          ]
        ]
      },
      "properties": {
        "type": "building",
        "min_height": 0.0,
        "extrude": "true",
        "height": 4.2665715,
        "iso_3166_1": "US",
        "iso_3166_2": "US-DE",
        "underground": "false"
      }
    },
    {
      "type": "Feature",
      "id": 1124078450,
      "geometry": {
        "type": "Polygon",
        "coordinates": [
          [
            [
              -75.55908054113388,
              39.11777291799704
            ],
            [
              -75.55885255336761,
              39.117641814459944
            ],
            [
              -75.55909931659698,
              39.11738168839428
            ],
            [
              -75.55932730436325,
              39.11751071092285
            ],
            [
              -75.55908054113388,
              39.11777291799704
            ]
          ]
        ]
      },
      "properties": {
        "type": "building",
        "extrude": "true",
        "height": 4.8,
        "iso_3166_2": "US-DE",
        "min_height": 0.0,
        "iso_3166_1": "US",
        "underground": "false"
      }
    },
    {
      "type": "Feature",
      "id": 1086914614063145,
      "geometry": {
        "type": "Polygon",
        "coordinates": [
          [
            [
              -75.5569240450859,
              39.117666786562246
            ],
            [
              -75.55687308311462,
              39.11765013849404
            ],
            [
              -75.55695623159409,
              39.11750238688875
            ],
            [
              -75.55707693099976,
              39.11754400705925
            ],
            [
              -75.55700719356537,
              39.11766470555372
            ],
            [
              -75.55693745613098,
              39.117641814459944
            ],
            [
              -75.5569240450859,
              39.117666786562246
            ]
          ]
        ]
      },
      "properties": {
        "type": "building",
        "min_height": 0.0,
        "extrude": "true",
        "height": 4.125445,
        "iso_3166_1": "US",
        "iso_3166_2": "US-DE",
        "underground": "false"
      }
    },
    {
      "type": "Feature",
      "id": 3635185015941195,
      "geometry": {
        "type": "Polygon",
        "coordinates": [
          [
            [
              -75.55397897958755,
              39.116224647654235
            ],
            [
              -75.55385828018188,
              39.1161892705093
            ],
            [
              -75.5539333820343,
              39.116037356886956
            ],
            [
              -75.5540058016777,
              39.11605816697221
            ],
            [
              -75.55399239063263,
              39.11608313907451
            ],
            [
              -75.5540406703949,
              39.116095625125666
            ],
            [
              -75.55397897958755,
              39.116224647654235
            ]
          ]
        ]
      },
      "properties": {
        "type": "building",
        "min_height": 0.0,
        "extrude": "true",
        "height": 4.5259705,
        "iso_3166_1": "US",
        "iso_3166_2": "US-DE",
        "underground": "false"
      }
    },
    {
      "type": "Feature",
      "id": 3094058835848565,
      "geometry": {
        "type": "Polygon",
        "coordinates": [
          [
            [
              -75.55341303348541,
              39.11975820013014
            ],
            [
              -75.5532306432724,
              39.11964998768683
            ],
            [
              -75.55332988500595,
              39.11954801826909
            ],
            [
              -75.5534479022026,
              39.11961877255895
            ],
            [
              -75.55341303348541,
              39.11965414970388
            ],
            [
              -75.55347740650177,
              39.119691607857334
            ],
            [
              -75.55341303348541,
              39.11975820013014
            ]
          ]
        ]
      },
      "properties": {
        "type": "building",
        "min_height": 0.0,
        "extrude": "true",
        "height": 6.534838,
        "iso_3166_1": "US",
        "iso_3166_2": "US-DE",
        "underground": "false"
      }
    },
    {
      "type": "Feature",
      "id": 2299840937380345,
      "geometry": {
        "type": "Polygon",
        "coordinates": [
          [
            [
              -75.55498212575912,
              39.117670948579295
            ],
            [
              -75.55482923984528,
              39.117666786562246
            ],
            [
              -75.5548346042633,
              39.11755857411893
            ],
            [
              -75.55489629507065,
              39.117560655127456
            ],
            [
              -75.55489897727966,
              39.1174566047012
            ],
            [
              -75.55499017238617,
              39.11745868570972
            ],
            [
              -75.55498212575912,
              39.117670948579295
            ]
          ]
        ]
      },
      "properties": {
        "type": "building",
        "min_height": 0.0,
        "extrude": "true",
        "height": 5.209615,
        "iso_3166_1": "US",
        "iso_3166_2": "US-DE",
        "underground": "false"
      }
    },
    {
      "type": "Feature",
      "id": 1390759827,
      "geometry": {
        "type": "Polygon",
        "coordinates": [
          [
            [
              -75.55871844291687,
              39.11829108911983
            ],
            [
              -75.5585253238678,
              39.11818079566799
            ],
            [
              -75.55856555700302,
              39.11813917549748
            ],
            [
              -75.55860310792923,
              39.118159985582736
            ],
            [
              -75.55862456560135,
              39.11813917549748
            ],
            [
              -75.55878013372421,
              39.118226577855545
            ],
            [
              -75.55871844291687,
              39.11829108911983
            ]
          ]
        ]
      },
      "properties": {
        "type": "building",
        "height": 3.0,
        "extrude": "true",
        "iso_3166_2": "US-DE",
        "min_height": 0.0,
        "iso_3166_1": "US",
        "underground": "false"
      }
    },
    {
      "type": "Feature",
      "id": 1856313711518135,
      "geometry": {
        "type": "Polygon",
        "coordinates": [
          [
            [
              -75.55470585823059,
              39.11692594752725
            ],
            [
              -75.55460393428802,
              39.11689265139084
            ],
            [
              -75.55466026067734,
              39.11679692499868
            ],
            [
              -75.55463075637817,
              39.11678651995606
            ],
            [
              -75.55466294288635,
              39.11673033272587
            ],
            [
              -75.55479168891907,
              39.11677611491343
            ],
            [
              -75.55470585823059,
              39.11692594752725
            ]
          ]
        ]
      },
      "properties": {
        "type": "building",
        "min_height": 0.0,
        "extrude": "true",
        "height": 3.9226918,
        "iso_3166_1": "US",
        "iso_3166_2": "US-DE",
        "underground": "false"
      }
    },
    {
      "type": "Feature",
      "id": 4313999389507965,
      "geometry": {
        "type": "Polygon",
        "coordinates": [
          [
            [
              -75.56005150079727,
              39.11959588146517
            ],
            [
              -75.55992007255554,
              39.119529289192364
            ],
            [
              -75.56004077196121,
              39.11938778061264
            ],
            [
              -75.56013464927673,
              39.11943564380873
            ],
            [
              -75.56011319160461,
              39.119458534902506
            ],
            [
              -75.56015074253082,
              39.11947726397923
            ],
            [
              -75.56005150079727,
              39.11959588146517
            ]
          ]
        ]
      },
      "properties": {
        "type": "building",
        "min_height": 0.0,
        "extrude": "true",
        "height": 4.0941386,
        "iso_3166_1": "US",
        "iso_3166_2": "US-DE",
        "underground": "false"
      }
    },
    {
      "type": "Feature",
      "id": 3432603484553435,
      "geometry": {
        "type": "Polygon",
        "coordinates": [
          [
            [
              -75.55515378713608,
              39.1194252387661
            ],
            [
              -75.55502772331238,
              39.11939818565527
            ],
            [
              -75.55507868528366,
              39.11925875808408
            ],
            [
              -75.55518329143524,
              39.11928164917786
            ],
            [
              -75.55516451597214,
              39.11932951237394
            ],
            [
              -75.55518597364426,
              39.11933367439099
            ],
            [
              -75.55515378713608,
              39.1194252387661
            ]
          ]
        ]
      },
      "properties": {
        "type": "building",
        "min_height": 0.0,
        "extrude": "true",
        "height": 4.28327,
        "iso_3166_1": "US",
        "iso_3166_2": "US-DE",
        "underground": "false"
      }
    },
    {
      "type": "Feature",
      "id": 1179095358409845,
      "geometry": {
        "type": "Polygon",
        "coordinates": [
          [
            [
              -75.56117534637451,
              39.11708410417517
            ],
            [
              -75.56107878684998,
              39.117034159970565
            ],
            [
              -75.56116461753845,
              39.11693427156135
            ],
            [
              -75.56112706661224,
              39.116913461476095
            ],
            [
              -75.5611914396286,
              39.11683854516919
            ],
            [
              -75.56132823228836,
              39.116909299459046
            ],
            [
              -75.56117534637451,
              39.11708410417517
            ]
          ]
        ]
      },
      "properties": {
        "type": "building",
        "min_height": 0.0,
        "extrude": "true",
        "height": 4.029474,
        "iso_3166_1": "US",
        "iso_3166_2": "US-DE",
        "underground": "false"
      }
    },
    {
      "type": "Feature",
      "id": 856130356022065,
      "geometry": {
        "type": "Polygon",
        "coordinates": [
          [
            [
              -75.55608183145523,
              39.12095894204922
            ],
            [
              -75.55595844984055,
              39.12092148389577
            ],
            [
              -75.55600672960281,
              39.120821595486554
            ],
            [
              -75.55606842041016,
              39.12084032456328
            ],
            [
              -75.55613279342651,
              39.12070922102619
            ],
            [
              -75.55619448423386,
              39.12072795010292
            ],
            [
              -75.55608183145523,
              39.12095894204922
            ]
          ]
        ]
      },
      "properties": {
        "type": "building",
        "min_height": 0.0,
        "extrude": "true",
        "height": 7.022549,
        "iso_3166_1": "US",
        "iso_3166_2": "US-DE",
        "underground": "false"
      }
    },
    {
      "type": "Feature",
      "id": 4223878254857375,
      "geometry": {
        "type": "Polygon",
        "coordinates": [
          [
            [
              -75.55601209402084,
              39.11648477371989
            ],
            [
              -75.55583238601685,
              39.11648061170284
            ],
            [
              -75.55583506822586,
              39.116378642285106
            ],
            [
              -75.55597722530365,
              39.116382804302155
            ],
            [
              -75.55597722530365,
              39.11635783219985
            ],
            [
              -75.55601745843887,
              39.11635783219985
            ],
            [
              -75.55601209402084,
              39.11648477371989
            ]
          ]
        ]
      },
      "properties": {
        "type": "building",
        "min_height": 0.0,
        "extrude": "true",
        "height": 5.883929,
        "iso_3166_1": "US",
        "iso_3166_2": "US-DE",
        "underground": "false"
      }
    },
    {
      "type": "Feature",
      "id": 987461507353825,
      "geometry": {
        "type": "Polygon",
        "coordinates": [
          [
            [
              -75.55412381887436,
              39.11955009927762
            ],
            [
              -75.55396288633347,
              39.11952304616678
            ],
            [
              -75.55401116609573,
              39.119352403467715
            ],
            [
              -75.55411845445633,
              39.119371132544444
            ],
            [
              -75.55410236120224,
              39.1194335628002
            ],
            [
              -75.55415600538254,
              39.1194418868343
            ],
            [
              -75.55412381887436,
              39.11955009927762
            ]
          ]
        ]
      },
      "properties": {
        "type": "building",
        "min_height": 0.0,
        "extrude": "true",
        "height": 3.848087,
        "iso_3166_1": "US",
        "iso_3166_2": "US-DE",
        "underground": "false"
      }
    },
    {
      "type": "Feature",
      "id": 204373842394575,
      "geometry": {
        "type": "Polygon",
        "coordinates": [
          [
            [
              -75.55572241544724,
              39.12075708422227
            ],
            [
              -75.5556446313858,
              39.12073419312849
            ],
            [
              -75.55566072463989,
              39.12070505900914
            ],
            [
              -75.5556258559227,
              39.12069465396652
            ],
            [
              -75.55568218231201,
              39.120578117489096
            ],
            [
              -75.55579215288162,
              39.120611413625504
            ],
            [
              -75.55572241544724,
              39.12075708422227
            ]
          ]
        ]
      },
      "properties": {
        "type": "building",
        "min_height": 0.0,
        "extrude": "true",
        "height": 3.7535212,
        "iso_3166_1": "US",
        "iso_3166_2": "US-DE",
        "underground": "false"
      }
    },
    {
      "type": "Feature",
      "id": 4749433347834215,
      "geometry": {
        "type": "Polygon",
        "coordinates": [
          [
            [
              -75.5580586194992,
              39.11639320934478
            ],
            [
              -75.5580586194992,
              39.116257943790636
            ],
            [
              -75.55808544158936,
              39.116257943790636
            ],
            [
              -75.55808544158936,
              39.116220485637186
            ],
            [
              -75.55817931890488,
              39.116220485637186
            ],
            [
              -75.55817931890488,
              39.11639320934478
            ],
            [
              -75.5580586194992,
              39.11639320934478
            ]
          ]
        ]
      },
      "properties": {
        "type": "building",
        "min_height": 0.0,
        "extrude": "true",
        "height": 4.759494,
        "iso_3166_1": "US",
        "iso_3166_2": "US-DE",
        "underground": "false"
      }
    },
    {
      "type": "Feature",
      "id": 3914313056293185,
      "geometry": {
        "type": "Polygon",
        "coordinates": [
          [
            [
              -75.55707961320877,
              39.11632245505492
            ],
            [
              -75.5570125579834,
              39.1163120500123
            ],
            [
              -75.55702328681946,
              39.11627459185884
            ],
            [
              -75.55690795183182,
              39.11625586278211
            ],
            [
              -75.5569240450859,
              39.116195513534876
            ],
            [
              -75.5571037530899,
              39.11622256664571
            ],
            [
              -75.55707961320877,
              39.11632245505492
            ]
          ]
        ]
      },
      "properties": {
        "type": "building",
        "min_height": 0.0,
        "extrude": "true",
        "height": 6.020336,
        "iso_3166_1": "US",
        "iso_3166_2": "US-DE",
        "underground": "false"
      }
    },
    {
      "type": "Feature",
      "id": 1114931789164685,
      "geometry": {
        "type": "Polygon",
        "coordinates": [
          [
            [
              -75.55398970842361,
              39.11668246952979
            ],
            [
              -75.55390655994415,
              39.116655416418965
            ],
            [
              -75.55398434400558,
              39.11650974582219
            ],
            [
              -75.55410504341125,
              39.116549284984174
            ],
            [
              -75.55407553911209,
              39.11660547221436
            ],
            [
              -75.55403798818588,
              39.116592986163205
            ],
            [
              -75.55398970842361,
              39.11668246952979
            ]
          ]
        ]
      },
      "properties": {
        "type": "building",
        "min_height": 0.0,
        "extrude": "true",
        "height": 4.713331,
        "iso_3166_1": "US",
        "iso_3166_2": "US-DE",
        "underground": "false"
      }
    },
    {
      "type": "Feature",
      "id": 2708408349524555,
      "geometry": {
        "type": "Polygon",
        "coordinates": [
          [
            [
              -75.5572298169136,
              39.11835143836706
            ],
            [
              -75.55713057518005,
              39.118307737188026
            ],
            [
              -75.55718958377838,
              39.11822865886407
            ],
            [
              -75.5572298169136,
              39.11824530693227
            ],
            [
              -75.55727005004883,
              39.11819120071061
            ],
            [
              -75.55732905864716,
              39.118216172812915
            ],
            [
              -75.5572298169136,
              39.11835143836706
            ]
          ]
        ]
      },
      "properties": {
        "type": "building",
        "min_height": 0.0,
        "extrude": "true",
        "height": 4.57446,
        "iso_3166_1": "US",
        "iso_3166_2": "US-DE",
        "underground": "false"
      }
    },
    {
      "type": "Feature",
      "id": 4290430506592405,
      "geometry": {
        "type": "Polygon",
        "coordinates": [
          [
            [
              -75.55379390716553,
              39.11870729082488
            ],
            [
              -75.55356323719025,
              39.118676075697
            ],
            [
              -75.55358469486237,
              39.11858243031337
            ],
            [
              -75.55375099182129,
              39.118605321407145
            ],
            [
              -75.55374562740326,
              39.118638617543546
            ],
            [
              -75.55381000041962,
              39.118646941577644
            ],
            [
              -75.55379390716553,
              39.11870729082488
            ]
          ]
        ]
      },
      "properties": {
        "type": "building",
        "min_height": 0.0,
        "extrude": "true",
        "height": 3.7697883,
        "iso_3166_1": "US",
        "iso_3166_2": "US-DE",
        "underground": "false"
      }
    },
    {
      "type": "Feature",
      "id": 3969911806635005,
      "geometry": {
        "type": "Polygon",
        "coordinates": [
          [
            [
              -75.56042164564133,
              39.11861572644977
            ],
            [
              -75.56020975112915,
              39.118484622912675
            ],
            [
              -75.56031167507172,
              39.11838681551199
            ],
            [
              -75.56044042110443,
              39.11846797484448
            ],
            [
              -75.56040018796921,
              39.11850751400645
            ],
            [
              -75.56048065423965,
              39.11855953921959
            ],
            [
              -75.56042164564133,
              39.11861572644977
            ]
          ]
        ]
      },
      "properties": {
        "type": "building",
        "min_height": 0.0,
        "extrude": "true",
        "height": 5.077793,
        "iso_3166_1": "US",
        "iso_3166_2": "US-DE",
        "underground": "false"
      }
    },
    {
      "type": "Feature",
      "id": 1552206696993715,
      "geometry": {
        "type": "Polygon",
        "coordinates": [
          [
            [
              -75.55304020643234,
              39.11729012401917
            ],
            [
              -75.55305629968643,
              39.11722145073784
            ],
            [
              -75.55326282978058,
              39.117248503848664
            ],
            [
              -75.55325210094452,
              39.117296367044744
            ],
            [
              -75.55319845676422,
              39.117288043010646
            ],
            [
              -75.55319309234619,
              39.117310934104424
            ],
            [
              -75.55306702852249,
              39.11729377491132
            ],
            [
              -75.55306702852249,
              39.11729428603622
            ],
            [
              -75.55304020643234,
              39.11729012401917
            ]
          ]
        ]
      },
      "properties": {
        "type": "building",
        "min_height": 0.0,
        "extrude": "true",
        "height": 5.9966903,
        "iso_3166_1": "US",
        "iso_3166_2": "US-DE",
        "underground": "false"
      }
    },
    {
      "type": "Feature",
      "id": 2664487014294065,
      "geometry": {
        "type": "Polygon",
        "coordinates": [
          [
            [
              -75.5573183298111,
              39.1174566047012
            ],
            [
              -75.55720567703247,
              39.117417065539215
            ],
            [
              -75.55728077888489,
              39.117292205027695
            ],
            [
              -75.5573371052742,
              39.11731301511295
            ],
            [
              -75.55735319852829,
              39.117288043010646
            ],
            [
              -75.55740684270859,
              39.117306772087375
            ],
            [
              -75.5573183298111,
              39.1174566047012
            ]
          ]
        ]
      },
      "properties": {
        "type": "building",
        "min_height": 0.0,
        "height": 3.0,
        "extrude": "true",
        "iso_3166_1": "US",
        "iso_3166_2": "US-DE",
        "underground": "false"
      }
    },
    {
      "type": "Feature",
      "id": 5541845867214455,
      "geometry": {
        "type": "Polygon",
        "coordinates": [
          [
            [
              -75.5559504032135,
              39.11880926024262
            ],
            [
              -75.55577605962753,
              39.11878012612326
            ],
            [
              -75.55579215288162,
              39.11872601990161
            ],
            [
              -75.5558243393898,
              39.11873018191866
            ],
            [
              -75.55583238601685,
              39.11869896679078
            ],
            [
              -75.55597454309464,
              39.11872185788456
            ],
            [
              -75.5559504032135,
              39.11880926024262
            ]
          ]
        ]
      },
      "properties": {
        "type": "building",
        "min_height": 0.0,
        "extrude": "true",
        "height": 4.3517666,
        "iso_3166_1": "US",
        "iso_3166_2": "US-DE",
        "underground": "false"
      }
    },
    {
      "type": "Feature",
      "id": 4033462118225285,
      "geometry": {
        "type": "Polygon",
        "coordinates": [
          [
            [
              -75.55551588535309,
              39.12033255848311
            ],
            [
              -75.5553925037384,
              39.12031382940639
            ],
            [
              -75.55541396141052,
              39.120232670073904
            ],
            [
              -75.55543273687363,
              39.12023475108243
            ],
            [
              -75.55544883012772,
              39.12017440183519
            ],
            [
              -75.55555075407028,
              39.1201910499034
            ],
            [
              -75.55551588535309,
              39.12033255848311
            ]
          ]
        ]
      },
      "properties": {
        "type": "building",
        "min_height": 0.0,
        "extrude": "true",
        "height": 3.0963454,
        "iso_3166_1": "US",
        "iso_3166_2": "US-DE",
        "underground": "false"
      }
    },
    {
      "type": "Feature",
      "id": 1338454424708715,
      "geometry": {
        "type": "Polygon",
        "coordinates": [
          [
            [
              -75.553517639637,
              39.11911100647878
            ],
            [
              -75.55341303348541,
              39.1190964394191
            ],
            [
              -75.55344253778458,
              39.11896117386496
            ],
            [
              -75.55352032184601,
              39.11897157890759
            ],
            [
              -75.55351495742798,
              39.11900487504399
            ],
            [
              -75.55353909730911,
              39.11900903706105
            ],
            [
              -75.553517639637,
              39.11911100647878
            ]
          ]
        ]
      },
      "properties": {
        "type": "building",
        "min_height": 0.0,
        "extrude": "true",
        "height": 3.1106105,
        "iso_3166_1": "US",
        "iso_3166_2": "US-DE",
        "underground": "false"
      }
    },
    {
      "type": "Feature",
      "id": 896257879259755,
      "geometry": {
        "type": "Polygon",
        "coordinates": [
          [
            [
              -75.55644124746323,
              39.11861156443272
            ],
            [
              -75.55624276399612,
              39.11851583804056
            ],
            [
              -75.55630445480347,
              39.11843884072512
            ],
            [
              -75.55644929409027,
              39.11850959501498
            ],
            [
              -75.55646806955338,
              39.1184867039212
            ],
            [
              -75.55651903152466,
              39.1185116760235
            ],
            [
              -75.55644124746323,
              39.11861156443272
            ]
          ]
        ]
      },
      "properties": {
        "type": "building",
        "min_height": 0.0,
        "extrude": "true",
        "height": 5.136894,
        "iso_3166_1": "US",
        "iso_3166_2": "US-DE",
        "underground": "false"
      }
    },
    {
      "type": "Feature",
      "id": 2609565139640955,
      "geometry": {
        "type": "Polygon",
        "coordinates": [
          [
            [
              -75.55593430995941,
              39.11694051458693
            ],
            [
              -75.55581092834473,
              39.11690097542495
            ],
            [
              -75.55588871240616,
              39.1167573858367
            ],
            [
              -75.55592358112335,
              39.11676779087933
            ],
            [
              -75.5559504032135,
              39.116722008691774
            ],
            [
              -75.55603623390198,
              39.116751142811125
            ],
            [
              -75.55593430995941,
              39.11694051458693
            ]
          ]
        ]
      },
      "properties": {
        "type": "building",
        "min_height": 0.0,
        "extrude": "true",
        "height": 4.9424777,
        "iso_3166_1": "US",
        "iso_3166_2": "US-DE",
        "underground": "false"
      }
    },
    {
      "type": "Feature",
      "id": 3269852072796135,
      "geometry": {
        "type": "Polygon",
        "coordinates": [
          [
            [
              -75.55398434400558,
              39.120736274137016
            ],
            [
              -75.55383950471878,
              39.12068008690684
            ],
            [
              -75.55394679307938,
              39.12050736319924
            ],
            [
              -75.55404603481293,
              39.120544821352695
            ],
            [
              -75.55400043725967,
              39.1206197376596
            ],
            [
              -75.55404603481293,
              39.120636385727806
            ],
            [
              -75.55398434400558,
              39.120736274137016
            ]
          ]
        ]
      },
      "properties": {
        "type": "building",
        "min_height": 0.0,
        "extrude": "true",
        "height": 4.6856074,
        "iso_3166_1": "US",
        "iso_3166_2": "US-DE",
        "underground": "false"
      }
    },
    {
      "type": "Feature",
      "id": 2033749255398965,
      "geometry": {
        "type": "Polygon",
        "coordinates": [
          [
            [
              -75.55719763040543,
              39.11806009717352
            ],
            [
              -75.55711179971695,
              39.11803096305417
            ],
            [
              -75.55717080831528,
              39.1179185885938
            ],
            [
              -75.55716007947922,
              39.11791650758528
            ],
            [
              -75.55720031261444,
              39.11784575329542
            ],
            [
              -75.55729687213898,
              39.117876968423296
            ],
            [
              -75.55719763040543,
              39.11806009717352
            ]
          ]
        ]
      },
      "properties": {
        "type": "building",
        "min_height": 0.0,
        "extrude": "true",
        "height": 6.8577585,
        "iso_3166_1": "US",
        "iso_3166_2": "US-DE",
        "underground": "false"
      }
    },
    {
      "type": "Feature",
      "id": 266287685376805,
      "geometry": {
        "type": "Polygon",
        "coordinates": [
          [
            [
              -75.55625349283218,
              39.11704664602171
            ],
            [
              -75.55611401796341,
              39.11699878282563
            ],
            [
              -75.55619448423386,
              39.11685519323739
            ],
            [
              -75.55627226829529,
              39.11688224634822
            ],
            [
              -75.55625885725021,
              39.11690721845052
            ],
            [
              -75.55632054805756,
              39.116928028535774
            ],
            [
              -75.55625349283218,
              39.11704664602171
            ]
          ]
        ]
      },
      "properties": {
        "type": "building",
        "min_height": 0.0,
        "extrude": "true",
        "height": 4.988579,
        "iso_3166_1": "US",
        "iso_3166_2": "US-DE",
        "underground": "false"
      }
    },
    {
      "type": "Feature",
      "id": 3072935420151865,
      "geometry": {
        "type": "Polygon",
        "coordinates": [
          [
            [
              -75.55434107780457,
              39.120879863725264
            ],
            [
              -75.5542740225792,
              39.12084032456328
            ],
            [
              -75.55424988269806,
              39.120865296665585
            ],
            [
              -75.55413454771042,
              39.12079454237573
            ],
            [
              -75.55422574281693,
              39.120702978000615
            ],
            [
              -75.55430620908737,
              39.12075292220522
            ],
            [
              -75.55440545082092,
              39.120813271452455
            ],
            [
              -75.55434107780457,
              39.120879863725264
            ]
          ]
        ]
      },
      "properties": {
        "type": "building",
        "min_height": 0.0,
        "extrude": "true",
        "height": 4.9461107,
        "iso_3166_1": "US",
        "iso_3166_2": "US-DE",
        "underground": "false"
      }
    },
    {
      "type": "Feature",
      "id": 2867397174264575,
      "geometry": {
        "type": "Polygon",
        "coordinates": [
          [
            [
              -75.55289000272751,
              39.118867528481324
            ],
            [
              -75.55293291807175,
              39.11873642494423
            ],
            [
              -75.55305361747742,
              39.11875931603801
            ],
            [
              -75.55301874876022,
              39.11886960948985
            ],
            [
              -75.55298388004303,
              39.11886128545575
            ],
            [
              -75.55297315120697,
              39.11889250058363
            ],
            [
              -75.5528873205185,
              39.11887585251543
            ],
            [
              -75.55289000272751,
              39.11886765089359
            ],
            [
              -75.55289000272751,
              39.118867528481324
            ]
          ]
        ]
      },
      "properties": {
        "type": "building",
        "min_height": 0.0,
        "extrude": "true",
        "height": 4.8733134,
        "iso_3166_1": "US",
        "iso_3166_2": "US-DE",
        "underground": "false"
      }
    },
    {
      "type": "Feature",
      "id": 2585372265916855,
      "geometry": {
        "type": "Polygon",
        "coordinates": [
          [
            [
              -75.55980741977692,
              39.116401533378884
            ],
            [
              -75.5598047375679,
              39.11621632362013
            ],
            [
              -75.55990934371948,
              39.11621632362013
            ],
            [
              -75.55990934371948,
              39.116276672867365
            ],
            [
              -75.56001663208008,
              39.11627459185884
            ],
            [
              -75.5600193142891,
              39.11639945237036
            ],
            [
              -75.55980741977692,
              39.116401533378884
            ]
          ]
        ]
      },
      "properties": {
        "type": "building",
        "min_height": 0.0,
        "extrude": "true",
        "height": 3.9129472,
        "iso_3166_1": "US",
        "iso_3166_2": "US-DE",
        "underground": "false"
      }
    },
    {
      "type": "Feature",
      "id": 2228294502190135,
      "geometry": {
        "type": "Polygon",
        "coordinates": [
          [
            [
              -75.5585253238678,
              39.11670119860652
            ],
            [
              -75.5585253238678,
              39.11667206448717
            ],
            [
              -75.55847972631454,
              39.11667414549569
            ],
            [
              -75.55847704410553,
              39.116607553222885
            ],
            [
              -75.5587050318718,
              39.116603391205835
            ],
            [
              -75.55870771408081,
              39.11669703658947
            ],
            [
              -75.5585253238678,
              39.11670119860652
            ]
          ]
        ]
      },
      "properties": {
        "type": "building",
        "min_height": 0.0,
        "extrude": "true",
        "height": 5.3411636,
        "iso_3166_1": "US",
        "iso_3166_2": "US-DE",
        "underground": "false"
      }
    },
    {
      "type": "Feature",
      "id": 953201323288575,
      "geometry": {
        "type": "Polygon",
        "coordinates": [
          [
            [
              -75.56102514266968,
              39.119668716763556
            ],
            [
              -75.56077033281326,
              39.11953969423499
            ],
            [
              -75.56081861257553,
              39.11948350700481
            ],
            [
              -75.56103587150574,
              39.11959380045665
            ],
            [
              -75.56105732917786,
              39.11956882835434
            ],
            [
              -75.56109488010406,
              39.11958755743107
            ],
            [
              -75.56102514266968,
              39.119668716763556
            ]
          ]
        ]
      },
      "properties": {
        "type": "building",
        "min_height": 0.0,
        "extrude": "true",
        "height": 3.4549596,
        "iso_3166_1": "US",
        "iso_3166_2": "US-DE",
        "underground": "false"
      }
    },
    {
      "type": "Feature",
      "id": 5208409644141485,
      "geometry": {
        "type": "Polygon",
        "coordinates": [
          [
            [
              -75.5540218949318,
              39.11796853279841
            ],
            [
              -75.55383682250977,
              39.117939398679056
            ],
            [
              -75.5538609623909,
              39.117847834303944
            ],
            [
              -75.55382341146469,
              39.117843672286895
            ],
            [
              -75.55383682250977,
              39.117795809090815
            ],
            [
              -75.55405676364899,
              39.117829105227216
            ],
            [
              -75.5540218949318,
              39.11796853279841
            ]
          ]
        ]
      },
      "properties": {
        "type": "building",
        "min_height": 0.0,
        "extrude": "true",
        "height": 5.2888093,
        "iso_3166_1": "US",
        "iso_3166_2": "US-DE",
        "underground": "false"
      }
    },
    {
      "type": "Feature",
      "id": 2931542546856905,
      "geometry": {
        "type": "Polygon",
        "coordinates": [
          [
            [
              -75.55733442306519,
              39.11996838199119
            ],
            [
              -75.55720031261444,
              39.119908032743965
            ],
            [
              -75.55716276168823,
              39.11995797694857
            ],
            [
              -75.55708765983582,
              39.11992468081216
            ],
            [
              -75.55713593959808,
              39.11986225055641
            ],
            [
              -75.55718153715134,
              39.119883060641655
            ],
            [
              -75.55723249912262,
              39.11981854937738
            ],
            [
              -75.55739343166351,
              39.11989138467576
            ],
            [
              -75.55733442306519,
              39.11996838199119
            ]
          ]
        ]
      },
      "properties": {
        "type": "building",
        "min_height": 0.0,
        "extrude": "true",
        "height": 7.3536525,
        "iso_3166_1": "US",
        "iso_3166_2": "US-DE",
        "underground": "false"
      }
    },
    {
      "type": "Feature",
      "id": 1390759828,
      "geometry": {
        "type": "Polygon",
        "coordinates": [
          [
            [
              -75.55885255336761,
              39.118771802089164
            ],
            [
              -75.55876940488815,
              39.11872601990161
            ],
            [
              -75.55889010429382,
              39.11859699737304
            ],
            [
              -75.55897325277328,
              39.11864486056912
            ],
            [
              -75.55893301963806,
              39.118686480739626
            ],
            [
              -75.55894374847412,
              39.11869480477373
            ],
            [
              -75.55890887975693,
              39.11873226292718
            ],
            [
              -75.55889546871185,
              39.11872393889308
            ],
            [
              -75.55885255336761,
              39.118771802089164
            ]
          ]
        ]
      },
      "properties": {
        "type": "building",
        "height": 3.0,
        "extrude": "true",
        "iso_3166_2": "US-DE",
        "min_height": 0.0,
        "iso_3166_1": "US",
        "underground": "false"
      }
    },
    {
      "type": "Feature",
      "id": 938070288403585,
      "geometry": {
        "type": "Polygon",
        "coordinates": [
          [
            [
              -75.56045114994049,
              39.116224647654235
            ],
            [
              -75.56045114994049,
              39.11616846042405
            ],
            [
              -75.56049942970276,
              39.11616846042405
            ],
            [
              -75.56049942970276,
              39.116133083279124
            ],
            [
              -75.56063890457153,
              39.11613516428765
            ],
            [
              -75.56063890457153,
              39.1161892705093
            ],
            [
              -75.5605074763298,
              39.11618718950078
            ],
            [
              -75.5605074763298,
              39.116224647654235
            ],
            [
              -75.56045114994049,
              39.116224647654235
            ]
          ]
        ]
      },
      "properties": {
        "type": "building",
        "min_height": 0.0,
        "extrude": "true",
        "height": 4.7040167,
        "iso_3166_1": "US",
        "iso_3166_2": "US-DE",
        "underground": "false"
      }
    },
    {
      "type": "Feature",
      "id": 1390759826,
      "geometry": {
        "type": "Polygon",
        "coordinates": [
          [
            [
              -75.55925220251083,
              39.119036090171875
            ],
            [
              -75.5590832233429,
              39.11895076882234
            ],
            [
              -75.55918782949448,
              39.11882798931935
            ],
            [
              -75.5593004822731,
              39.11888417654953
            ],
            [
              -75.55926561355591,
              39.11892371571151
            ],
            [
              -75.55922269821167,
              39.11890290562626
            ],
            [
              -75.55919855833054,
              39.118929958737084
            ],
            [
              -75.5593004822731,
              39.11897990294169
            ],
            [
              -75.55925220251083,
              39.119036090171875
            ]
          ]
        ]
      },
      "properties": {
        "type": "building",
        "height": 3.0,
        "extrude": "true",
        "iso_3166_2": "US-DE",
        "min_height": 0.0,
        "iso_3166_1": "US",
        "underground": "false"
      }
    },
    {
      "type": "Feature",
      "id": 1206643911284815,
      "geometry": {
        "type": "Polygon",
        "coordinates": [
          [
            [
              -75.5560040473938,
              39.11732758217263
            ],
            [
              -75.55590480566025,
              39.117292205027695
            ],
            [
              -75.55591285228729,
              39.1172755569595
            ],
            [
              -75.55586725473404,
              39.117258908891294
            ],
            [
              -75.55590212345123,
              39.11720272166111
            ],
            [
              -75.55594235658646,
              39.11721728872079
            ],
            [
              -75.55596649646759,
              39.11717566855028
            ],
            [
              -75.55607110261917,
              39.11721312670374
            ],
            [
              -75.5560040473938,
              39.11732758217263
            ]
          ]
        ]
      },
      "properties": {
        "type": "building",
        "min_height": 0.0,
        "extrude": "true",
        "height": 4.8868837,
        "iso_3166_1": "US",
        "iso_3166_2": "US-DE",
        "underground": "false"
      }
    },
    {
      "type": "Feature",
      "id": 2497646138664025,
      "geometry": {
        "type": "Polygon",
        "coordinates": [
          [
            [
              -75.55850118398666,
              39.117082023166645
            ],
            [
              -75.55850118398666,
              39.11704456501319
            ],
            [
              -75.55845826864243,
              39.11704456501319
            ],
            [
              -75.55845826864243,
              39.11696964870628
            ],
            [
              -75.55861115455627,
              39.11696964870628
            ],
            [
              -75.55861115455627,
              39.11704248400466
            ],
            [
              -75.55855482816696,
              39.11704248400466
            ],
            [
              -75.55855482816696,
              39.117082023166645
            ],
            [
              -75.55850118398666,
              39.117082023166645
            ]
          ]
        ]
      },
      "properties": {
        "type": "building",
        "min_height": 0.0,
        "height": 3.0,
        "extrude": "true",
        "iso_3166_1": "US",
        "iso_3166_2": "US-DE",
        "underground": "false"
      }
    },
    {
      "type": "Feature",
      "id": 96160245644805,
      "geometry": {
        "type": "Polygon",
        "coordinates": [
          [
            [
              -75.55673629045486,
              39.11927748716081
            ],
            [
              -75.55665850639343,
              39.119242110015875
            ],
            [
              -75.55669337511063,
              39.11919632782832
            ],
            [
              -75.5566880106926,
              39.119194246819795
            ],
            [
              -75.55673360824585,
              39.119135978581085
            ],
            [
              -75.55689185857773,
              39.11920881387947
            ],
            [
              -75.55684626102448,
              39.1192691631267
            ],
            [
              -75.55676847696304,
              39.11923378598178
            ],
            [
              -75.55673629045486,
              39.11927748716081
            ]
          ]
        ]
      },
      "properties": {
        "type": "building",
        "min_height": 0.0,
        "extrude": "true",
        "height": 4.403226,
        "iso_3166_1": "US",
        "iso_3166_2": "US-DE",
        "underground": "false"
      }
    },
    {
      "type": "Feature",
      "id": 5194139826550885,
      "geometry": {
        "type": "Polygon",
        "coordinates": [
          [
            [
              -75.55489629507065,
              39.118278603068674
            ],
            [
              -75.55475950241089,
              39.11825154995785
            ],
            [
              -75.55478096008301,
              39.11818495768504
            ],
            [
              -75.5547085404396,
              39.11817039062536
            ],
            [
              -75.55473536252975,
              39.11808715028435
            ],
            [
              -75.55483192205429,
              39.118105879361075
            ],
            [
              -75.55482119321823,
              39.11813917549748
            ],
            [
              -75.55493384599686,
              39.11816206659126
            ],
            [
              -75.55489629507065,
              39.118278603068674
            ]
          ]
        ]
      },
      "properties": {
        "type": "building",
        "min_height": 0.0,
        "extrude": "true",
        "height": 5.9727798,
        "iso_3166_1": "US",
        "iso_3166_2": "US-DE",
        "underground": "false"
      }
    },
    {
      "type": "Feature",
      "id": 4202241154652015,
      "geometry": {
        "type": "Polygon",
        "coordinates": [
          [
            [
              -75.55507332086563,
              39.11831606122213
            ],
            [
              -75.55503576993942,
              39.11823698289817
            ],
            [
              -75.55512696504593,
              39.118212010795865
            ],
            [
              -75.55509477853775,
              39.11814125650601
            ],
            [
              -75.55524230003357,
              39.118101717344025
            ],
            [
              -75.55529057979584,
              39.118207848778816
            ],
            [
              -75.55522084236145,
              39.11822865886407
            ],
            [
              -75.55523961782455,
              39.118270279034576
            ],
            [
              -75.55507332086563,
              39.11831606122213
            ]
          ]
        ]
      },
      "properties": {
        "type": "building",
        "min_height": 0.0,
        "extrude": "true",
        "height": 5.2211485,
        "iso_3166_1": "US",
        "iso_3166_2": "US-DE",
        "underground": "false"
      }
    },
    {
      "type": "Feature",
      "id": 1423595398401675,
      "geometry": {
        "type": "Polygon",
        "coordinates": [
          [
            [
              -75.5585440993309,
              39.1178936164915
            ],
            [
              -75.55842876434326,
              39.117851996320994
            ],
            [
              -75.55846095085144,
              39.117799971107864
            ],
            [
              -75.55848509073257,
              39.11780829514196
            ],
            [
              -75.5585253238678,
              39.11774378387768
            ],
            [
              -75.55857360363007,
              39.11776043194588
            ],
            [
              -75.55855214595795,
              39.11779789009934
            ],
            [
              -75.55859237909317,
              39.11781245715901
            ],
            [
              -75.5585440993309,
              39.1178936164915
            ]
          ]
        ]
      },
      "properties": {
        "type": "building",
        "min_height": 0.0,
        "extrude": "true",
        "height": 4.511151,
        "iso_3166_1": "US",
        "iso_3166_2": "US-DE",
        "underground": "false"
      }
    },
    {
      "type": "Feature",
      "id": 4509716322236935,
      "geometry": {
        "type": "Polygon",
        "coordinates": [
          [
            [
              -75.55987447500229,
              39.11970825592554
            ],
            [
              -75.55983424186707,
              39.11968536483176
            ],
            [
              -75.55982083082199,
              39.11969993189143
            ],
            [
              -75.55973768234253,
              39.11965206869535
            ],
            [
              -75.55979937314987,
              39.11958963843959
            ],
            [
              -75.55987983942032,
              39.11963542062715
            ],
            [
              -75.55986374616623,
              39.11964998768683
            ],
            [
              -75.55990666151047,
              39.119672878780605
            ],
            [
              -75.55987447500229,
              39.11970825592554
            ]
          ]
        ]
      },
      "properties": {
        "type": "building",
        "min_height": 0.0,
        "height": 3.0,
        "extrude": "true",
        "iso_3166_1": "US",
        "iso_3166_2": "US-DE",
        "underground": "false"
      }
    },
    {
      "type": "Feature",
      "id": 1028193802243885,
      "geometry": {
        "type": "Polygon",
        "coordinates": [
          [
            [
              -75.55972963571548,
              39.120908997844616
            ],
            [
              -75.55965185165405,
              39.12086737767411
            ],
            [
              -75.55962234735489,
              39.12090067381052
            ],
            [
              -75.55955797433853,
              39.120865296665585
            ],
            [
              -75.5596062541008,
              39.120809109435406
            ],
            [
              -75.55962771177292,
              39.120821595486554
            ],
            [
              -75.55967062711716,
              39.12077165128195
            ],
            [
              -75.55979400873184,
              39.12083616254623
            ],
            [
              -75.55972963571548,
              39.120908997844616
            ]
          ]
        ]
      },
      "properties": {
        "type": "building",
        "min_height": 0.0,
        "extrude": "true",
        "height": 4.0587845,
        "iso_3166_1": "US",
        "iso_3166_2": "US-DE",
        "underground": "false"
      }
    },
    {
      "type": "Feature",
      "id": 2205582739545495,
      "geometry": {
        "type": "Polygon",
        "coordinates": [
          [
            [
              -75.55537641048431,
              39.11668038852127
            ],
            [
              -75.55527180433273,
              39.11664293036781
            ],
            [
              -75.55528253316879,
              39.11662420129109
            ],
            [
              -75.55523157119751,
              39.116607553222885
            ],
            [
              -75.55524498224258,
              39.11658258112058
            ],
            [
              -75.55519670248032,
              39.11656593305238
            ],
            [
              -75.5552288889885,
              39.116511826830724
            ],
            [
              -75.55543273687363,
              39.11658258112058
            ],
            [
              -75.55537641048431,
              39.11668038852127
            ]
          ]
        ]
      },
      "properties": {
        "type": "building",
        "min_height": 0.0,
        "extrude": "true",
        "height": 4.449696,
        "iso_3166_1": "US",
        "iso_3166_2": "US-DE",
        "underground": "false"
      }
    },
    {
      "type": "Feature",
      "id": 1305961054301545,
      "geometry": {
        "type": "Polygon",
        "coordinates": [
          [
            [
              -75.55952578783035,
              39.12020145494603
            ],
            [
              -75.55943459272385,
              39.12015359174994
            ],
            [
              -75.55944263935089,
              39.12014318670732
            ],
            [
              -75.55932730436325,
              39.12008075645156
            ],
            [
              -75.55937021970749,
              39.12003081224695
            ],
            [
              -75.55943727493286,
              39.120066189391885
            ],
            [
              -75.55945873260498,
              39.120041217289575
            ],
            [
              -75.55960088968277,
              39.12011613359649
            ],
            [
              -75.55952578783035,
              39.12020145494603
            ]
          ]
        ]
      },
      "properties": {
        "type": "building",
        "min_height": 0.0,
        "extrude": "true",
        "height": 4.2501264,
        "iso_3166_1": "US",
        "iso_3166_2": "US-DE",
        "underground": "false"
      }
    },
    {
      "type": "Feature",
      "id": 2246447844015695,
      "geometry": {
        "type": "Polygon",
        "coordinates": [
          [
            [
              -75.55971086025238,
              39.12044701395201
            ],
            [
              -75.55961430072784,
              39.1204053937815
            ],
            [
              -75.55965453386307,
              39.12035336856837
            ],
            [
              -75.55961966514587,
              39.12033672050017
            ],
            [
              -75.5596786737442,
              39.120257642176206
            ],
            [
              -75.55977791547775,
              39.12030342436376
            ],
            [
              -75.55971622467041,
              39.120386664704775
            ],
            [
              -75.55974572896957,
              39.12039915075592
            ],
            [
              -75.55971086025238,
              39.12044701395201
            ]
          ]
        ]
      },
      "properties": {
        "type": "building",
        "min_height": 0.0,
        "height": 3.0,
        "extrude": "true",
        "iso_3166_1": "US",
        "iso_3166_2": "US-DE",
        "underground": "false"
      }
    },
    {
      "type": "Feature",
      "id": 4386592708807335,
      "geometry": {
        "type": "Polygon",
        "coordinates": [
          [
            [
              -75.56039214134216,
              39.119739471053414
            ],
            [
              -75.5602553486824,
              39.119677040797654
            ],
            [
              -75.56030094623566,
              39.11961877255895
            ],
            [
              -75.56033581495285,
              39.11963542062715
            ],
            [
              -75.56037604808807,
              39.11958339541402
            ],
            [
              -75.56042969226837,
              39.11960836751632
            ],
            [
              -75.56045651435852,
              39.119572990371395
            ],
            [
              -75.56050211191177,
              39.11959380045665
            ],
            [
              -75.56039214134216,
              39.119739471053414
            ]
          ]
        ]
      },
      "properties": {
        "type": "building",
        "min_height": 0.0,
        "extrude": "true",
        "height": 3.6914139,
        "iso_3166_1": "US",
        "iso_3166_2": "US-DE",
        "underground": "false"
      }
    },
    {
      "type": "Feature",
      "id": 1521710209986465,
      "geometry": {
        "type": "Polygon",
        "coordinates": [
          [
            [
              -75.56051552295685,
              39.1204220418497
            ],
            [
              -75.56044578552246,
              39.1203804216792
            ],
            [
              -75.56042969226837,
              39.1203970697474
            ],
            [
              -75.56035190820694,
              39.12035128755984
            ],
            [
              -75.56042701005936,
              39.12027429024441
            ],
            [
              -75.56053698062897,
              39.120338801508694
            ],
            [
              -75.56051552295685,
              39.12036169260247
            ],
            [
              -75.56055307388306,
              39.120382502687725
            ],
            [
              -75.56051552295685,
              39.1204220418497
            ]
          ]
        ]
      },
      "properties": {
        "type": "building",
        "min_height": 0.0,
        "extrude": "true",
        "height": 3.525264,
        "iso_3166_1": "US",
        "iso_3166_2": "US-DE",
        "underground": "false"
      }
    },
    {
      "type": "Feature",
      "id": 3365973018351375,
      "geometry": {
        "type": "Polygon",
        "coordinates": [
          [
            [
              -75.5588847398758,
              39.11801431498596
            ],
            [
              -75.55875062942505,
              39.11797477582399
            ],
            [
              -75.55878281593323,
              39.1179019405256
            ],
            [
              -75.55883377790451,
              39.11791650758528
            ],
            [
              -75.55885791778564,
              39.11786656338067
            ],
            [
              -75.55897861719131,
              39.1179019405256
            ],
            [
              -75.5589571595192,
              39.11795188473021
            ],
            [
              -75.55891960859299,
              39.11794147968758
            ],
            [
              -75.5588847398758,
              39.11801431498596
            ]
          ]
        ]
      },
      "properties": {
        "type": "building",
        "min_height": 0.0,
        "extrude": "true",
        "height": 3.7717662,
        "iso_3166_1": "US",
        "iso_3166_2": "US-DE",
        "underground": "false"
      }
    },
    {
      "type": "Feature",
      "id": 915923183309535,
      "geometry": {
        "type": "Polygon",
        "coordinates": [
          [
            [
              -75.55617034435272,
              39.11819328171914
            ],
            [
              -75.55598258972168,
              39.11817247163388
            ],
            [
              -75.55599600076675,
              39.11809547431845
            ],
            [
              -75.55604696273804,
              39.118101717344025
            ],
            [
              -75.55605500936508,
              39.11805593515647
            ],
            [
              -75.55616497993469,
              39.118068421207624
            ],
            [
              -75.55615425109863,
              39.11812668944633
            ],
            [
              -75.5561837553978,
              39.11812877045485
            ],
            [
              -75.55617034435272,
              39.11819328171914
            ]
          ]
        ]
      },
      "properties": {
        "type": "building",
        "min_height": 0.0,
        "extrude": "true",
        "height": 5.989864,
        "iso_3166_1": "US",
        "iso_3166_2": "US-DE",
        "underground": "false"
      }
    },
    {
      "type": "Feature",
      "id": 2614490984830775,
      "geometry": {
        "type": "Polygon",
        "coordinates": [
          [
            [
              -75.56118339300156,
              39.117321339147054
            ],
            [
              -75.56109219789505,
              39.11726931393392
            ],
            [
              -75.56113511323929,
              39.11722353174636
            ],
            [
              -75.56106269359589,
              39.11718399258438
            ],
            [
              -75.56109488010406,
              39.11715069644798
            ],
            [
              -75.56129336357117,
              39.11726307090834
            ],
            [
              -75.5612450838089,
              39.11731509612147
            ],
            [
              -75.5612102150917,
              39.11729428603622
            ],
            [
              -75.56118339300156,
              39.117321339147054
            ]
          ]
        ]
      },
      "properties": {
        "type": "building",
        "min_height": 0.0,
        "height": 3.0,
        "extrude": "true",
        "iso_3166_1": "US",
        "iso_3166_2": "US-DE",
        "underground": "false"
      }
    },
    {
      "type": "Feature",
      "id": 4345541329304015,
      "geometry": {
        "type": "Polygon",
        "coordinates": [
          [
            [
              -75.55591285228729,
              39.119102682444684
            ],
            [
              -75.55566608905792,
              39.11906730529975
            ],
            [
              -75.555679500103,
              39.11901111806957
            ],
            [
              -75.55578142404556,
              39.119025685129245
            ],
            [
              -75.55578678846359,
              39.11899863201842
            ],
            [
              -75.55585384368896,
              39.11900903706105
            ],
            [
              -75.555859208107,
              39.11899030798432
            ],
            [
              -75.55593699216843,
              39.11900279403547
            ],
            [
              -75.55591285228729,
              39.119102682444684
            ]
          ]
        ]
      },
      "properties": {
        "type": "building",
        "min_height": 0.0,
        "extrude": "true",
        "height": 4.045506,
        "iso_3166_1": "US",
        "iso_3166_2": "US-DE",
        "underground": "false"
      }
    },
    {
      "type": "Feature",
      "id": 3150043590513075,
      "geometry": {
        "type": "Polygon",
        "coordinates": [
          [
            [
              -75.55410236120224,
              39.120180644860774
            ],
            [
              -75.55401384830475,
              39.12013070065616
            ],
            [
              -75.55403262376785,
              39.12011197157944
            ],
            [
              -75.55388242006302,
              39.1200266502299
            ],
            [
              -75.55391997098923,
              39.11998711106792
            ],
            [
              -75.55394947528839,
              39.120003759136125
            ],
            [
              -75.55397361516953,
              39.11997878703382
            ],
            [
              -75.55418014526367,
              39.12009740451976
            ],
            [
              -75.55410236120224,
              39.120180644860774
            ]
          ]
        ]
      },
      "properties": {
        "type": "building",
        "min_height": 0.0,
        "extrude": "true",
        "height": 3.7147598,
        "iso_3166_1": "US",
        "iso_3166_2": "US-DE",
        "underground": "false"
      }
    },
    {
      "type": "Feature",
      "id": 378319759000275,
      "geometry": {
        "type": "Polygon",
        "coordinates": [
          [
            [
              -75.55515378713608,
              39.120213940997175
            ],
            [
              -75.55505454540253,
              39.1201993739375
            ],
            [
              -75.55508404970169,
              39.12007659443451
            ],
            [
              -75.55501699447632,
              39.120066189391885
            ],
            [
              -75.55503308773041,
              39.11999543510202
            ],
            [
              -75.55514305830002,
              39.1200100021617
            ],
            [
              -75.55513501167297,
              39.120041217289575
            ],
            [
              -75.55519133806229,
              39.12004954132368
            ],
            [
              -75.55515378713608,
              39.120213940997175
            ]
          ]
        ]
      },
      "properties": {
        "type": "building",
        "min_height": 0.0,
        "extrude": "true",
        "height": 6.2130866,
        "iso_3166_1": "US",
        "iso_3166_2": "US-DE",
        "underground": "false"
      }
    },
    {
      "type": "Feature",
      "id": 4465446583290545,
      "geometry": {
        "type": "Polygon",
        "coordinates": [
          [
            [
              -75.55543810129166,
              39.117240179814566
            ],
            [
              -75.5553737282753,
              39.11721936972931
            ],
            [
              -75.55540591478348,
              39.11715902048208
            ],
            [
              -75.55526912212372,
              39.11711323829452
            ],
            [
              -75.55531203746796,
              39.117034159970565
            ],
            [
              -75.55540055036545,
              39.11706329408992
            ],
            [
              -75.55541932582855,
              39.11703207896204
            ],
            [
              -75.55553197860718,
              39.11706953711549
            ],
            [
              -75.55543810129166,
              39.117240179814566
            ]
          ]
        ]
      },
      "properties": {
        "type": "building",
        "min_height": 0.0,
        "extrude": "true",
        "height": 5.0689588,
        "iso_3166_1": "US",
        "iso_3166_2": "US-DE",
        "underground": "false"
      }
    },
    {
      "type": "Feature",
      "id": 20609591886815,
      "geometry": {
        "type": "Polygon",
        "coordinates": [
          [
            [
              -75.56045651435852,
              39.11788321144888
            ],
            [
              -75.56040823459625,
              39.11785823934657
            ],
            [
              -75.56038945913315,
              39.11787904943182
            ],
            [
              -75.56030631065369,
              39.117837429261314
            ],
            [
              -75.56033849716187,
              39.11779789009934
            ],
            [
              -75.56029826402664,
              39.117777080014086
            ],
            [
              -75.5603277683258,
              39.11773962186063
            ],
            [
              -75.56050479412079,
              39.11782702421869
            ],
            [
              -75.56045651435852,
              39.11788321144888
            ]
          ]
        ]
      },
      "properties": {
        "type": "building",
        "min_height": 0.0,
        "extrude": "true",
        "height": 3.8939338,
        "iso_3166_1": "US",
        "iso_3166_2": "US-DE",
        "underground": "false"
      }
    },
    {
      "type": "Feature",
      "id": 3550849343768875,
      "geometry": {
        "type": "Polygon",
        "coordinates": [
          [
            [
              -75.55338084697723,
              39.12031799142344
            ],
            [
              -75.55329501628876,
              39.120276371252935
            ],
            [
              -75.55335134267807,
              39.12020561696308
            ],
            [
              -75.55322796106339,
              39.120147348724366
            ],
            [
              -75.55326014757156,
              39.120107809562384
            ],
            [
              -75.55338621139526,
              39.120166077801095
            ],
            [
              -75.55341571569443,
              39.12012861964764
            ],
            [
              -75.55349886417389,
              39.120170239818144
            ],
            [
              -75.55338084697723,
              39.12031799142344
            ]
          ]
        ]
      },
      "properties": {
        "type": "building",
        "min_height": 0.0,
        "extrude": "true",
        "height": 3.7568984,
        "iso_3166_1": "US",
        "iso_3166_2": "US-DE",
        "underground": "false"
      }
    },
    {
      "type": "Feature",
      "id": 582216017571105,
      "geometry": {
        "type": "Polygon",
        "coordinates": [
          [
            [
              -75.55626153945923,
              39.1174566047012
            ],
            [
              -75.55622935295105,
              39.117446199658566
            ],
            [
              -75.55625081062317,
              39.117412903522165
            ],
            [
              -75.55611401796341,
              39.11736295931755
            ],
            [
              -75.55618643760681,
              39.117240179814566
            ],
            [
              -75.55639833211899,
              39.11731509612147
            ],
            [
              -75.55632591247559,
              39.11743787562447
            ],
            [
              -75.55628031492233,
              39.11742330856479
            ],
            [
              -75.55626153945923,
              39.1174566047012
            ]
          ]
        ]
      },
      "properties": {
        "type": "building",
        "min_height": 0.0,
        "extrude": "true",
        "height": 5.5426316,
        "iso_3166_1": "US",
        "iso_3166_2": "US-DE",
        "underground": "false"
      }
    },
    {
      "type": "Feature",
      "id": 5428046189927295,
      "geometry": {
        "type": "Polygon",
        "coordinates": [
          [
            [
              -75.55892497301102,
              39.1163619942169
            ],
            [
              -75.558922290802,
              39.11616846042405
            ],
            [
              -75.55901616811752,
              39.11616846042405
            ],
            [
              -75.55901616811752,
              39.11619967555193
            ],
            [
              -75.55906176567078,
              39.11619967555193
            ],
            [
              -75.55906176567078,
              39.11628499690146
            ],
            [
              -75.55901885032654,
              39.11628499690146
            ],
            [
              -75.55902153253555,
              39.11635991320838
            ],
            [
              -75.55892497301102,
              39.1163619942169
            ]
          ]
        ]
      },
      "properties": {
        "type": "building",
        "min_height": 0.0,
        "extrude": "true",
        "height": 6.8485765,
        "iso_3166_1": "US",
        "iso_3166_2": "US-DE",
        "underground": "false"
      }
    },
    {
      "type": "Feature",
      "id": 16187350542725,
      "geometry": {
        "type": "Polygon",
        "coordinates": [
          [
            [
              -75.55567413568497,
              39.119739471053414
            ],
            [
              -75.55555880069733,
              39.11972282298521
            ],
            [
              -75.55556684732437,
              39.119691607857334
            ],
            [
              -75.55551588535309,
              39.11968536483176
            ],
            [
              -75.55552661418915,
              39.11964582566978
            ],
            [
              -75.55549174547195,
              39.11964166365273
            ],
            [
              -75.55550247430801,
              39.11959380045665
            ],
            [
              -75.55570363998413,
              39.119625015584525
            ],
            [
              -75.55567413568497,
              39.119739471053414
            ]
          ]
        ]
      },
      "properties": {
        "type": "building",
        "min_height": 0.0,
        "extrude": "true",
        "height": 3.1044097,
        "iso_3166_1": "US",
        "iso_3166_2": "US-DE",
        "underground": "false"
      }
    },
    {
      "type": "Feature",
      "id": 5364059270299785,
      "geometry": {
        "type": "Polygon",
        "coordinates": [
          [
            [
              -75.55299460887909,
              39.11949391204743
            ],
            [
              -75.55306702852249,
              39.11942315775757
            ],
            [
              -75.55306702852249,
              39.11942322488688
            ],
            [
              -75.55307775735855,
              39.11941275271495
            ],
            [
              -75.55315285921097,
              39.11946061591103
            ],
            [
              -75.55319309234619,
              39.11942107674905
            ],
            [
              -75.55328160524368,
              39.11947726397923
            ],
            [
              -75.5531394481659,
              39.11961252953337
            ],
            [
              -75.55306702852249,
              39.11956655816322
            ],
            [
              -75.55306702852249,
              39.119566747345814
            ],
            [
              -75.5530509352684,
              39.11955634230319
            ],
            [
              -75.55306702852249,
              39.11953969423499
            ],
            [
              -75.55299460887909,
              39.11949391204743
            ]
          ]
        ]
      },
      "properties": {
        "type": "building",
        "min_height": 0.0,
        "extrude": "true",
        "height": 8.589478,
        "iso_3166_1": "US",
        "iso_3166_2": "US-DE",
        "underground": "false"
      }
    },
    {
      "type": "Feature",
      "id": 2157623302819605,
      "geometry": {
        "type": "Polygon",
        "coordinates": [
          [
            [
              -75.55796474218369,
              39.11677819592195
            ],
            [
              -75.55796474218369,
              39.11658258112058
            ],
            [
              -75.55808275938034,
              39.11658466212911
            ],
            [
              -75.55808275938034,
              39.11663044431666
            ],
            [
              -75.55806934833527,
              39.11662836330814
            ],
            [
              -75.55806666612625,
              39.116707441632094
            ],
            [
              -75.55813640356064,
              39.116707441632094
            ],
            [
              -75.55813640356064,
              39.11677819592195
            ],
            [
              -75.55796474218369,
              39.11677819592195
            ]
          ]
        ]
      },
      "properties": {
        "type": "building",
        "min_height": 0.0,
        "extrude": "true",
        "height": 3.7862744,
        "iso_3166_1": "US",
        "iso_3166_2": "US-DE",
        "underground": "false"
      }
    },
    {
      "type": "Feature",
      "id": 87029926036125,
      "geometry": {
        "type": "Polygon",
        "coordinates": [
          [
            [
              -75.55297315120697,
              39.11764805748552
            ],
            [
              -75.55296510457993,
              39.117675110596345
            ],
            [
              -75.55305898189545,
              39.11769383967307
            ],
            [
              -75.55304557085037,
              39.11773129782653
            ],
            [
              -75.55300533771515,
              39.117722973792425
            ],
            [
              -75.55298388004303,
              39.117781242031135
            ],
            [
              -75.55287659168243,
              39.11775835093736
            ],
            [
              -75.55291682481766,
              39.117637652442895
            ],
            [
              -75.55297315120697,
              39.11764805748552
            ]
          ]
        ]
      },
      "properties": {
        "type": "building",
        "min_height": 0.0,
        "height": 3.0,
        "extrude": "true",
        "iso_3166_1": "US",
        "iso_3166_2": "US-DE",
        "underground": "false"
      }
    },
    {
      "type": "Feature",
      "id": 3270376588661835,
      "geometry": {
        "type": "Polygon",
        "coordinates": [
          [
            [
              -75.55806934833527,
              39.119396104646746
            ],
            [
              -75.5579861998558,
              39.11935448447624
            ],
            [
              -75.55803716182709,
              39.11929205422048
            ],
            [
              -75.55795669555664,
              39.119250434049974
            ],
            [
              -75.55792987346649,
              39.11928373018638
            ],
            [
              -75.55788159370422,
              39.119260839092604
            ],
            [
              -75.55799961090088,
              39.11911933051288
            ],
            [
              -75.55821150541306,
              39.11922546194767
            ],
            [
              -75.55806934833527,
              39.119396104646746
            ]
          ]
        ]
      },
      "properties": {
        "type": "building",
        "min_height": 0.0,
        "extrude": "true",
        "height": 6.173554,
        "iso_3166_1": "US",
        "iso_3166_2": "US-DE",
        "underground": "false"
      }
    },
    {
      "type": "Feature",
      "id": 231252281362345,
      "geometry": {
        "type": "Polygon",
        "coordinates": [
          [
            [
              -75.5564358830452,
              39.11711740031157
            ],
            [
              -75.55626153945923,
              39.11705913207287
            ],
            [
              -75.55629372596741,
              39.11700294484268
            ],
            [
              -75.55633664131165,
              39.11701751190236
            ],
            [
              -75.55640906095505,
              39.11688432735674
            ],
            [
              -75.55650025606155,
              39.11691554248462
            ],
            [
              -75.55642515420914,
              39.11705080803877
            ],
            [
              -75.55646538734436,
              39.11706537509844
            ],
            [
              -75.5564358830452,
              39.11711740031157
            ]
          ]
        ]
      },
      "properties": {
        "type": "building",
        "min_height": 0.0,
        "extrude": "true",
        "height": 5.391883,
        "iso_3166_1": "US",
        "iso_3166_2": "US-DE",
        "underground": "false"
      }
    },
    {
      "type": "Feature",
      "id": 4184077855706385,
      "geometry": {
        "type": "Polygon",
        "coordinates": [
          [
            [
              -75.55719494819641,
              39.11684062617771
            ],
            [
              -75.55691331624985,
              39.11679276298163
            ],
            [
              -75.55692136287689,
              39.116765709870805
            ],
            [
              -75.55676579475403,
              39.11673865675998
            ],
            [
              -75.55678457021713,
              39.11667206448717
            ],
            [
              -75.55698841810226,
              39.116707441632094
            ],
            [
              -75.55698037147522,
              39.11673865675998
            ],
            [
              -75.55721372365952,
              39.11677819592195
            ],
            [
              -75.55719494819641,
              39.11684062617771
            ]
          ]
        ]
      },
      "properties": {
        "type": "building",
        "min_height": 0.0,
        "extrude": "true",
        "height": 5.0550146,
        "iso_3166_1": "US",
        "iso_3166_2": "US-DE",
        "underground": "false"
      }
    },
    {
      "type": "Feature",
      "id": 4944879087055225,
      "geometry": {
        "type": "Polygon",
        "coordinates": [
          [
            [
              -75.55393606424332,
              39.11846381282742
            ],
            [
              -75.55379658937454,
              39.118451326776274
            ],
            [
              -75.55380195379257,
              39.11840762559724
            ],
            [
              -75.55377781391144,
              39.11840554458872
            ],
            [
              -75.55378317832947,
              39.11835976240116
            ],
            [
              -75.55382341146469,
              39.11836392441821
            ],
            [
              -75.55382877588272,
              39.118330628281804
            ],
            [
              -75.5539146065712,
              39.11833895231591
            ],
            [
              -75.55390924215317,
              39.118380572486416
            ],
            [
              -75.55394947528839,
              39.118384734503465
            ],
            [
              -75.55393606424332,
              39.11846381282742
            ]
          ]
        ]
      },
      "properties": {
        "type": "building",
        "min_height": 0.0,
        "extrude": "true",
        "height": 5.223214,
        "iso_3166_1": "US",
        "iso_3166_2": "US-DE",
        "underground": "false"
      }
    },
    {
      "type": "Feature",
      "id": 5393967090641025,
      "geometry": {
        "type": "Polygon",
        "coordinates": [
          [
            [
              -75.55814981460571,
              39.118925796720035
            ],
            [
              -75.55801838636398,
              39.11885504243018
            ],
            [
              -75.55805057287216,
              39.118819665285244
            ],
            [
              -75.55800497531891,
              39.11879469318294
            ],
            [
              -75.55802643299103,
              39.11876972108064
            ],
            [
              -75.55814445018768,
              39.11883423234492
            ],
            [
              -75.5581659078598,
              39.118811341251146
            ],
            [
              -75.55807739496231,
              39.118763478055065
            ],
            [
              -75.55812031030655,
              39.118715614858985
            ],
            [
              -75.55826514959335,
              39.118796774191466
            ],
            [
              -75.55814981460571,
              39.118925796720035
            ]
          ]
        ]
      },
      "properties": {
        "type": "building",
        "min_height": 0.0,
        "extrude": "true",
        "height": 5.347334,
        "iso_3166_1": "US",
        "iso_3166_2": "US-DE",
        "underground": "false"
      }
    },
    {
      "type": "Feature",
      "id": 2502339789295495,
      "geometry": {
        "type": "Polygon",
        "coordinates": [
          [
            [
              -75.55365711450577,
              39.11902360412072
            ],
            [
              -75.55352568626404,
              39.11899863201842
            ],
            [
              -75.55353909730911,
              39.11895076882234
            ],
            [
              -75.55359810590744,
              39.11896117386496
            ],
            [
              -75.55361956357956,
              39.1188904195751
            ],
            [
              -75.55371880531311,
              39.11890914865183
            ],
            [
              -75.55370539426804,
              39.11894660680529
            ],
            [
              -75.55372148752213,
              39.11894868781381
            ],
            [
              -75.55370807647705,
              39.11899447000137
            ],
            [
              -75.55366784334183,
              39.11898614596727
            ],
            [
              -75.55365711450577,
              39.11902360412072
            ]
          ]
        ]
      },
      "properties": {
        "type": "building",
        "min_height": 0.0,
        "extrude": "true",
        "height": 4.30772,
        "iso_3166_1": "US",
        "iso_3166_2": "US-DE",
        "underground": "false"
      }
    },
    {
      "type": "Feature",
      "id": 1142558202655215,
      "geometry": {
        "type": "Polygon",
        "coordinates": [
          [
            [
              -75.5533567070961,
              39.11721936972931
            ],
            [
              -75.55327087640762,
              39.117200640652584
            ],
            [
              -75.55327355861664,
              39.11719023560996
            ],
            [
              -75.55309116840363,
              39.11715069644798
            ],
            [
              -75.55310994386673,
              39.11709450921779
            ],
            [
              -75.55318504571915,
              39.117111157286
            ],
            [
              -75.55319309234619,
              39.11709242820927
            ],
            [
              -75.5532655119896,
              39.11710907627747
            ],
            [
              -75.55326014757156,
              39.11712364333715
            ],
            [
              -75.55338352918625,
              39.117148615439454
            ],
            [
              -75.5533567070961,
              39.11721936972931
            ]
          ]
        ]
      },
      "properties": {
        "type": "building",
        "min_height": 0.0,
        "extrude": "true",
        "height": 4.7777777,
        "iso_3166_1": "US",
        "iso_3166_2": "US-DE",
        "underground": "false"
      }
    },
    {
      "type": "Feature",
      "id": 4558442799559495,
      "geometry": {
        "type": "Polygon",
        "coordinates": [
          [
            [
              -75.55331915616989,
              39.11836184340969
            ],
            [
              -75.55326282978058,
              39.11835351937558
            ],
            [
              -75.55329769849777,
              39.11821409180439
            ],
            [
              -75.5533915758133,
              39.11822865886407
            ],
            [
              -75.55339962244034,
              39.11819536272766
            ],
            [
              -75.55344253778458,
              39.11820160575324
            ],
            [
              -75.55341839790344,
              39.11830149416245
            ],
            [
              -75.55345594882965,
              39.118307737188026
            ],
            [
              -75.55344253778458,
              39.11836184340969
            ],
            [
              -75.55332452058792,
              39.11834311433296
            ],
            [
              -75.55331915616989,
              39.11836184340969
            ]
          ]
        ]
      },
      "properties": {
        "type": "building",
        "min_height": 0.0,
        "extrude": "true",
        "height": 4.8182745,
        "iso_3166_1": "US",
        "iso_3166_2": "US-DE",
        "underground": "false"
      }
    },
    {
      "type": "Feature",
      "id": 3125989228931305,
      "geometry": {
        "type": "Polygon",
        "coordinates": [
          [
            [
              -75.55289000272751,
              39.12013694368174
            ],
            [
              -75.55289000272751,
              39.12013674736018
            ],
            [
              -75.55280148983002,
              39.120084918468606
            ],
            [
              -75.55289000272751,
              39.11999228939146
            ],
            [
              -75.55289000272751,
              39.11999127308497
            ],
            [
              -75.55291682481766,
              39.11996421997414
            ],
            [
              -75.55297583341599,
              39.11999751611055
            ],
            [
              -75.55301606655121,
              39.119955895940045
            ],
            [
              -75.55306702852249,
              39.1199850300594
            ],
            [
              -75.55306702852249,
              39.119985550311526
            ],
            [
              -75.5531233549118,
              39.1200183261958
            ],
            [
              -75.55306702852249,
              39.120078603684114
            ],
            [
              -75.55306702852249,
              39.12007867544303
            ],
            [
              -75.55304557085037,
              39.12010156653681
            ],
            [
              -75.55294096469879,
              39.12004329829811
            ],
            [
              -75.55291682481766,
              39.120070351408934
            ],
            [
              -75.55299460887909,
              39.12011613359649
            ],
            [
              -75.5529436469078,
              39.12016815880962
            ],
            [
              -75.55289000272751,
              39.12013694368174
            ]
          ]
        ]
      },
      "properties": {
        "type": "building",
        "min_height": 0.0,
        "extrude": "true",
        "height": 4.724673,
        "iso_3166_1": "US",
        "iso_3166_2": "US-DE",
        "underground": "false"
      }
    },
    {
      "type": "Feature",
      "id": 5628635291479415,
      "geometry": {
        "type": "Polygon",
        "coordinates": [
          [
            [
              -75.55850386619568,
              39.11860740241567
            ],
            [
              -75.55823028087616,
              39.118465893835946
            ],
            [
              -75.55828928947449,
              39.11839722055461
            ],
            [
              -75.55833756923676,
              39.118422192656915
            ],
            [
              -75.55835634469986,
              39.11840138257167
            ],
            [
              -75.5582919716835,
              39.11836808643526
            ],
            [
              -75.55834293365479,
              39.11831189920508
            ],
            [
              -75.5586165189743,
              39.1184534077848
            ],
            [
              -75.55857360363007,
              39.1185033519894
            ],
            [
              -75.55858701467514,
              39.1185116760235
            ],
            [
              -75.55850386619568,
              39.11860740241567
            ]
          ]
        ]
      },
      "properties": {
        "type": "building",
        "min_height": 0.0,
        "extrude": "true",
        "height": 3.567189,
        "iso_3166_1": "US",
        "iso_3166_2": "US-DE",
        "underground": "false"
      }
    },
    {
      "type": "Feature",
      "id": 4072942679678685,
      "geometry": {
        "type": "Polygon",
        "coordinates": [
          [
            [
              -75.55780112743378,
              39.120856972631486
            ],
            [
              -75.5576241016388,
              39.1207674892649
            ],
            [
              -75.55764019489288,
              39.12074876018817
            ],
            [
              -75.5575892329216,
              39.120721707077344
            ],
            [
              -75.5576241016388,
              39.12068216791536
            ],
            [
              -75.55765628814697,
              39.120698815983566
            ],
            [
              -75.55769383907318,
              39.120655114804535
            ],
            [
              -75.55786281824112,
              39.1207425171626
            ],
            [
              -75.557841360569,
              39.120765408256375
            ],
            [
              -75.55779844522476,
              39.1207425171626
            ],
            [
              -75.5577689409256,
              39.120775813299
            ],
            [
              -75.55783867835999,
              39.12081119044393
            ],
            [
              -75.55780112743378,
              39.120856972631486
            ]
          ]
        ]
      },
      "properties": {
        "type": "building",
        "min_height": 0.0,
        "extrude": "true",
        "height": 5.033599,
        "iso_3166_1": "US",
        "iso_3166_2": "US-DE",
        "underground": "false"
      }
    },
    {
      "type": "Feature",
      "id": 41700889356735,
      "geometry": {
        "type": "Polygon",
        "coordinates": [
          [
            [
              -75.55910736322403,
              39.11953761322646
            ],
            [
              -75.55903494358063,
              39.11950431709006
            ],
            [
              -75.55903226137161,
              39.11950847910711
            ],
            [
              -75.55891692638397,
              39.11945437288545
            ],
            [
              -75.55897861719131,
              39.11937321355297
            ],
            [
              -75.55900007486343,
              39.11938361859559
            ],
            [
              -75.55902421474457,
              39.11935032245919
            ],
            [
              -75.55907249450684,
              39.119371132544444
            ],
            [
              -75.5590832233429,
              39.119356565484765
            ],
            [
              -75.55914491415024,
              39.119385699604116
            ],
            [
              -75.55911272764206,
              39.11942731977462
            ],
            [
              -75.5591368675232,
              39.11943980582578
            ],
            [
              -75.55911272764206,
              39.119471020953654
            ],
            [
              -75.55914759635925,
              39.11948766902186
            ],
            [
              -75.55910736322403,
              39.11953761322646
            ]
          ]
        ]
      },
      "properties": {
        "type": "building",
        "min_height": 0.0,
        "extrude": "true",
        "height": 3.7170389,
        "iso_3166_1": "US",
        "iso_3166_2": "US-DE",
        "underground": "false"
      }
    },
    {
      "type": "Feature",
      "id": 4047477985490775,
      "geometry": {
        "type": "Polygon",
        "coordinates": [
          [
            [
              -75.55680066347122,
              39.11882382730229
            ],
            [
              -75.55662900209427,
              39.11873226292718
            ],
            [
              -75.5566343665123,
              39.11872810091013
            ],
            [
              -75.55644661188126,
              39.11862821250092
            ],
            [
              -75.55654585361481,
              39.11851583804056
            ],
            [
              -75.55666655302048,
              39.11858034930484
            ],
            [
              -75.55669605731964,
              39.118547053168435
            ],
            [
              -75.5567792057991,
              39.118590754347466
            ],
            [
              -75.55687576532364,
              39.11848254190415
            ],
            [
              -75.55696696043015,
              39.118532486108755
            ],
            [
              -75.55691331624985,
              39.118594916364515
            ],
            [
              -75.5569589138031,
              39.11861780745829
            ],
            [
              -75.55693209171295,
              39.118649022586176
            ],
            [
              -75.55695623159409,
              39.11866358964585
            ],
            [
              -75.55689990520477,
              39.11872601990161
            ],
            [
              -75.55684089660645,
              39.11869480477373
            ],
            [
              -75.55681675672531,
              39.11872185788456
            ],
            [
              -75.5568677186966,
              39.118748910995386
            ],
            [
              -75.55680066347122,
              39.11882382730229
            ]
          ]
        ]
      },
      "properties": {
        "type": "building",
        "min_height": 0.0,
        "extrude": "true",
        "height": 5.6365,
        "iso_3166_1": "US",
        "iso_3166_2": "US-DE",
        "underground": "false"
      }
    },
    {
      "type": "Feature",
      "id": 4740305945538465,
      "geometry": {
        "type": "Polygon",
        "coordinates": [
          [
            [
              -75.55756509304047,
              39.11805593515647
            ],
            [
              -75.55746853351593,
              39.11802263902007
            ],
            [
              -75.55754095315933,
              39.1179019405256
            ],
            [
              -75.55754095315933,
              39.11788945447445
            ],
            [
              -75.55749535560608,
              39.11787280640625
            ],
            [
              -75.55747121572495,
              39.117910264559704
            ],
            [
              -75.55740147829056,
              39.1178852924574
            ],
            [
              -75.55741757154465,
              39.11785407732952
            ],
            [
              -75.55742025375366,
              39.117847834303944
            ],
            [
              -75.55745512247086,
              39.11778748505671
            ],
            [
              -75.55751144886017,
              39.11780829514196
            ],
            [
              -75.55752754211426,
              39.117781242031135
            ],
            [
              -75.55746853351593,
              39.11776043194588
            ],
            [
              -75.55748730897903,
              39.11773129782653
            ],
            [
              -75.55752217769623,
              39.117741702869154
            ],
            [
              -75.55754631757736,
              39.11770008269865
            ],
            [
              -75.55758118629456,
              39.1177125687498
            ],
            [
              -75.55756241083145,
              39.11774378387768
            ],
            [
              -75.55756241083145,
              39.117777080014086
            ],
            [
              -75.55759996175766,
              39.11779164707376
            ],
            [
              -75.5576241016388,
              39.117752107911784
            ],
            [
              -75.55766969919205,
              39.11776875597998
            ],
            [
              -75.55766701698303,
              39.117814538167536
            ],
            [
              -75.55770456790924,
              39.117829105227216
            ],
            [
              -75.55772334337234,
              39.117795809090815
            ],
            [
              -75.5577501654625,
              39.11779789009934
            ],
            [
              -75.55784940719604,
              39.117833267244265
            ],
            [
              -75.55773138999939,
              39.118035125071216
            ],
            [
              -75.55760264396667,
              39.11798934288366
            ],
            [
              -75.55756509304047,
              39.11805593515647
            ]
          ]
        ]
      },
      "properties": {
        "type": "building",
        "min_height": 0.0,
        "extrude": "true",
        "height": 3.972766,
        "iso_3166_1": "US",
        "iso_3166_2": "US-DE",
        "underground": "false"
      }
    },
    {
      "type": "Feature",
      "id": 2906257005916595,
      "geometry": {
        "type": "Polygon",
        "coordinates": [
          [
            [
              -75.55285781621933,
              39.118105879361075
            ],
            [
              -75.5527612566948,
              39.11808506927582
            ],
            [
              -75.55279344320297,
              39.11799350490071
            ],
            [
              -75.55289000272751,
              39.11801431498596
            ],
            [
              -75.55285781621933,
              39.118105879361075
            ]
          ]
        ]
      },
      "properties": {
        "type": "building",
        "min_height": 0.0,
        "height": 3.0,
        "extrude": "true",
        "iso_3166_1": "US",
        "iso_3166_2": "US-DE",
        "underground": "false"
      }
    },
    {
      "type": "Feature",
      "id": 1285719034583435,
      "geometry": {
        "type": "Polygon",
        "coordinates": [
          [
            [
              -75.55279344320297,
              39.118270279034576
            ],
            [
              -75.5526915192604,
              39.1182473879408
            ],
            [
              -75.55273711681366,
              39.11812877045485
            ],
            [
              -75.55280685424805,
              39.118145418523056
            ],
            [
              -75.55279344320297,
              39.118182876676514
            ],
            [
              -75.55282562971115,
              39.11818911970209
            ],
            [
              -75.55279344320297,
              39.118270279034576
            ]
          ]
        ]
      },
      "properties": {
        "type": "building",
        "min_height": 0.0,
        "height": 3.0,
        "extrude": "true",
        "iso_3166_1": "US",
        "iso_3166_2": "US-DE",
        "underground": "false"
      }
    },
    {
      "type": "Feature",
      "id": 2861929515298595,
      "geometry": {
        "type": "Polygon",
        "coordinates": [
          [
            [
              -75.55275052785873,
              39.11851791904908
            ],
            [
              -75.55269956588745,
              39.11850959501498
            ],
            [
              -75.5527076125145,
              39.1184867039212
            ],
            [
              -75.55259495973587,
              39.118465893835946
            ],
            [
              -75.55261641740799,
              39.11840138257167
            ],
            [
              -75.55277734994888,
              39.118432597699545
            ],
            [
              -75.55275052785873,
              39.11851791904908
            ]
          ]
        ]
      },
      "properties": {
        "type": "building",
        "min_height": 0.0,
        "extrude": "true",
        "height": 5.7597284,
        "iso_3166_1": "US",
        "iso_3166_2": "US-DE",
        "underground": "false"
      }
    },
    {
      "type": "Feature",
      "id": 4026531489452215,
      "geometry": {
        "type": "Polygon",
        "coordinates": [
          [
            [
              -75.55259495973587,
              39.11927748716081
            ],
            [
              -75.55253595113754,
              39.11927124413523
            ],
            [
              -75.55254936218262,
              39.11919216581127
            ],
            [
              -75.55251181125641,
              39.11918800379422
            ],
            [
              -75.55252254009247,
              39.119117249504356
            ],
            [
              -75.55268883705139,
              39.11913389757256
            ],
            [
              -75.55267542600632,
              39.119212975896524
            ],
            [
              -75.55260568857193,
              39.11920465186242
            ],
            [
              -75.55259495973587,
              39.11927748716081
            ]
          ]
        ]
      },
      "properties": {
        "type": "building",
        "min_height": 0.0,
        "extrude": "true",
        "height": 4.7283273,
        "iso_3166_1": "US",
        "iso_3166_2": "US-DE",
        "underground": "false"
      }
    },
    {
      "type": "Feature",
      "id": 5095295377454635,
      "geometry": {
        "type": "Polygon",
        "coordinates": [
          [
            [
              -75.55260568857193,
              39.11869272376521
            ],
            [
              -75.55252254009247,
              39.118676075697
            ],
            [
              -75.55255204439163,
              39.11858451132189
            ],
            [
              -75.55259764194489,
              39.11859283535599
            ],
            [
              -75.55258959531784,
              39.11861572644977
            ],
            [
              -75.55271029472351,
              39.11864069855207
            ],
            [
              -75.55269420146942,
              39.118690642756675
            ],
            [
              -75.55261105298996,
              39.11867399468848
            ],
            [
              -75.55260568857193,
              39.11869272376521
            ]
          ]
        ]
      },
      "properties": {
        "type": "building",
        "min_height": 0.0,
        "extrude": "true",
        "height": 3.9480953,
        "iso_3166_1": "US",
        "iso_3166_2": "US-DE",
        "underground": "false"
      }
    }
  ]
}